ISO-10303-21;
HEADER;
FILE_DESCRIPTION (( 'STEP AP214' ),
    '1' );
FILE_NAME ('00_마이크로 서보_혼 십자.STEP',
    '2026-04-23T09:05:42',
    ( 'db01' ),
    ( '' ),
    'SwSTEP 2.0',
    'SolidWorks 2019',
    '' );
FILE_SCHEMA (( 'AUTOMOTIVE_DESIGN' ));
ENDSEC;

DATA;
#1 = EDGE_CURVE ( 'NONE', #329, #1726, #754, .T. ) ;
#2 = ORIENTED_EDGE ( 'NONE', *, *, #407, .F. ) ;
#3 = EDGE_LOOP ( 'NONE', ( #1437, #1029 ) ) ;
#4 = LINE ( 'NONE', #549, #1250 ) ;
#5 = CIRCLE ( 'NONE', #1147, 2.399999999999999911 ) ;
#6 = AXIS2_PLACEMENT_3D ( 'NONE', #773, #1348, #660 ) ;
#7 = PLANE ( 'NONE',  #1298 ) ;
#8 = AXIS2_PLACEMENT_3D ( 'NONE', #1259, #1019, #1703 ) ;
#9 = EDGE_LOOP ( 'NONE', ( #1013, #314 ) ) ;
#10 = ORIENTED_EDGE ( 'NONE', *, *, #638, .F. ) ;
#11 = EDGE_CURVE ( 'NONE', #594, #1609, #1428, .T. ) ;
#12 = CARTESIAN_POINT ( 'NONE',  ( -1.849999999999999867, -1.500000000000000000, -8.000000000000000000 ) ) ;
#13 = VERTEX_POINT ( 'NONE', #141 ) ;
#14 = CARTESIAN_POINT ( 'NONE',  ( 1.463672932855430986E-13, -1.500000000000000000, 5.999999999999896971 ) ) ;
#15 = DIRECTION ( 'NONE',  ( 0.000000000000000000, 0.000000000000000000, 1.000000000000000000 ) ) ;
#16 = CIRCLE ( 'NONE', #765, 0.5000000000000007772 ) ;
#17 = DIRECTION ( 'NONE',  ( -1.293568601313029335E-16, 0.000000000000000000, 1.000000000000000000 ) ) ;
#18 = VERTEX_POINT ( 'NONE', #131 ) ;
#19 = EDGE_LOOP ( 'NONE', ( #1545, #1148 ) ) ;
#20 = DIRECTION ( 'NONE',  ( 3.755660839145562487E-14, -0.000000000000000000, 1.000000000000000000 ) ) ;
#21 = AXIS2_PLACEMENT_3D ( 'NONE', #1040, #1746, #120 ) ;
#22 = VERTEX_POINT ( 'NONE', #1719 ) ;
#23 = EDGE_CURVE ( 'NONE', #335, #343, #336, .T. ) ;
#24 = CARTESIAN_POINT ( 'NONE',  ( -8.000000000000000000, -1.500000000000000000, -0.5000000000000847100 ) ) ;
#25 = DIRECTION ( 'NONE',  ( 0.000000000000000000, 1.000000000000000000, 0.000000000000000000 ) ) ;
#26 = CARTESIAN_POINT ( 'NONE',  ( 0.000000000000000000, -1.500000000000000000, -7.500000000000000000 ) ) ;
#27 = CARTESIAN_POINT ( 'NONE',  ( -6.000000000000000888, 0.000000000000000000, 0.4999999999999168443 ) ) ;
#28 = AXIS2_PLACEMENT_3D ( 'NONE', #1845, #571, #264 ) ;
#29 = EDGE_LOOP ( 'NONE', ( #331, #1715, #828, #1734 ) ) ;
#30 = DIRECTION ( 'NONE',  ( 0.000000000000000000, 1.000000000000000000, 0.000000000000000000 ) ) ;
#31 = ORIENTED_EDGE ( 'NONE', *, *, #233, .T. ) ;
#32 = CARTESIAN_POINT ( 'NONE',  ( 8.000000000000000000, -1.500000000000000000, -0.4999999999999736877 ) ) ;
#33 = EDGE_CURVE ( 'NONE', #729, #1597, #523, .T. ) ;
#34 = EDGE_CURVE ( 'NONE', #1288, #1568, #309, .T. ) ;
#35 = AXIS2_PLACEMENT_3D ( 'NONE', #1376, #521, #1505 ) ;
#36 = DIRECTION ( 'NONE',  ( -1.056414357738973802E-14, 0.000000000000000000, 1.000000000000000000 ) ) ;
#37 = CARTESIAN_POINT ( 'NONE',  ( 2.101012037301616771E-14, 0.000000000000000000, -6.500000000000000888 ) ) ;
#38 = CIRCLE ( 'NONE', #306, 0.5000000000000004441 ) ;
#39 = ORIENTED_EDGE ( 'NONE', *, *, #78, .T. ) ;
#40 = CIRCLE ( 'NONE', #1005, 0.5000000000000004441 ) ;
#41 = FACE_OUTER_BOUND ( 'NONE', #1383, .T. ) ;
#42 = ORIENTED_EDGE ( 'NONE', *, *, #1508, .F. ) ;
#43 = ORIENTED_EDGE ( 'NONE', *, *, #638, .T. ) ;
#44 = DIRECTION ( 'NONE',  ( 0.000000000000000000, 0.000000000000000000, 1.000000000000000000 ) ) ;
#45 = ADVANCED_FACE ( 'NONE', ( #903 ), #1190, .F. ) ;
#46 = DIRECTION ( 'NONE',  ( 0.000000000000000000, 1.000000000000000000, 0.000000000000000000 ) ) ;
#47 = FACE_OUTER_BOUND ( 'NONE', #470, .T. ) ;
#48 = VECTOR ( 'NONE', #1273, 1000.000000000000000 ) ;
#49 = DIRECTION ( 'NONE',  ( 0.000000000000000000, 1.000000000000000000, 0.000000000000000000 ) ) ;
#50 = VERTEX_POINT ( 'NONE', #627 ) ;
#51 = CIRCLE ( 'NONE', #351, 1.849999999999999867 ) ;
#52 = EDGE_LOOP ( 'NONE', ( #878, #179 ) ) ;
#53 = CARTESIAN_POINT ( 'NONE',  ( -1.849999999999832445, 0.000000000000000000, 7.999999999999896083 ) ) ;
#54 = CARTESIAN_POINT ( 'NONE',  ( -8.000000000000000000, 0.000000000000000000, -8.391724815037804319E-14 ) ) ;
#55 = DIRECTION ( 'NONE',  ( 0.000000000000000000, 0.000000000000000000, 1.000000000000000000 ) ) ;
#56 = ADVANCED_FACE ( 'NONE', ( #1615 ), #749, .F. ) ;
#57 = DIRECTION ( 'NONE',  ( -1.000000000000000000, -0.000000000000000000, -3.621992083676481449E-15 ) ) ;
#58 = VERTEX_POINT ( 'NONE', #738 ) ;
#59 = DIRECTION ( 'NONE',  ( 0.000000000000000000, 0.000000000000000000, -1.000000000000000000 ) ) ;
#60 = DIRECTION ( 'NONE',  ( 0.000000000000000000, 1.000000000000000000, 0.000000000000000000 ) ) ;
#61 = CARTESIAN_POINT ( 'NONE',  ( 0.000000000000000000, -1.500000000000000000, -8.000000000000000000 ) ) ;
#62 = DIRECTION ( 'NONE',  ( 0.000000000000000000, 1.000000000000000000, 0.000000000000000000 ) ) ;
#63 = ORIENTED_EDGE ( 'NONE', *, *, #1451, .T. ) ;
#64 = AXIS2_PLACEMENT_3D ( 'NONE', #370, #915, #217 ) ;
#65 = EDGE_CURVE ( 'NONE', #1525, #1535, #1666, .T. ) ;
#66 = AXIS2_PLACEMENT_3D ( 'NONE', #1405, #1249, #113 ) ;
#67 = AXIS2_PLACEMENT_3D ( 'NONE', #1059, #175, #1643 ) ;
#68 = EDGE_LOOP ( 'NONE', ( #1853, #76 ) ) ;
#69 = DIRECTION ( 'NONE',  ( 0.000000000000000000, 1.000000000000000000, 0.000000000000000000 ) ) ;
#70 = DIRECTION ( 'NONE',  ( 0.000000000000000000, 1.000000000000000000, 0.000000000000000000 ) ) ;
#71 = CARTESIAN_POINT ( 'NONE',  ( 7.999999999999992895, -1.500000000000000000, 1.850000000000026956 ) ) ;
#72 = DIRECTION ( 'NONE',  ( 0.000000000000000000, 1.000000000000000000, 0.000000000000000000 ) ) ;
#73 = FACE_BOUND ( 'NONE', #52, .T. ) ;
#74 = FACE_OUTER_BOUND ( 'NONE', #375, .T. ) ;
#75 = DIRECTION ( 'NONE',  ( 0.000000000000000000, 1.000000000000000000, 0.000000000000000000 ) ) ;
#76 = ORIENTED_EDGE ( 'NONE', *, *, #611, .T. ) ;
#77 = VECTOR ( 'NONE', #1079, 1000.000000000000000 ) ;
#78 = EDGE_CURVE ( 'NONE', #1156, #91, #1547, .T. ) ;
#79 = ORIENTED_EDGE ( 'NONE', *, *, #334, .F. ) ;
#80 = ORIENTED_EDGE ( 'NONE', *, *, #1170, .T. ) ;
#81 = CARTESIAN_POINT ( 'NONE',  ( 2.971110903349122978, -1.500000000000000000, -1.849999999999990985 ) ) ;
#82 = EDGE_CURVE ( 'NONE', #200, #359, #5, .T. ) ;
#83 = CARTESIAN_POINT ( 'NONE',  ( 8.000000000000000000, -1.500000000000000000, -0.4999999999999736877 ) ) ;
#84 = DIRECTION ( 'NONE',  ( 0.000000000000000000, 1.000000000000000000, -0.000000000000000000 ) ) ;
#85 = DIRECTION ( 'NONE',  ( 0.000000000000000000, 0.000000000000000000, 1.000000000000000000 ) ) ;
#86 = CARTESIAN_POINT ( 'NONE',  ( 0.000000000000000000, -2.399999999999999911, 0.000000000000000000 ) ) ;
#87 = FACE_BOUND ( 'NONE', #1843, .T. ) ;
#88 = DIRECTION ( 'NONE',  ( 0.000000000000000000, 1.000000000000000000, 0.000000000000000000 ) ) ;
#89 = VERTEX_POINT ( 'NONE', #1172 ) ;
#90 = ORIENTED_EDGE ( 'NONE', *, *, #1067, .T. ) ;
#91 = VERTEX_POINT ( 'NONE', #27 ) ;
#92 = DIRECTION ( 'NONE',  ( 1.000000000000000000, -0.000000000000000000, 1.056414357738973802E-14 ) ) ;
#93 = DIRECTION ( 'NONE',  ( 0.000000000000000000, 1.000000000000000000, 0.000000000000000000 ) ) ;
#94 = EDGE_CURVE ( 'NONE', #1679, #91, #456, .T. ) ;
#95 = CARTESIAN_POINT ( 'NONE',  ( 8.000000000000000000, 0.000000000000000000, 2.710505431213761085E-14 ) ) ;
#96 = DIRECTION ( 'NONE',  ( 0.000000000000000000, -0.000000000000000000, 1.000000000000000000 ) ) ;
#97 = LINE ( 'NONE', #1676, #219 ) ;
#98 = VECTOR ( 'NONE', #1146, 1000.000000000000000 ) ;
#99 = VECTOR ( 'NONE', #792, 1000.000000000000000 ) ;
#100 = AXIS2_PLACEMENT_3D ( 'NONE', #291, #1139, #1712 ) ;
#101 = ORIENTED_EDGE ( 'NONE', *, *, #496, .T. ) ;
#102 = VERTEX_POINT ( 'NONE', #895 ) ;
#103 = DIRECTION ( 'NONE',  ( 0.000000000000000000, 0.000000000000000000, -1.000000000000000000 ) ) ;
#104 = AXIS2_PLACEMENT_3D ( 'NONE', #748, #36, #1759 ) ;
#105 = CARTESIAN_POINT ( 'NONE',  ( 8.000000000000000000, -1.500000000000000000, 0.5000000000000278666 ) ) ;
#106 = EDGE_CURVE ( 'NONE', #1771, #1134, #1481, .T. ) ;
#107 = DIRECTION ( 'NONE',  ( 0.000000000000000000, -0.000000000000000000, 1.000000000000000000 ) ) ;
#108 = CARTESIAN_POINT ( 'NONE',  ( 1.463672932855430986E-13, -1.500000000000000000, 6.499999999999896971 ) ) ;
#109 = CARTESIAN_POINT ( 'NONE',  ( 1.251781630447845919E-13, 0.000000000000000000, 3.499999999999896971 ) ) ;
#110 = CIRCLE ( 'NONE', #1541, 2.399999999999999911 ) ;
#111 = ORIENTED_EDGE ( 'NONE', *, *, #454, .T. ) ;
#112 = CARTESIAN_POINT ( 'NONE',  ( 6.000000000000000000, -1.500000000000000000, 4.098284211995206761E-14 ) ) ;
#113 = DIRECTION ( 'NONE',  ( 0.000000000000000000, 0.000000000000000000, 1.000000000000000000 ) ) ;
#114 = PRODUCT_DEFINITION_FORMATION_WITH_SPECIFIED_SOURCE ( 'ANY', '', #868, .NOT_KNOWN. ) ;
#115 = CARTESIAN_POINT ( 'NONE',  ( 1.463672932855430986E-13, -1.500000000000000000, 5.999999999999896971 ) ) ;
#116 = FACE_BOUND ( 'NONE', #880, .T. ) ;
#117 = ORIENTED_EDGE ( 'NONE', *, *, #558, .F. ) ;
#118 = ORIENTED_EDGE ( 'NONE', *, *, #794, .F. ) ;
#119 = CARTESIAN_POINT ( 'NONE',  ( 1.674620477717192648E-13, -1.500000000000000000, 7.499999999999895195 ) ) ;
#120 = DIRECTION ( 'NONE',  ( 0.000000000000000000, 0.000000000000000000, 1.000000000000000000 ) ) ;
#121 = CYLINDRICAL_SURFACE ( 'NONE', #788, 0.5000000000000007772 ) ;
#122 = ORIENTED_EDGE ( 'NONE', *, *, #124, .F. ) ;
#123 = VERTEX_POINT ( 'NONE', #37 ) ;
#124 = EDGE_CURVE ( 'NONE', #1159, #898, #461, .T. ) ;
#125 = CIRCLE ( 'NONE', #487, 0.5000000000000007772 ) ;
#126 = EDGE_LOOP ( 'NONE', ( #1656, #1430, #935, #1136 ) ) ;
#127 = CARTESIAN_POINT ( 'NONE',  ( 8.000000000000000000, -1.500000000000000000, 2.710505431213761085E-14 ) ) ;
#128 = CARTESIAN_POINT ( 'NONE',  ( 0.000000000000000000, -1.399999999999999689, 0.000000000000000000 ) ) ;
#129 = AXIS2_PLACEMENT_3D ( 'NONE', #156, #552, #284 ) ;
#130 = CARTESIAN_POINT ( 'NONE',  ( 7.999999999999992895, -1.500000000000000000, 1.850000000000026956 ) ) ;
#131 = CARTESIAN_POINT ( 'NONE',  ( 0.000000000000000000, 0.000000000000000000, 2.399999999999999911 ) ) ;
#132 = ORIENTED_EDGE ( 'NONE', *, *, #428, .F. ) ;
#133 = VERTEX_POINT ( 'NONE', #1760 ) ;
#134 = DIRECTION ( 'NONE',  ( 0.000000000000000000, 0.000000000000000000, 1.000000000000000000 ) ) ;
#135 = EDGE_CURVE ( 'NONE', #1739, #1328, #1336, .T. ) ;
#136 = VECTOR ( 'NONE', #675, 1000.000000000000000 ) ;
#137 = EDGE_CURVE ( 'NONE', #1816, #1212, #1627, .T. ) ;
#138 = EDGE_CURVE ( 'NONE', #904, #18, #971, .T. ) ;
#139 = CARTESIAN_POINT ( 'NONE',  ( -2.971110903349136745, 0.000000000000000000, 1.849999999999969003 ) ) ;
#140 = LINE ( 'NONE', #710, #580 ) ;
#141 = CARTESIAN_POINT ( 'NONE',  ( -8.000000000000021316, -1.500000000000000000, 1.849999999999915934 ) ) ;
#142 = AXIS2_PLACEMENT_3D ( 'NONE', #1187, #25, #174 ) ;
#143 = VERTEX_POINT ( 'NONE', #1461 ) ;
#144 = VERTEX_POINT ( 'NONE', #1479 ) ;
#145 = PLANE ( 'NONE',  #443 ) ;
#146 = SURFACE_SIDE_STYLE ('',( #1724 ) ) ;
#147 = ADVANCED_FACE ( 'NONE', ( #47 ), #914, .F. ) ;
#148 = CARTESIAN_POINT ( 'NONE',  ( -4.000000000000000888, 0.000000000000000000, -8.391724815037804319E-14 ) ) ;
#149 = ORIENTED_EDGE ( 'NONE', *, *, #1150, .F. ) ;
#150 = ORIENTED_EDGE ( 'NONE', *, *, #428, .T. ) ;
#151 = ORIENTED_EDGE ( 'NONE', *, *, #383, .T. ) ;
#152 = ORIENTED_EDGE ( 'NONE', *, *, #1201, .F. ) ;
#153 = CARTESIAN_POINT ( 'NONE',  ( 1.251169307048272117E-13, 0.000000000000000000, 4.499999999999896971 ) ) ;
#154 = FILL_AREA_STYLE ('',( #193 ) ) ;
#155 = AXIS2_PLACEMENT_3D ( 'NONE', #265, #1130, #1570 ) ;
#156 = CARTESIAN_POINT ( 'NONE',  ( 1.674008154317618846E-13, 0.000000000000000000, 7.999999999999896083 ) ) ;
#157 = EDGE_LOOP ( 'NONE', ( #151, #1261, #1646, #599, #31, #871, #1716, #1865, #1185, #80, #586, #1801, #350, #917, #1558, #1312, #1714 ) ) ;
#158 = EDGE_CURVE ( 'NONE', #1449, #335, #1634, .T. ) ;
#159 = CIRCLE ( 'NONE', #672, 0.4999999999999998890 ) ;
#160 = EDGE_LOOP ( 'NONE', ( #870, #242, #1655, #263 ) ) ;
#161 = LINE ( 'NONE', #12, #1003 ) ;
#162 = ORIENTED_EDGE ( 'NONE', *, *, #1698, .T. ) ;
#163 = DIRECTION ( 'NONE',  ( 0.000000000000000000, 1.000000000000000000, 0.000000000000000000 ) ) ;
#164 = FACE_OUTER_BOUND ( 'NONE', #1235, .T. ) ;
#165 = CARTESIAN_POINT ( 'NONE',  ( 2.971110903349122090, 0.000000000000000000, -1.849999999999990985 ) ) ;
#166 = CARTESIAN_POINT ( 'NONE',  ( -6.000000000000000888, -1.500000000000000000, -8.391724815037804319E-14 ) ) ;
#167 = AXIS2_PLACEMENT_3D ( 'NONE', #275, #989, #436 ) ;
#168 = ORIENTED_EDGE ( 'NONE', *, *, #33, .T. ) ;
#169 = CARTESIAN_POINT ( 'NONE',  ( 1.251169307048272117E-13, -1.500000000000000000, 3.999999999999896971 ) ) ;
#170 = ORIENTED_EDGE ( 'NONE', *, *, #981, .T. ) ;
#171 = PRODUCT_RELATED_PRODUCT_CATEGORY ( 'part', '', ( #868 ) ) ;
#172 = EDGE_CURVE ( 'NONE', #1226, #805, #1774, .T. ) ;
#173 = DIRECTION ( 'NONE',  ( 0.000000000000000000, 1.000000000000000000, 0.000000000000000000 ) ) ;
#174 = DIRECTION ( 'NONE',  ( 0.000000000000000000, 0.000000000000000000, 1.000000000000000000 ) ) ;
#175 = DIRECTION ( 'NONE',  ( 0.000000000000000000, 1.000000000000000000, 0.000000000000000000 ) ) ;
#176 = DIRECTION ( 'NONE',  ( 0.000000000000000000, 1.000000000000000000, 0.000000000000000000 ) ) ;
#177 = ORIENTED_EDGE ( 'NONE', *, *, #1741, .T. ) ;
#178 = LINE ( 'NONE', #1030, #1033 ) ;
#179 = ORIENTED_EDGE ( 'NONE', *, *, #1595, .T. ) ;
#180 = EDGE_CURVE ( 'NONE', #793, #1776, #348, .T. ) ;
#181 = ORIENTED_EDGE ( 'NONE', *, *, #779, .F. ) ;
#182 = CARTESIAN_POINT ( 'NONE',  ( 6.000000000000000000, 0.000000000000000000, 4.098284211995206761E-14 ) ) ;
#183 = CIRCLE ( 'NONE', #606, 3.500000000000000444 ) ;
#184 = DIRECTION ( 'NONE',  ( 0.000000000000000000, 1.000000000000000000, 0.000000000000000000 ) ) ;
#185 = CARTESIAN_POINT ( 'NONE',  ( -1.850000000000000533, -1.500000000000000000, -2.971110903349116317 ) ) ;
#186 = VECTOR ( 'NONE', #62, 1000.000000000000000 ) ;
#187 = AXIS2_PLACEMENT_3D ( 'NONE', #841, #572, #1008 ) ;
#188 = VERTEX_POINT ( 'NONE', #800 ) ;
#189 = CIRCLE ( 'NONE', #882, 0.4999999999999998890 ) ;
#190 = CARTESIAN_POINT ( 'NONE',  ( -4.000000000000000888, -1.500000000000000000, -0.5000000000000838218 ) ) ;
#191 = EDGE_LOOP ( 'NONE', ( #741, #1128 ) ) ;
#192 = ORIENTED_EDGE ( 'NONE', *, *, #1241, .F. ) ;
#193 = FILL_AREA_STYLE_COLOUR ( '', #447 ) ;
#194 = EDGE_CURVE ( 'NONE', #1210, #624, #1511, .T. ) ;
#195 = DIRECTION ( 'NONE',  ( 0.000000000000000000, 1.000000000000000000, 0.000000000000000000 ) ) ;
#196 = EDGE_CURVE ( 'NONE', #1566, #594, #1091, .T. ) ;
#197 = CARTESIAN_POINT ( 'NONE',  ( 0.000000000000000000, -4.000000000000000000, 3.500000000000000444 ) ) ;
#198 = AXIS2_PLACEMENT_3D ( 'NONE', #127, #288, #1838 ) ;
#199 = DIRECTION ( 'NONE',  ( 0.000000000000000000, 0.000000000000000000, 1.000000000000000000 ) ) ;
#200 = VERTEX_POINT ( 'NONE', #1785 ) ;
#201 = AXIS2_PLACEMENT_3D ( 'NONE', #1765, #1742, #15 ) ;
#202 = DIRECTION ( 'NONE',  ( 0.000000000000000000, 0.000000000000000000, 1.000000000000000000 ) ) ;
#203 = PRODUCT_DEFINITION_SHAPE ( 'NONE', 'NONE',  #1369 ) ;
#204 = DIRECTION ( 'NONE',  ( 0.000000000000000000, -1.000000000000000000, 0.000000000000000000 ) ) ;
#205 = DIRECTION ( 'NONE',  ( 0.000000000000000000, 1.000000000000000000, 0.000000000000000000 ) ) ;
#206 = EDGE_CURVE ( 'NONE', #1679, #1164, #125, .T. ) ;
#207 = CARTESIAN_POINT ( 'NONE',  ( 1.674008154317618846E-13, -1.500000000000000000, 8.499999999999896971 ) ) ;
#208 = ORIENTED_EDGE ( 'NONE', *, *, #454, .F. ) ;
#209 = ORIENTED_EDGE ( 'NONE', *, *, #23, .T. ) ;
#210 = DIRECTION ( 'NONE',  ( -0.000000000000000000, -1.000000000000000000, -0.000000000000000000 ) ) ;
#211 = FACE_BOUND ( 'NONE', #562, .T. ) ;
#212 = CARTESIAN_POINT ( 'NONE',  ( 2.971110903349109655, -1.500000000000000000, 1.850000000000010081 ) ) ;
#213 = VECTOR ( 'NONE', #1044, 1000.000000000000000 ) ;
#214 = LINE ( 'NONE', #139, #1857 ) ;
#215 = CYLINDRICAL_SURFACE ( 'NONE', #262, 1.850000000000000977 ) ;
#216 = EDGE_CURVE ( 'NONE', #1014, #102, #1266, .T. ) ;
#217 = DIRECTION ( 'NONE',  ( 0.000000000000000000, 0.000000000000000000, 1.000000000000000000 ) ) ;
#218 = ORIENTED_EDGE ( 'NONE', *, *, #508, .F. ) ;
#219 = VECTOR ( 'NONE', #826, 1000.000000000000000 ) ;
#220 = AXIS2_PLACEMENT_3D ( 'NONE', #248, #974, #240 ) ;
#221 = ORIENTED_EDGE ( 'NONE', *, *, #867, .F. ) ;
#222 = EDGE_LOOP ( 'NONE', ( #697, #1678 ) ) ;
#223 = CARTESIAN_POINT ( 'NONE',  ( 2.939152317953647106E-16, -4.000000000000000000, 2.399999999999999911 ) ) ;
#224 = CARTESIAN_POINT ( 'NONE',  ( 4.189777606611760026E-14, -1.500000000000000000, -4.000000000000000000 ) ) ;
#225 = CARTESIAN_POINT ( 'NONE',  ( -7.999999999999983125, -1.500000000000000000, -1.850000000000083800 ) ) ;
#226 = PRODUCT_DEFINITION_CONTEXT ( 'detailed design', #751, 'design' ) ;
#227 = CARTESIAN_POINT ( 'NONE',  ( -6.000000000000000888, -1.500000000000000000, -8.391724815037804319E-14 ) ) ;
#228 = DIRECTION ( 'NONE',  ( 0.000000000000000000, 0.000000000000000000, 1.000000000000000000 ) ) ;
#229 = DIRECTION ( 'NONE',  ( 0.000000000000000000, 1.000000000000000000, 0.000000000000000000 ) ) ;
#230 = CARTESIAN_POINT ( 'NONE',  ( 8.000000000000000000, -1.500000000000000000, 2.710505431213761085E-14 ) ) ;
#231 = ORIENTED_EDGE ( 'NONE', *, *, #216, .T. ) ;
#232 = AXIS2_PLACEMENT_3D ( 'NONE', #814, #368, #1663 ) ;
#233 = EDGE_CURVE ( 'NONE', #563, #1225, #183, .T. ) ;
#234 = ORIENTED_EDGE ( 'NONE', *, *, #1464, .F. ) ;
#235 = VERTEX_POINT ( 'NONE', #1672 ) ;
#236 = CARTESIAN_POINT ( 'NONE',  ( 1.674620477717192648E-13, 0.000000000000000000, 7.499999999999895195 ) ) ;
#237 = DIRECTION ( 'NONE',  ( 0.000000000000000000, 0.000000000000000000, 1.000000000000000000 ) ) ;
#238 = DIRECTION ( 'NONE',  ( 0.000000000000000000, -1.000000000000000000, 0.000000000000000000 ) ) ;
#239 = DIRECTION ( 'NONE',  ( 0.000000000000000000, 0.000000000000000000, 1.000000000000000000 ) ) ;
#240 = DIRECTION ( 'NONE',  ( 0.000000000000000000, 0.000000000000000000, 1.000000000000000000 ) ) ;
#241 = ORIENTED_EDGE ( 'NONE', *, *, #1131, .F. ) ;
#242 = ORIENTED_EDGE ( 'NONE', *, *, #1651, .F. ) ;
#243 = CARTESIAN_POINT ( 'NONE',  ( 0.000000000000000000, -1.500000000000000000, 0.000000000000000000 ) ) ;
#244 = EDGE_CURVE ( 'NONE', #1728, #898, #378, .T. ) ;
#245 = CARTESIAN_POINT ( 'NONE',  ( 1.850000000000167510, 0.000000000000000000, 2.971110903349012844 ) ) ;
#246 = DIRECTION ( 'NONE',  ( -1.293568601313029335E-16, -0.000000000000000000, -1.000000000000000000 ) ) ;
#247 = DIRECTION ( 'NONE',  ( 1.000000000000000000, 0.000000000000000000, -4.311895337710097785E-17 ) ) ;
#248 = CARTESIAN_POINT ( 'NONE',  ( 1.463672932855430986E-13, 0.000000000000000000, 5.999999999999896971 ) ) ;
#249 = VECTOR ( 'NONE', #1644, 1000.000000000000000 ) ;
#250 = VECTOR ( 'NONE', #49, 1000.000000000000000 ) ;
#251 = CIRCLE ( 'NONE', #100, 0.5000000000000007772 ) ;
#252 = VERTEX_POINT ( 'NONE', #1529 ) ;
#253 = DIRECTION ( 'NONE',  ( 0.000000000000000000, 0.000000000000000000, 1.000000000000000000 ) ) ;
#254 = AXIS2_PLACEMENT_3D ( 'NONE', #928, #498, #1362 ) ;
#255 = DIRECTION ( 'NONE',  ( 0.000000000000000000, 0.000000000000000000, 1.000000000000000000 ) ) ;
#256 = EDGE_CURVE ( 'NONE', #235, #144, #356, .T. ) ;
#257 = ADVANCED_FACE ( 'NONE', ( #1208 ), #1808, .T. ) ;
#258 = DIRECTION ( 'NONE',  ( 0.000000000000000000, 0.000000000000000000, 1.000000000000000000 ) ) ;
#259 = LINE ( 'NONE', #553, #1561 ) ;
#260 = CARTESIAN_POINT ( 'NONE',  ( 0.000000000000000000, 0.000000000000000000, 0.000000000000000000 ) ) ;
#261 = ORIENTED_EDGE ( 'NONE', *, *, #887, .F. ) ;
#262 = AXIS2_PLACEMENT_3D ( 'NONE', #932, #229, #647 ) ;
#263 = ORIENTED_EDGE ( 'NONE', *, *, #639, .T. ) ;
#264 = DIRECTION ( 'NONE',  ( 0.000000000000000000, 0.000000000000000000, 1.000000000000000000 ) ) ;
#265 = CARTESIAN_POINT ( 'NONE',  ( 0.000000000000000000, -1.500000000000000000, 0.000000000000000000 ) ) ;
#266 =( NAMED_UNIT ( * ) SI_UNIT ( $, .STERADIAN. ) SOLID_ANGLE_UNIT ( ) );
#267 = CIRCLE ( 'NONE', #593, 0.5000000000000004441 ) ;
#268 = DIRECTION ( 'NONE',  ( 0.000000000000000000, 1.000000000000000000, -0.000000000000000000 ) ) ;
#269 = ORIENTED_EDGE ( 'NONE', *, *, #1476, .T. ) ;
#270 = EDGE_CURVE ( 'NONE', #58, #1049, #1795, .T. ) ;
#271 = VERTEX_POINT ( 'NONE', #108 ) ;
#272 = ORIENTED_EDGE ( 'NONE', *, *, #180, .T. ) ;
#273 = CARTESIAN_POINT ( 'NONE',  ( 4.189777606611760026E-14, -1.500000000000000000, -4.000000000000000000 ) ) ;
#274 = DIRECTION ( 'NONE',  ( 0.000000000000000000, 0.000000000000000000, 1.000000000000000000 ) ) ;
#275 = CARTESIAN_POINT ( 'NONE',  ( 0.000000000000000000, 0.000000000000000000, 0.000000000000000000 ) ) ;
#276 = DIRECTION ( 'NONE',  ( 0.000000000000000000, 1.000000000000000000, 0.000000000000000000 ) ) ;
#277 = DIRECTION ( 'NONE',  ( 0.000000000000000000, 1.000000000000000000, 0.000000000000000000 ) ) ;
#278 = ORIENTED_EDGE ( 'NONE', *, *, #429, .F. ) ;
#279 = ADVANCED_FACE ( 'NONE', ( #1674 ), #790, .T. ) ;
#280 = EDGE_CURVE ( 'NONE', #450, #143, #953, .T. ) ;
#281 = ORIENTED_EDGE ( 'NONE', *, *, #969, .T. ) ;
#282 = DIRECTION ( 'NONE',  ( 0.000000000000000000, 1.000000000000000000, 0.000000000000000000 ) ) ;
#283 = AXIS2_PLACEMENT_3D ( 'NONE', #830, #70, #1386 ) ;
#284 = DIRECTION ( 'NONE',  ( 0.000000000000000000, 0.000000000000000000, 1.000000000000000000 ) ) ;
#285 = ORIENTED_EDGE ( 'NONE', *, *, #1539, .T. ) ;
#286 = ORIENTED_EDGE ( 'NONE', *, *, #1432, .F. ) ;
#287 = ORIENTED_EDGE ( 'NONE', *, *, #742, .T. ) ;
#288 = DIRECTION ( 'NONE',  ( 0.000000000000000000, 1.000000000000000000, -0.000000000000000000 ) ) ;
#289 = ADVANCED_FACE ( 'NONE', ( #678 ), #1252, .T. ) ;
#290 = AXIS2_PLACEMENT_3D ( 'NONE', #1555, #1823, #1260 ) ;
#291 = CARTESIAN_POINT ( 'NONE',  ( -6.000000000000000888, 0.000000000000000000, -8.391724815037804319E-14 ) ) ;
#292 = DIRECTION ( 'NONE',  ( 0.000000000000000000, 1.000000000000000000, -0.000000000000000000 ) ) ;
#293 = CIRCLE ( 'NONE', #1412, 0.5000000000000000000 ) ;
#294 = ORIENTED_EDGE ( 'NONE', *, *, #611, .F. ) ;
#295 = VERTEX_POINT ( 'NONE', #1704 ) ;
#296 = ORIENTED_EDGE ( 'NONE', *, *, #1294, .F. ) ;
#297 = DIRECTION ( 'NONE',  ( 0.000000000000000000, 1.000000000000000000, 0.000000000000000000 ) ) ;
#298 = ADVANCED_FACE ( 'NONE', ( #1389, #545 ), #380, .T. ) ;
#299 = CARTESIAN_POINT ( 'NONE',  ( -8.000000000000000000, -1.500000000000000000, -8.391724815037804319E-14 ) ) ;
#300 = ORIENTED_EDGE ( 'NONE', *, *, #522, .T. ) ;
#301 = ORIENTED_EDGE ( 'NONE', *, *, #1180, .F. ) ;
#302 = DIRECTION ( 'NONE',  ( 0.000000000000000000, -1.000000000000000000, 0.000000000000000000 ) ) ;
#303 = ORIENTED_EDGE ( 'NONE', *, *, #1016, .T. ) ;
#304 = DIRECTION ( 'NONE',  ( 0.000000000000000000, 1.000000000000000000, 0.000000000000000000 ) ) ;
#305 = DIRECTION ( 'NONE',  ( 0.000000000000000000, 0.000000000000000000, 1.000000000000000000 ) ) ;
#306 = AXIS2_PLACEMENT_3D ( 'NONE', #536, #1105, #966 ) ;
#307 = FACE_OUTER_BOUND ( 'NONE', #890, .T. ) ;
#308 = CIRCLE ( 'NONE', #1515, 1.850000000000000089 ) ;
#309 = LINE ( 'NONE', #185, #1577 ) ;
#310 = EDGE_CURVE ( 'NONE', #58, #133, #943, .T. ) ;
#311 = VECTOR ( 'NONE', #184, 1000.000000000000000 ) ;
#312 = ORIENTED_EDGE ( 'NONE', *, *, #106, .T. ) ;
#313 = CARTESIAN_POINT ( 'NONE',  ( -2.971110903349097665, 0.000000000000000000, -1.850000000000032063 ) ) ;
#314 = ORIENTED_EDGE ( 'NONE', *, *, #620, .T. ) ;
#315 = DIRECTION ( 'NONE',  ( -1.293568601313029335E-16, -0.000000000000000000, 1.000000000000000000 ) ) ;
#316 = ORIENTED_EDGE ( 'NONE', *, *, #1107, .T. ) ;
#317 = DIRECTION ( 'NONE',  ( 0.000000000000000000, 0.000000000000000000, 1.000000000000000000 ) ) ;
#318 = AXIS2_PLACEMENT_3D ( 'NONE', #1227, #1099, #1791 ) ;
#319 = CARTESIAN_POINT ( 'NONE',  ( 0.000000000000000000, -4.000000000000000000, 0.000000000000000000 ) ) ;
#320 = DIRECTION ( 'NONE',  ( 0.000000000000000000, -1.000000000000000000, 0.000000000000000000 ) ) ;
#321 = VERTEX_POINT ( 'NONE', #1244 ) ;
#322 = CIRCLE ( 'NONE', #1188, 0.5000000000000007772 ) ;
#323 = ADVANCED_FACE ( 'NONE', ( #1366 ), #1812, .F. ) ;
#324 = DIRECTION ( 'NONE',  ( 0.000000000000000000, 1.000000000000000000, 0.000000000000000000 ) ) ;
#325 = VERTEX_POINT ( 'NONE', #1694 ) ;
#326 = CARTESIAN_POINT ( 'NONE',  ( -4.000000000000000888, 0.000000000000000000, 0.4999999999999160116 ) ) ;
#327 = LINE ( 'NONE', #1304, #311 ) ;
#328 = DIRECTION ( 'NONE',  ( 0.000000000000000000, 0.000000000000000000, 1.000000000000000000 ) ) ;
#329 = VERTEX_POINT ( 'NONE', #398 ) ;
#330 = LINE ( 'NONE', #1222, #1453 ) ;
#331 = ORIENTED_EDGE ( 'NONE', *, *, #653, .F. ) ;
#332 = ADVANCED_FACE ( 'NONE', ( #74 ), #215, .T. ) ;
#333 = EDGE_CURVE ( 'NONE', #1134, #1771, #1101, .T. ) ;
#334 = EDGE_CURVE ( 'NONE', #1852, #855, #259, .T. ) ;
#335 = VERTEX_POINT ( 'NONE', #1797 ) ;
#336 = CIRCLE ( 'NONE', #821, 3.500000000000000444 ) ;
#337 = CARTESIAN_POINT ( 'NONE',  ( 1.849999999999999867, 0.000000000000000000, -8.000000000000000000 ) ) ;
#338 = DIRECTION ( 'NONE',  ( -1.293568601313029335E-16, -0.000000000000000000, 1.000000000000000000 ) ) ;
#339 = AXIS2_PLACEMENT_3D ( 'NONE', #1482, #88, #648 ) ;
#340 = VECTOR ( 'NONE', #998, 1000.000000000000000 ) ;
#341 = CIRCLE ( 'NONE', #1242, 1.199999999999999956 ) ;
#342 = CARTESIAN_POINT ( 'NONE',  ( 1.463672932855430986E-13, -1.500000000000000000, 6.499999999999896971 ) ) ;
#343 = VERTEX_POINT ( 'NONE', #1507 ) ;
#344 = ORIENTED_EDGE ( 'NONE', *, *, #1, .T. ) ;
#345 = DIRECTION ( 'NONE',  ( 0.000000000000000000, 0.000000000000000000, -1.000000000000000000 ) ) ;
#346 = ADVANCED_FACE ( 'NONE', ( #833, #1103, #1686, #390, #1407, #965, #525, #513, #116, #1379, #87, #1543, #687, #1842 ), #659, .T. ) ;
#347 = FACE_OUTER_BOUND ( 'NONE', #1084, .T. ) ;
#348 = LINE ( 'NONE', #778, #1000 ) ;
#349 = LINE ( 'NONE', #207, #1058 ) ;
#350 = ORIENTED_EDGE ( 'NONE', *, *, #1002, .T. ) ;
#351 = AXIS2_PLACEMENT_3D ( 'NONE', #883, #1162, #345 ) ;
#352 = ORIENTED_EDGE ( 'NONE', *, *, #1661, .F. ) ;
#353 = CARTESIAN_POINT ( 'NONE',  ( 0.000000000000000000, -4.000000000000000000, -2.399999999999999911 ) ) ;
#354 = EDGE_CURVE ( 'NONE', #577, #1726, #955, .T. ) ;
#355 = DIRECTION ( 'NONE',  ( 0.000000000000000000, 0.000000000000000000, 1.000000000000000000 ) ) ;
#356 = LINE ( 'NONE', #952, #1238 ) ;
#357 = CARTESIAN_POINT ( 'NONE',  ( -1.850000000000021405, -1.500000000000000000, 2.971110903349103438 ) ) ;
#358 = LINE ( 'NONE', #780, #250 ) ;
#359 = VERTEX_POINT ( 'NONE', #783 ) ;
#360 = ORIENTED_EDGE ( 'NONE', *, *, #34, .F. ) ;
#361 = ORIENTED_EDGE ( 'NONE', *, *, #1563, .T. ) ;
#362 = PLANE ( 'NONE',  #617 ) ;
#363 = DIRECTION ( 'NONE',  ( 0.000000000000000000, 0.000000000000000000, 1.000000000000000000 ) ) ;
#364 = CYLINDRICAL_SURFACE ( 'NONE', #726, 0.5000000000000004441 ) ;
#365 = DIRECTION ( 'NONE',  ( -1.293568601313029335E-16, -0.000000000000000000, -1.000000000000000000 ) ) ;
#366 = AXIS2_PLACEMENT_3D ( 'NONE', #166, #1353, #482 ) ;
#367 = CARTESIAN_POINT ( 'NONE',  ( 8.000000000000000000, -1.500000000000000000, 2.710505431213761085E-14 ) ) ;
#368 = DIRECTION ( 'NONE',  ( 0.000000000000000000, 1.000000000000000000, 0.000000000000000000 ) ) ;
#369 = EDGE_CURVE ( 'NONE', #898, #1159, #1618, .T. ) ;
#370 = CARTESIAN_POINT ( 'NONE',  ( 1.674008154317618846E-13, -1.500000000000000000, 7.999999999999896083 ) ) ;
#371 = EDGE_LOOP ( 'NONE', ( #661, #1690 ) ) ;
#372 = AXIS2_PLACEMENT_3D ( 'NONE', #1154, #282, #996 ) ;
#373 = CIRCLE ( 'NONE', #66, 1.199999999999999956 ) ;
#374 = EDGE_LOOP ( 'NONE', ( #1048, #300, #39, #906 ) ) ;
#375 = EDGE_LOOP ( 'NONE', ( #1006, #448, #936, #2 ) ) ;
#376 = DIRECTION ( 'NONE',  ( 0.000000000000000000, 1.000000000000000000, 0.000000000000000000 ) ) ;
#377 = DIRECTION ( 'NONE',  ( 0.000000000000000000, 0.000000000000000000, 1.000000000000000000 ) ) ;
#378 = LINE ( 'NONE', #1518, #1425 ) ;
#379 = CARTESIAN_POINT ( 'NONE',  ( 4.000000000000000000, -1.500000000000000000, 5.496905014501507480E-14 ) ) ;
#380 = PLANE ( 'NONE',  #1280 ) ;
#381 = CARTESIAN_POINT ( 'NONE',  ( -2.971110903349097665, -1.500000000000000000, -1.850000000000032063 ) ) ;
#382 = AXIS2_PLACEMENT_3D ( 'NONE', #1691, #631, #202 ) ;
#383 = EDGE_CURVE ( 'NONE', #1321, #862, #734, .T. ) ;
#384 = VERTEX_POINT ( 'NONE', #353 ) ;
#385 = EDGE_LOOP ( 'NONE', ( #132, #1109, #781, #427 ) ) ;
#386 = LINE ( 'NONE', #776, #1066 ) ;
#387 = VECTOR ( 'NONE', #304, 1000.000000000000000 ) ;
#388 = CARTESIAN_POINT ( 'NONE',  ( -8.000000000000000000, 0.000000000000000000, 0.4999999999999168443 ) ) ;
#389 = CARTESIAN_POINT ( 'NONE',  ( 1.674008154317618846E-13, -1.500000000000000000, 7.999999999999896083 ) ) ;
#390 = FACE_BOUND ( 'NONE', #1284, .T. ) ;
#391 = CARTESIAN_POINT ( 'NONE',  ( -7.999999999999983125, 0.000000000000000000, -1.850000000000083800 ) ) ;
#392 = ORIENTED_EDGE ( 'NONE', *, *, #620, .F. ) ;
#393 = DIRECTION ( 'NONE',  ( 0.000000000000000000, 1.000000000000000000, 0.000000000000000000 ) ) ;
#394 = EDGE_CURVE ( 'NONE', #1392, #1630, #1463, .T. ) ;
#395 = DIRECTION ( 'NONE',  ( 0.000000000000000000, 1.000000000000000000, 0.000000000000000000 ) ) ;
#396 = SURFACE_STYLE_USAGE ( .BOTH. , #146 ) ;
#397 = DIRECTION ( 'NONE',  ( 0.000000000000000000, 1.000000000000000000, 0.000000000000000000 ) ) ;
#398 = CARTESIAN_POINT ( 'NONE',  ( 4.195900840607496784E-14, 0.000000000000000000, -4.500000000000000888 ) ) ;
#399 = DIRECTION ( 'NONE',  ( 0.000000000000000000, 1.000000000000000000, 0.000000000000000000 ) ) ;
#400 = VERTEX_POINT ( 'NONE', #223 ) ;
#401 = AXIS2_PLACEMENT_3D ( 'NONE', #61, #619, #1767 ) ;
#402 = CIRCLE ( 'NONE', #634, 0.5000000000000000000 ) ;
#403 = VERTEX_POINT ( 'NONE', #531 ) ;
#404 = DIRECTION ( 'NONE',  ( -0.000000000000000000, 1.000000000000000000, -0.000000000000000000 ) ) ;
#405 = CIRCLE ( 'NONE', #1641, 2.399999999999999911 ) ;
#406 = CARTESIAN_POINT ( 'NONE',  ( -1.850000000000021405, 0.000000000000000000, 2.971110903349103438 ) ) ;
#407 = EDGE_CURVE ( 'NONE', #1776, #1444, #801, .T. ) ;
#408 = FACE_BOUND ( 'NONE', #3, .T. ) ;
#409 = ORIENTED_EDGE ( 'NONE', *, *, #1640, .F. ) ;
#410 = ORIENTED_EDGE ( 'NONE', *, *, #11, .F. ) ;
#411 = AXIS2_PLACEMENT_3D ( 'NONE', #973, #1532, #239 ) ;
#412 = EDGE_LOOP ( 'NONE', ( #569, #1580 ) ) ;
#413 = DIRECTION ( 'NONE',  ( 0.000000000000000000, 1.000000000000000000, 0.000000000000000000 ) ) ;
#414 = DIRECTION ( 'NONE',  ( 0.000000000000000000, 0.000000000000000000, -1.000000000000000000 ) ) ;
#415 =( NAMED_UNIT ( * ) SI_UNIT ( $, .STERADIAN. ) SOLID_ANGLE_UNIT ( ) );
#416 = ADVANCED_FACE ( 'NONE', ( #1075 ), #1237, .F. ) ;
#417 = CARTESIAN_POINT ( 'NONE',  ( 8.000000000000000000, -1.500000000000000000, 2.710505431213761085E-14 ) ) ;
#418 = ORIENTED_EDGE ( 'NONE', *, *, #1508, .T. ) ;
#419 = EDGE_CURVE ( 'NONE', #13, #1630, #386, .T. ) ;
#420 = VECTOR ( 'NONE', #413, 1000.000000000000000 ) ;
#421 = EDGE_LOOP ( 'NONE', ( #296, #170, #1439, #515 ) ) ;
#422 = ORIENTED_EDGE ( 'NONE', *, *, #807, .F. ) ;
#423 = CARTESIAN_POINT ( 'NONE',  ( -8.000000000000000000, -1.500000000000000000, -0.5000000000000847100 ) ) ;
#424 = PRESENTATION_STYLE_ASSIGNMENT (( #396 ) ) ;
#425 = DIRECTION ( 'NONE',  ( 1.000000000000000000, -0.000000000000000000, 3.363278363413876420E-15 ) ) ;
#426 = ORIENTED_EDGE ( 'NONE', *, *, #947, .F. ) ;
#427 = ORIENTED_EDGE ( 'NONE', *, *, #744, .T. ) ;
#428 = EDGE_CURVE ( 'NONE', #359, #400, #1818, .T. ) ;
#429 = EDGE_CURVE ( 'NONE', #1305, #1306, #1087, .T. ) ;
#430 = AXIS2_PLACEMENT_3D ( 'NONE', #929, #644, #1218 ) ;
#431 = EDGE_LOOP ( 'NONE', ( #218, #495, #967, #1790 ) ) ;
#432 = FACE_OUTER_BOUND ( 'NONE', #431, .T. ) ;
#433 = CIRCLE ( 'NONE', #155, 3.500000000000000444 ) ;
#434 = CIRCLE ( 'NONE', #1004, 0.5000000000000004441 ) ;
#435 = VECTOR ( 'NONE', #601, 1000.000000000000000 ) ;
#436 = DIRECTION ( 'NONE',  ( 1.000000000000000000, 0.000000000000000000, 0.000000000000000000 ) ) ;
#437 = DIRECTION ( 'NONE',  ( 0.000000000000000000, 1.000000000000000000, -0.000000000000000000 ) ) ;
#438 = ORIENTED_EDGE ( 'NONE', *, *, #1489, .T. ) ;
#439 = ORIENTED_EDGE ( 'NONE', *, *, #124, .T. ) ;
#440 = ADVANCED_FACE ( 'NONE', ( #1680 ), #362, .T. ) ;
#441 = EDGE_LOOP ( 'NONE', ( #162, #1370, #961, #1143 ) ) ;
#442 = PLANE ( 'NONE',  #1738 ) ;
#443 = AXIS2_PLACEMENT_3D ( 'NONE', #714, #829, #1576 ) ;
#444 = DIRECTION ( 'NONE',  ( 0.000000000000000000, 0.000000000000000000, 1.000000000000000000 ) ) ;
#445 =( GEOMETRIC_REPRESENTATION_CONTEXT ( 3 ) GLOBAL_UNCERTAINTY_ASSIGNED_CONTEXT ( ( #1807 ) ) GLOBAL_UNIT_ASSIGNED_CONTEXT ( ( #1112, #1433, #266 ) ) REPRESENTATION_CONTEXT ( 'NONE', 'WORKASPACE' ) );
#446 = EDGE_LOOP ( 'NONE', ( #1763, #43, #426, #1696, #505, #992, #1382, #1582, #817, #753, #1097, #1861, #467 ) ) ;
#447 = COLOUR_RGB ( '',1.000000000000000000, 1.000000000000000000, 1.000000000000000000 ) ;
#448 = ORIENTED_EDGE ( 'NONE', *, *, #1385, .T. ) ;
#449 = CYLINDRICAL_SURFACE ( 'NONE', #1359, 1.199999999999999956 ) ;
#450 = VERTEX_POINT ( 'NONE', #541 ) ;
#451 = FACE_BOUND ( 'NONE', #1194, .T. ) ;
#452 =( NAMED_UNIT ( * ) PLANE_ANGLE_UNIT ( ) SI_UNIT ( $, .RADIAN. ) );
#453 = EDGE_CURVE ( 'NONE', #1816, #1739, #645, .T. ) ;
#454 = EDGE_CURVE ( 'NONE', #144, #1288, #766, .T. ) ;
#455 = CARTESIAN_POINT ( 'NONE',  ( 4.000000000000000000, -1.500000000000000000, 0.5000000000000557332 ) ) ;
#456 = LINE ( 'NONE', #1198, #213 ) ;
#457 = VERTEX_POINT ( 'NONE', #236 ) ;
#458 = CARTESIAN_POINT ( 'NONE',  ( 4.000000000000000000, 0.000000000000000000, -0.4999999999999458211 ) ) ;
#459 = EDGE_LOOP ( 'NONE', ( #392, #1721, #1419, #117 ) ) ;
#460 = DIRECTION ( 'NONE',  ( 0.000000000000000000, 1.000000000000000000, 0.000000000000000000 ) ) ;
#461 = CIRCLE ( 'NONE', #1394, 0.5000000000000007772 ) ;
#462 = ORIENTED_EDGE ( 'NONE', *, *, #34, .T. ) ;
#463 = EDGE_CURVE ( 'NONE', #1178, #683, #1709, .T. ) ;
#464 = CARTESIAN_POINT ( 'NONE',  ( -1.850000000000000533, -1.500000000000000000, -2.971110903349116317 ) ) ;
#465 = AXIS2_PLACEMENT_3D ( 'NONE', #148, #1417, #1841 ) ;
#466 = CARTESIAN_POINT ( 'NONE',  ( 4.000000000000000000, 0.000000000000000000, 5.496905014501507480E-14 ) ) ;
#467 = ORIENTED_EDGE ( 'NONE', *, *, #158, .F. ) ;
#468 = FACE_OUTER_BOUND ( 'NONE', #446, .T. ) ;
#469 = ORIENTED_EDGE ( 'NONE', *, *, #1421, .F. ) ;
#470 = EDGE_LOOP ( 'NONE', ( #739, #1590, #63, #900 ) ) ;
#471 = CARTESIAN_POINT ( 'NONE',  ( -2.971110903349136745, -1.500000000000000000, 1.849999999999969003 ) ) ;
#472 = DIRECTION ( 'NONE',  ( -0.000000000000000000, 1.000000000000000000, -0.000000000000000000 ) ) ;
#473 = ADVANCED_FACE ( 'NONE', ( #1384 ), #1110, .F. ) ;
#474 = VECTOR ( 'NONE', #1251, 1000.000000000000000 ) ;
#475 = ORIENTED_EDGE ( 'NONE', *, *, #666, .T. ) ;
#476 = CIRCLE ( 'NONE', #1018, 0.5000000000000007772 ) ;
#477 = EDGE_CURVE ( 'NONE', #1535, #1525, #1186, .T. ) ;
#478 = CARTESIAN_POINT ( 'NONE',  ( 0.000000000000000000, -2.399999999999999911, 0.000000000000000000 ) ) ;
#479 = ORIENTED_EDGE ( 'NONE', *, *, #666, .F. ) ;
#480 = SURFACE_SIDE_STYLE ('',( #607 ) ) ;
#481 = CARTESIAN_POINT ( 'NONE',  ( 0.000000000000000000, 0.000000000000000000, 0.000000000000000000 ) ) ;
#482 = DIRECTION ( 'NONE',  ( 0.000000000000000000, 0.000000000000000000, 1.000000000000000000 ) ) ;
#483 = DIRECTION ( 'NONE',  ( 0.000000000000000000, 0.000000000000000000, 1.000000000000000000 ) ) ;
#484 = ORIENTED_EDGE ( 'NONE', *, *, #1603, .T. ) ;
#485 = EDGE_CURVE ( 'NONE', #1535, #321, #950, .T. ) ;
#486 = DIRECTION ( 'NONE',  ( 0.000000000000000000, 1.000000000000000000, 0.000000000000000000 ) ) ;
#487 = AXIS2_PLACEMENT_3D ( 'NONE', #227, #1069, #1660 ) ;
#488 = CARTESIAN_POINT ( 'NONE',  ( -6.000000000000000888, -1.500000000000000000, -8.391724815037804319E-14 ) ) ;
#489 = DIRECTION ( 'NONE',  ( 0.000000000000000000, 1.000000000000000000, 0.000000000000000000 ) ) ;
#490 = VECTOR ( 'NONE', #681, 1000.000000000000000 ) ;
#491 = CIRCLE ( 'NONE', #1551, 3.500000000000000444 ) ;
#492 = AXIS2_PLACEMENT_3D ( 'NONE', #1659, #643, #1078 ) ;
#493 = APPLICATION_CONTEXT ( 'automotive_design' ) ;
#494 = CYLINDRICAL_SURFACE ( 'NONE', #911, 0.5000000000000007772 ) ;
#495 = ORIENTED_EDGE ( 'NONE', *, *, #831, .F. ) ;
#496 = EDGE_CURVE ( 'NONE', #325, #343, #506, .T. ) ;
#497 = CARTESIAN_POINT ( 'NONE',  ( 4.189777606611760026E-14, -1.500000000000000000, -3.500000000000000000 ) ) ;
#498 = DIRECTION ( 'NONE',  ( 0.000000000000000000, 1.000000000000000000, -0.000000000000000000 ) ) ;
#499 = CARTESIAN_POINT ( 'NONE',  ( 4.000000000000000000, -1.500000000000000000, 5.496905014501507480E-14 ) ) ;
#500 = AXIS2_PLACEMENT_3D ( 'NONE', #1803, #937, #818 ) ;
#501 = DIRECTION ( 'NONE',  ( 0.000000000000000000, 1.000000000000000000, 0.000000000000000000 ) ) ;
#502 = CYLINDRICAL_SURFACE ( 'NONE', #1549, 2.399999999999999911 ) ;
#503 = EDGE_LOOP ( 'NONE', ( #1299, #1021 ) ) ;
#504 = AXIS2_PLACEMENT_3D ( 'NONE', #128, #302, #879 ) ;
#505 = ORIENTED_EDGE ( 'NONE', *, *, #1583, .F. ) ;
#506 = LINE ( 'NONE', #810, #861 ) ;
#507 = CYLINDRICAL_SURFACE ( 'NONE', #283, 0.5000000000000007772 ) ;
#508 = EDGE_CURVE ( 'NONE', #335, #1178, #1657, .T. ) ;
#509 = CARTESIAN_POINT ( 'NONE',  ( -6.000000000000000888, -1.500000000000000000, 0.4999999999999168443 ) ) ;
#510 = EDGE_CURVE ( 'NONE', #554, #58, #1012, .T. ) ;
#511 = CARTESIAN_POINT ( 'NONE',  ( 2.971110903349122978, -1.500000000000000000, -1.849999999999990985 ) ) ;
#512 = DIRECTION ( 'NONE',  ( -0.000000000000000000, 1.000000000000000000, -0.000000000000000000 ) ) ;
#513 = FACE_BOUND ( 'NONE', #674, .T. ) ;
#514 = DIRECTION ( 'NONE',  ( 0.000000000000000000, 1.000000000000000000, 0.000000000000000000 ) ) ;
#515 = ORIENTED_EDGE ( 'NONE', *, *, #172, .F. ) ;
#516 = VERTEX_POINT ( 'NONE', #423 ) ;
#517 = ORIENTED_EDGE ( 'NONE', *, *, #1067, .F. ) ;
#518 = DIRECTION ( 'NONE',  ( 0.000000000000000000, 0.000000000000000000, -1.000000000000000000 ) ) ;
#519 = CARTESIAN_POINT ( 'NONE',  ( -1.849999999999999867, -1.500000000000000000, -8.000000000000000000 ) ) ;
#520 = CARTESIAN_POINT ( 'NONE',  ( 1.674620477717192648E-13, -1.500000000000000000, 7.499999999999895195 ) ) ;
#521 = DIRECTION ( 'NONE',  ( 0.000000000000000000, 1.000000000000000000, 0.000000000000000000 ) ) ;
#522 = EDGE_CURVE ( 'NONE', #1164, #1156, #4, .T. ) ;
#523 = CIRCLE ( 'NONE', #576, 0.5000000000000004441 ) ;
#524 = CARTESIAN_POINT ( 'NONE',  ( 0.000000000000000000, -1.399999999999999689, 1.199999999999999956 ) ) ;
#525 = FACE_BOUND ( 'NONE', #623, .T. ) ;
#526 = AXIS2_PLACEMENT_3D ( 'NONE', #1052, #1193, #636 ) ;
#527 = CARTESIAN_POINT ( 'NONE',  ( 3.499999999999999112, -1.500000000000000000, 4.808488336803029466E-14 ) ) ;
#528 = AXIS2_PLACEMENT_3D ( 'NONE', #676, #395, #1699 ) ;
#529 = EDGE_LOOP ( 'NONE', ( #221, #1837, #281, #530 ) ) ;
#530 = ORIENTED_EDGE ( 'NONE', *, *, #1408, .T. ) ;
#531 = CARTESIAN_POINT ( 'NONE',  ( -1.849999999999999867, 0.000000000000000000, -8.000000000000000000 ) ) ;
#532 = LINE ( 'NONE', #245, #724 ) ;
#533 = CARTESIAN_POINT ( 'NONE',  ( 1.469576158976823553E-16, -1.399999999999999689, -1.199999999999999956 ) ) ;
#534 = DIRECTION ( 'NONE',  ( 0.000000000000000000, 0.000000000000000000, 1.000000000000000000 ) ) ;
#535 = EDGE_CURVE ( 'NONE', #1173, #1290, #16, .T. ) ;
#536 = CARTESIAN_POINT ( 'NONE',  ( 1.674008154317618846E-13, -1.500000000000000000, 7.999999999999896083 ) ) ;
#537 = ADVANCED_FACE ( 'NONE', ( #847 ), #863, .F. ) ;
#538 = AXIS2_PLACEMENT_3D ( 'NONE', #1406, #1653, #686 ) ;
#539 = ORIENTED_EDGE ( 'NONE', *, *, #194, .T. ) ;
#540 = EDGE_LOOP ( 'NONE', ( #615, #1612, #1524, #261 ) ) ;
#541 = CARTESIAN_POINT ( 'NONE',  ( 0.000000000000000000, -0.7500000000000000000, 2.399999999999999911 ) ) ;
#542 = CIRCLE ( 'NONE', #201, 0.4999999999999998890 ) ;
#543 = FACE_OUTER_BOUND ( 'NONE', #529, .T. ) ;
#544 = FACE_OUTER_BOUND ( 'NONE', #1606, .T. ) ;
#545 = FACE_BOUND ( 'NONE', #222, .T. ) ;
#546 = CARTESIAN_POINT ( 'NONE',  ( 8.000000000000000000, 0.000000000000000000, 0.5000000000000278666 ) ) ;
#547 = ADVANCED_FACE ( 'NONE', ( #1285 ), #145, .T. ) ;
#548 = ORIENTED_EDGE ( 'NONE', *, *, #1698, .F. ) ;
#549 = CARTESIAN_POINT ( 'NONE',  ( -6.000000000000000888, -1.500000000000000000, -0.5000000000000847100 ) ) ;
#550 = FACE_OUTER_BOUND ( 'NONE', #421, .T. ) ;
#551 = PRODUCT_CONTEXT ( 'NONE', #493, 'mechanical' ) ;
#552 = DIRECTION ( 'NONE',  ( 0.000000000000000000, 1.000000000000000000, 0.000000000000000000 ) ) ;
#553 = CARTESIAN_POINT ( 'NONE',  ( -1.849999999999832445, -1.500000000000000000, 7.999999999999896083 ) ) ;
#554 = VERTEX_POINT ( 'NONE', #1117 ) ;
#555 = AXIS2_PLACEMENT_3D ( 'NONE', #1120, #1793, #363 ) ;
#556 = ORIENTED_EDGE ( 'NONE', *, *, #369, .F. ) ;
#557 = DIRECTION ( 'NONE',  ( 0.000000000000000000, 1.000000000000000000, 0.000000000000000000 ) ) ;
#558 = EDGE_CURVE ( 'NONE', #450, #18, #1423, .T. ) ;
#559 = AXIS2_PLACEMENT_3D ( 'NONE', #488, #737, #1604 ) ;
#560 = CARTESIAN_POINT ( 'NONE',  ( 0.000000000000000000, -4.000000000000000000, 0.000000000000000000 ) ) ;
#561 = CARTESIAN_POINT ( 'NONE',  ( 4.189777606611760026E-14, 0.000000000000000000, -4.000000000000000000 ) ) ;
#562 = EDGE_LOOP ( 'NONE', ( #1246, #168 ) ) ;
#563 = VERTEX_POINT ( 'NONE', #1291 ) ;
#564 = AXIS2_PLACEMENT_3D ( 'NONE', #1834, #1520, #534 ) ;
#565 = ORIENTED_EDGE ( 'NONE', *, *, #920, .T. ) ;
#566 = DIRECTION ( 'NONE',  ( 0.000000000000000000, 0.000000000000000000, 1.000000000000000000 ) ) ;
#567 = CARTESIAN_POINT ( 'NONE',  ( 6.000000000000000000, 0.000000000000000000, 4.098284211995206761E-14 ) ) ;
#568 = ORIENTED_EDGE ( 'NONE', *, *, #82, .T. ) ;
#569 = ORIENTED_EDGE ( 'NONE', *, *, #1563, .F. ) ;
#570 = ORIENTED_EDGE ( 'NONE', *, *, #1119, .T. ) ;
#571 = DIRECTION ( 'NONE',  ( 0.000000000000000000, 1.000000000000000000, 0.000000000000000000 ) ) ;
#572 = DIRECTION ( 'NONE',  ( 0.000000000000000000, 1.000000000000000000, 0.000000000000000000 ) ) ;
#573 = ORIENTED_EDGE ( 'NONE', *, *, #756, .T. ) ;
#574 = ADVANCED_FACE ( 'NONE', ( #1404 ), #1264, .F. ) ;
#575 = ORIENTED_EDGE ( 'NONE', *, *, #383, .F. ) ;
#576 = AXIS2_PLACEMENT_3D ( 'NONE', #877, #633, #1500 ) ;
#577 = VERTEX_POINT ( 'NONE', #838 ) ;
#578 = LINE ( 'NONE', #1144, #1819 ) ;
#579 = AXIS2_PLACEMENT_3D ( 'NONE', #560, #1184, #1022 ) ;
#580 = VECTOR ( 'NONE', #1596, 1000.000000000000000 ) ;
#581 = VECTOR ( 'NONE', #1626, 1000.000000000000000 ) ;
#582 = CARTESIAN_POINT ( 'NONE',  ( 1.674008154317618846E-13, -1.500000000000000000, 7.999999999999896083 ) ) ;
#583 = ORIENTED_EDGE ( 'NONE', *, *, #1523, .T. ) ;
#584 = ORIENTED_EDGE ( 'NONE', *, *, #419, .F. ) ;
#585 = DIRECTION ( 'NONE',  ( 0.000000000000000000, 1.000000000000000000, 0.000000000000000000 ) ) ;
#586 = ORIENTED_EDGE ( 'NONE', *, *, #11, .T. ) ;
#587 = EDGE_CURVE ( 'NONE', #325, #1444, #978, .T. ) ;
#588 = EDGE_CURVE ( 'NONE', #688, #252, #1387, .T. ) ;
#589 = CARTESIAN_POINT ( 'NONE',  ( 1.674008154317618846E-13, -1.500000000000000000, 7.999999999999896083 ) ) ;
#590 = CYLINDRICAL_SURFACE ( 'NONE', #142, 1.849999999999999867 ) ;
#591 = CARTESIAN_POINT ( 'NONE',  ( -2.971110903349097665, -1.500000000000000000, -1.850000000000032063 ) ) ;
#592 = ORIENTED_EDGE ( 'NONE', *, *, #867, .T. ) ;
#593 = AXIS2_PLACEMENT_3D ( 'NONE', #1459, #764, #901 ) ;
#594 = VERTEX_POINT ( 'NONE', #698 ) ;
#595 = CARTESIAN_POINT ( 'NONE',  ( -8.000000000000000000, -1.500000000000000000, -8.391724815037804319E-14 ) ) ;
#596 = EDGE_LOOP ( 'NONE', ( #721, #762, #1473, #975 ) ) ;
#597 = LINE ( 'NONE', #1447, #1832 ) ;
#598 = EDGE_CURVE ( 'NONE', #673, #577, #747, .T. ) ;
#599 = ORIENTED_EDGE ( 'NONE', *, *, #1855, .T. ) ;
#600 = CARTESIAN_POINT ( 'NONE',  ( -1.850000000000021405, -1.500000000000000000, 2.971110903349103438 ) ) ;
#601 = DIRECTION ( 'NONE',  ( 0.000000000000000000, 1.000000000000000000, 0.000000000000000000 ) ) ;
#602 = CARTESIAN_POINT ( 'NONE',  ( 0.000000000000000000, -2.399999999999999911, 1.199999999999999956 ) ) ;
#603 = ORIENTED_EDGE ( 'NONE', *, *, #453, .F. ) ;
#604 = DIRECTION ( 'NONE',  ( 0.000000000000000000, 1.000000000000000000, 0.000000000000000000 ) ) ;
#605 = ORIENTED_EDGE ( 'NONE', *, *, #1095, .F. ) ;
#606 = AXIS2_PLACEMENT_3D ( 'NONE', #657, #940, #1652 ) ;
#607 = SURFACE_STYLE_FILL_AREA ( #154 ) ;
#608 = EDGE_CURVE ( 'NONE', #1247, #688, #578, .T. ) ;
#609 = DIRECTION ( 'NONE',  ( 0.000000000000000000, 0.000000000000000000, -1.000000000000000000 ) ) ;
#610 = VECTOR ( 'NONE', #425, 1000.000000000000000 ) ;
#611 = EDGE_CURVE ( 'NONE', #711, #1236, #990, .T. ) ;
#612 = DIRECTION ( 'NONE',  ( 0.000000000000000000, 1.000000000000000000, 0.000000000000000000 ) ) ;
#613 = ORIENTED_EDGE ( 'NONE', *, *, #1160, .F. ) ;
#614 = CYLINDRICAL_SURFACE ( 'NONE', #1638, 0.5000000000000007772 ) ;
#615 = ORIENTED_EDGE ( 'NONE', *, *, #1320, .F. ) ;
#616 = CARTESIAN_POINT ( 'NONE',  ( 0.000000000000000000, -4.000000000000000000, 0.000000000000000000 ) ) ;
#617 = AXIS2_PLACEMENT_3D ( 'NONE', #81, #1495, #1828 ) ;
#618 = DIRECTION ( 'NONE',  ( 0.000000000000000000, 0.000000000000000000, 1.000000000000000000 ) ) ;
#619 = DIRECTION ( 'NONE',  ( 0.000000000000000000, 1.000000000000000000, 0.000000000000000000 ) ) ;
#620 = EDGE_CURVE ( 'NONE', #143, #450, #110, .T. ) ;
#621 = AXIS2_PLACEMENT_3D ( 'NONE', #736, #1749, #1488 ) ;
#622 = FACE_OUTER_BOUND ( 'NONE', #1317, .T. ) ;
#623 = EDGE_LOOP ( 'NONE', ( #640, #1053 ) ) ;
#624 = VERTEX_POINT ( 'NONE', #119 ) ;
#625 = DIRECTION ( 'NONE',  ( -0.000000000000000000, -1.000000000000000000, -0.000000000000000000 ) ) ;
#626 = DIRECTION ( 'NONE',  ( 3.552713678800500929E-15, 0.000000000000000000, -1.000000000000000000 ) ) ;
#627 = CARTESIAN_POINT ( 'NONE',  ( 4.286263797015737088E-16, -4.000000000000000000, -3.500000000000000444 ) ) ;
#628 = ADVANCED_FACE ( 'NONE', ( #432 ), #1137, .F. ) ;
#629 = CARTESIAN_POINT ( 'NONE',  ( 4.000000000000000000, -1.500000000000000000, 5.496905014501507480E-14 ) ) ;
#630 = ORIENTED_EDGE ( 'NONE', *, *, #1651, .T. ) ;
#631 = DIRECTION ( 'NONE',  ( 0.000000000000000000, 1.000000000000000000, 0.000000000000000000 ) ) ;
#632 = CARTESIAN_POINT ( 'NONE',  ( 0.000000000000000000, -1.500000000000000000, -8.000000000000000000 ) ) ;
#633 = DIRECTION ( 'NONE',  ( 0.000000000000000000, 1.000000000000000000, 0.000000000000000000 ) ) ;
#634 = AXIS2_PLACEMENT_3D ( 'NONE', #561, #1442, #1587 ) ;
#635 = CIRCLE ( 'NONE', #1457, 3.500000000000000444 ) ;
#636 = DIRECTION ( 'NONE',  ( 0.000000000000000000, 0.000000000000000000, 1.000000000000000000 ) ) ;
#637 = ORIENTED_EDGE ( 'NONE', *, *, #1347, .F. ) ;
#638 = EDGE_CURVE ( 'NONE', #50, #577, #968, .T. ) ;
#639 = EDGE_CURVE ( 'NONE', #13, #850, #1129, .T. ) ;
#640 = ORIENTED_EDGE ( 'NONE', *, *, #1534, .F. ) ;
#641 = CARTESIAN_POINT ( 'NONE',  ( -8.000000000000000000, -1.500000000000000000, 0.4999999999999168443 ) ) ;
#642 = CARTESIAN_POINT ( 'NONE',  ( 0.000000000000000000, -1.500000000000000000, -8.000000000000000000 ) ) ;
#643 = DIRECTION ( 'NONE',  ( 0.000000000000000000, 1.000000000000000000, 0.000000000000000000 ) ) ;
#644 = DIRECTION ( 'NONE',  ( -1.000000000000000000, 0.000000000000000000, 3.755660839145562487E-14 ) ) ;
#645 = CIRCLE ( 'NONE', #1589, 1.199999999999999956 ) ;
#646 = DIRECTION ( 'NONE',  ( 0.000000000000000000, 1.000000000000000000, 0.000000000000000000 ) ) ;
#647 = DIRECTION ( 'NONE',  ( 0.000000000000000000, 0.000000000000000000, 1.000000000000000000 ) ) ;
#648 = DIRECTION ( 'NONE',  ( 0.000000000000000000, 0.000000000000000000, 1.000000000000000000 ) ) ;
#649 = ORIENTED_EDGE ( 'NONE', *, *, #333, .T. ) ;
#650 = ORIENTED_EDGE ( 'NONE', *, *, #1077, .T. ) ;
#651 = VERTEX_POINT ( 'NONE', #1569 ) ;
#652 = DIRECTION ( 'NONE',  ( 0.000000000000000000, 0.000000000000000000, -1.000000000000000000 ) ) ;
#653 = EDGE_CURVE ( 'NONE', #1247, #271, #1313, .T. ) ;
#654 = DIRECTION ( 'NONE',  ( 0.000000000000000000, 1.000000000000000000, 0.000000000000000000 ) ) ;
#655 = AXIS2_PLACEMENT_3D ( 'NONE', #1257, #1431, #134 ) ;
#656 = DIRECTION ( 'NONE',  ( 0.000000000000000000, 0.000000000000000000, -1.000000000000000000 ) ) ;
#657 = CARTESIAN_POINT ( 'NONE',  ( 0.000000000000000000, 0.000000000000000000, 0.000000000000000000 ) ) ;
#658 = CYLINDRICAL_SURFACE ( 'NONE', #1468, 1.849999999999999867 ) ;
#659 = PLANE ( 'NONE',  #1307 ) ;
#660 = DIRECTION ( 'NONE',  ( 2.664535259100375697E-15, 0.000000000000000000, -1.000000000000000000 ) ) ;
#661 = ORIENTED_EDGE ( 'NONE', *, *, #744, .F. ) ;
#662 = ORIENTED_EDGE ( 'NONE', *, *, #794, .T. ) ;
#663 = CARTESIAN_POINT ( 'NONE',  ( 1.251169307048272117E-13, 0.000000000000000000, 3.999999999999896971 ) ) ;
#664 = CARTESIAN_POINT ( 'NONE',  ( 1.674008154317618846E-13, -1.500000000000000000, 8.499999999999896971 ) ) ;
#665 = EDGE_CURVE ( 'NONE', #403, #1321, #1594, .T. ) ;
#666 = EDGE_CURVE ( 'NONE', #516, #713, #1015, .T. ) ;
#667 = DIRECTION ( 'NONE',  ( 0.000000000000000000, 1.000000000000000000, -0.000000000000000000 ) ) ;
#668 = DIRECTION ( 'NONE',  ( 0.000000000000000000, 1.000000000000000000, 0.000000000000000000 ) ) ;
#669 = VECTOR ( 'NONE', #20, 1000.000000000000000 ) ;
#670 = AXIS2_PLACEMENT_3D ( 'NONE', #567, #1733, #444 ) ;
#671 = CARTESIAN_POINT ( 'NONE',  ( 4.000000000000000000, 0.000000000000000000, 0.5000000000000557332 ) ) ;
#672 = AXIS2_PLACEMENT_3D ( 'NONE', #1478, #1499, #1766 ) ;
#673 = VERTEX_POINT ( 'NONE', #874 ) ;
#674 = EDGE_LOOP ( 'NONE', ( #1064, #1157 ) ) ;
#675 = DIRECTION ( 'NONE',  ( 0.000000000000000000, 1.000000000000000000, 0.000000000000000000 ) ) ;
#676 = CARTESIAN_POINT ( 'NONE',  ( 1.251169307048272117E-13, 0.000000000000000000, 3.999999999999896971 ) ) ;
#677 = FACE_OUTER_BOUND ( 'NONE', #1279, .T. ) ;
#678 = FACE_OUTER_BOUND ( 'NONE', #695, .T. ) ;
#679 = VECTOR ( 'NONE', #404, 1000.000000000000000 ) ;
#680 = EDGE_CURVE ( 'NONE', #235, #934, #597, .T. ) ;
#681 = DIRECTION ( 'NONE',  ( -1.000000000000000000, -0.000000000000000000, -1.030542985712712944E-14 ) ) ;
#682 = AXIS2_PLACEMENT_3D ( 'NONE', #95, #667, #1243 ) ;
#683 = VERTEX_POINT ( 'NONE', #153 ) ;
#684 = CARTESIAN_POINT ( 'NONE',  ( 1.850000000000167732, -1.500000000000000000, 7.999999999999896083 ) ) ;
#685 = CARTESIAN_POINT ( 'NONE',  ( 1.251169307048272117E-13, -1.500000000000000000, 3.999999999999896971 ) ) ;
#686 = DIRECTION ( 'NONE',  ( 0.000000000000000000, 0.000000000000000000, -1.000000000000000000 ) ) ;
#687 = FACE_BOUND ( 'NONE', #1271, .T. ) ;
#688 = VERTEX_POINT ( 'NONE', #1748 ) ;
#689 = ADVANCED_FACE ( 'NONE', ( #1302, #451, #743 ), #442, .T. ) ;
#690 = ORIENTED_EDGE ( 'NONE', *, *, #1688, .F. ) ;
#691 = CARTESIAN_POINT ( 'NONE',  ( 1.251169307048272117E-13, -1.500000000000000000, 3.999999999999896971 ) ) ;
#692 = LINE ( 'NONE', #1424, #1329 ) ;
#693 = FACE_BOUND ( 'NONE', #68, .T. ) ;
#694 = ORIENTED_EDGE ( 'NONE', *, *, #831, .T. ) ;
#695 = EDGE_LOOP ( 'NONE', ( #10, #775, #888, #517, #573, #1167, #241, #946, #1039, #285, #575, #1446, #816 ) ) ;
#696 = AXIS2_PLACEMENT_3D ( 'NONE', #1287, #1864, #1145 ) ;
#697 = ORIENTED_EDGE ( 'NONE', *, *, #1310, .T. ) ;
#698 = CARTESIAN_POINT ( 'NONE',  ( 2.971110903349109655, 0.000000000000000000, 1.850000000000010081 ) ) ;
#699 = ADVANCED_FACE ( 'NONE', ( #1740 ), #891, .F. ) ;
#700 = EDGE_CURVE ( 'NONE', #729, #295, #1601, .T. ) ;
#701 = CARTESIAN_POINT ( 'NONE',  ( 6.000000000000000000, -1.500000000000000000, -0.4999999999999598099 ) ) ;
#702 = DIRECTION ( 'NONE',  ( 0.000000000000000000, 1.000000000000000000, 0.000000000000000000 ) ) ;
#703 = ORIENTED_EDGE ( 'NONE', *, *, #419, .T. ) ;
#704 = VERTEX_POINT ( 'NONE', #1458 ) ;
#705 = VECTOR ( 'NONE', #210, 1000.000000000000000 ) ;
#706 = ORIENTED_EDGE ( 'NONE', *, *, #969, .F. ) ;
#707 = DIRECTION ( 'NONE',  ( 0.000000000000000000, 1.000000000000000000, 0.000000000000000000 ) ) ;
#708 = VECTOR ( 'NONE', #987, 1000.000000000000000 ) ;
#709 = EDGE_CURVE ( 'NONE', #457, #1041, #1764, .T. ) ;
#710 = CARTESIAN_POINT ( 'NONE',  ( -1.849999999999832445, -1.500000000000000000, 7.999999999999896083 ) ) ;
#711 = VERTEX_POINT ( 'NONE', #32 ) ;
#712 = ORIENTED_EDGE ( 'NONE', *, *, #680, .F. ) ;
#713 = VERTEX_POINT ( 'NONE', #1470 ) ;
#714 = CARTESIAN_POINT ( 'NONE',  ( 1.849999999999999867, -1.500000000000000000, -8.000000000000000000 ) ) ;
#715 = CARTESIAN_POINT ( 'NONE',  ( 0.000000000000000000, -4.000000000000000000, 3.500000000000000444 ) ) ;
#716 = CARTESIAN_POINT ( 'NONE',  ( 7.999999999999992895, 0.000000000000000000, 1.850000000000026956 ) ) ;
#717 = EDGE_CURVE ( 'NONE', #1290, #1173, #476, .T. ) ;
#718 = EDGE_LOOP ( 'NONE', ( #808, #1844, #344, #1557 ) ) ;
#719 = ORIENTED_EDGE ( 'NONE', *, *, #598, .T. ) ;
#720 = VECTOR ( 'NONE', #921, 1000.000000000000000 ) ;
#721 = ORIENTED_EDGE ( 'NONE', *, *, #907, .F. ) ;
#722 = DIRECTION ( 'NONE',  ( 0.000000000000000000, 1.000000000000000000, 0.000000000000000000 ) ) ;
#723 = VECTOR ( 'NONE', #399, 1000.000000000000000 ) ;
#724 = VECTOR ( 'NONE', #1076, 1000.000000000000000 ) ;
#725 =( NAMED_UNIT ( * ) SI_UNIT ( $, .STERADIAN. ) SOLID_ANGLE_UNIT ( ) );
#726 = AXIS2_PLACEMENT_3D ( 'NONE', #939, #1650, #355 ) ;
#727 = CARTESIAN_POINT ( 'NONE',  ( 0.000000000000000000, -1.500000000000000000, 0.000000000000000000 ) ) ;
#728 = EDGE_LOOP ( 'NONE', ( #286, #1668, #1357, #1073 ) ) ;
#729 = VERTEX_POINT ( 'NONE', #1332 ) ;
#730 = EDGE_CURVE ( 'NONE', #1212, #1328, #1591, .T. ) ;
#731 = FACE_OUTER_BOUND ( 'NONE', #1483, .T. ) ;
#732 = ORIENTED_EDGE ( 'NONE', *, *, #1229, .T. ) ;
#733 = DIRECTION ( 'NONE',  ( 0.000000000000000000, 0.000000000000000000, 1.000000000000000000 ) ) ;
#734 = CIRCLE ( 'NONE', #500, 3.500000000000000444 ) ;
#735 = ORIENTED_EDGE ( 'NONE', *, *, #920, .F. ) ;
#736 = CARTESIAN_POINT ( 'NONE',  ( 8.000000000000000000, -1.500000000000000000, 2.710505431213761085E-14 ) ) ;
#737 = DIRECTION ( 'NONE',  ( 0.000000000000000000, 1.000000000000000000, 0.000000000000000000 ) ) ;
#738 = CARTESIAN_POINT ( 'NONE',  ( 8.000000000000007105, -1.500000000000000000, -1.849999999999972777 ) ) ;
#739 = ORIENTED_EDGE ( 'NONE', *, *, #33, .F. ) ;
#740 = FACE_BOUND ( 'NONE', #1466, .T. ) ;
#741 = ORIENTED_EDGE ( 'NONE', *, *, #1550, .F. ) ;
#742 = EDGE_CURVE ( 'NONE', #1392, #704, #542, .T. ) ;
#743 = FACE_BOUND ( 'NONE', #1391, .T. ) ;
#744 = EDGE_CURVE ( 'NONE', #384, #400, #1135, .T. ) ;
#745 = ORIENTED_EDGE ( 'NONE', *, *, #244, .T. ) ;
#746 = DIRECTION ( 'NONE',  ( 0.000000000000000000, -1.000000000000000000, 0.000000000000000000 ) ) ;
#747 = CIRCLE ( 'NONE', #372, 0.5000000000000000000 ) ;
#748 = CARTESIAN_POINT ( 'NONE',  ( -2.971110903349136745, -1.500000000000000000, 1.849999999999969003 ) ) ;
#749 = CYLINDRICAL_SURFACE ( 'NONE', #1635, 0.5000000000000004441 ) ;
#750 = ORIENTED_EDGE ( 'NONE', *, *, #1046, .F. ) ;
#751 = APPLICATION_CONTEXT ( 'automotive_design' ) ;
#752 = CYLINDRICAL_SURFACE ( 'NONE', #579, 3.500000000000000444 ) ;
#753 = ORIENTED_EDGE ( 'NONE', *, *, #1170, .F. ) ;
#754 = CIRCLE ( 'NONE', #1088, 0.5000000000000000000 ) ;
#755 = CYLINDRICAL_SURFACE ( 'NONE', #621, 0.5000000000000007772 ) ;
#756 = EDGE_CURVE ( 'NONE', #1852, #1225, #1625, .T. ) ;
#757 = CARTESIAN_POINT ( 'NONE',  ( 2.939152317953647106E-16, -0.7500000000000000000, -2.399999999999999911 ) ) ;
#758 = CIRCLE ( 'NONE', #1125, 0.4999999999999998890 ) ;
#759 = CARTESIAN_POINT ( 'NONE',  ( 0.000000000000000000, -1.399999999999999689, 0.000000000000000000 ) ) ;
#760 = EDGE_LOOP ( 'NONE', ( #1665, #583, #231, #948, #177, #1452, #1770, #1301 ) ) ;
#761 = LINE ( 'NONE', #342, #99 ) ;
#762 = ORIENTED_EDGE ( 'NONE', *, *, #756, .F. ) ;
#763 = EDGE_LOOP ( 'NONE', ( #1429, #272, #1368, #234 ) ) ;
#764 = DIRECTION ( 'NONE',  ( 0.000000000000000000, 1.000000000000000000, 0.000000000000000000 ) ) ;
#765 = AXIS2_PLACEMENT_3D ( 'NONE', #112, #1546, #856 ) ;
#766 = CIRCLE ( 'NONE', #1681, 1.849999999999999201 ) ;
#767 = ADVANCED_FACE ( 'NONE', ( #1314 ), #590, .T. ) ;
#768 = DIRECTION ( 'NONE',  ( -1.000000000000000000, 0.000000000000000000, -1.293568601313029335E-16 ) ) ;
#769 = CARTESIAN_POINT ( 'NONE',  ( 1.463672932855430986E-13, -1.500000000000000000, 5.999999999999896971 ) ) ;
#770 = AXIS2_PLACEMENT_3D ( 'NONE', #1554, #501, #1113 ) ;
#771 = VECTOR ( 'NONE', #297, 1000.000000000000000 ) ;
#772 = MANIFOLD_SOLID_BREP ( '보스-돌출2', #1174 ) ;
#773 = CARTESIAN_POINT ( 'NONE',  ( 0.000000000000000000, -1.500000000000000000, 0.000000000000000000 ) ) ;
#774 = ORIENTED_EDGE ( 'NONE', *, *, #1276, .F. ) ;
#775 = ORIENTED_EDGE ( 'NONE', *, *, #1538, .T. ) ;
#776 = CARTESIAN_POINT ( 'NONE',  ( -2.971110903349136745, -1.500000000000000000, 1.849999999999969003 ) ) ;
#777 = DIRECTION ( 'NONE',  ( 0.000000000000000000, 1.000000000000000000, 0.000000000000000000 ) ) ;
#778 = CARTESIAN_POINT ( 'NONE',  ( 1.674008154317618846E-13, -1.500000000000000000, 9.849999999999896616 ) ) ;
#779 = EDGE_CURVE ( 'NONE', #22, #13, #51, .T. ) ;
#780 = CARTESIAN_POINT ( 'NONE',  ( 1.849999999999999867, -1.500000000000000000, -8.000000000000000000 ) ) ;
#781 = ORIENTED_EDGE ( 'NONE', *, *, #1809, .T. ) ;
#782 = ORIENTED_EDGE ( 'NONE', *, *, #463, .F. ) ;
#783 = CARTESIAN_POINT ( 'NONE',  ( 2.939152317953647106E-16, -1.399999999999999689, 2.399999999999999911 ) ) ;
#784 = FACE_OUTER_BOUND ( 'NONE', #1858, .T. ) ;
#785 = FACE_OUTER_BOUND ( 'NONE', #1086, .T. ) ;
#786 = DIRECTION ( 'NONE',  ( 0.000000000000000000, 1.000000000000000000, 0.000000000000000000 ) ) ;
#787 = VECTOR ( 'NONE', #1509, 1000.000000000000000 ) ;
#788 = AXIS2_PLACEMENT_3D ( 'NONE', #299, #276, #1132 ) ;
#789 = CARTESIAN_POINT ( 'NONE',  ( 0.000000000000000000, 0.000000000000000000, -7.500000000000000000 ) ) ;
#790 = PLANE ( 'NONE',  #984 ) ;
#791 = CIRCLE ( 'NONE', #254, 1.849999999999999201 ) ;
#792 = DIRECTION ( 'NONE',  ( 0.000000000000000000, 1.000000000000000000, 0.000000000000000000 ) ) ;
#793 = VERTEX_POINT ( 'NONE', #1342 ) ;
#794 = EDGE_CURVE ( 'NONE', #577, #673, #293, .T. ) ;
#795 = VERTEX_POINT ( 'NONE', #53 ) ;
#796 = EDGE_LOOP ( 'NONE', ( #1475, #985, #101, #570 ) ) ;
#797 = CARTESIAN_POINT ( 'NONE',  ( 4.000000000000000000, 0.000000000000000000, 5.496905014501507480E-14 ) ) ;
#798 = CARTESIAN_POINT ( 'NONE',  ( -4.000000000000000888, -1.500000000000000000, 0.4999999999999160116 ) ) ;
#799 = CARTESIAN_POINT ( 'NONE',  ( 0.000000000000000000, -1.399999999999999689, 0.000000000000000000 ) ) ;
#800 = CARTESIAN_POINT ( 'NONE',  ( 6.000000000000000000, 0.000000000000000000, -0.4999999999999598099 ) ) ;
#801 = CIRCLE ( 'NONE', #1789, 1.850000000000000089 ) ;
#802 = CARTESIAN_POINT ( 'NONE',  ( 1.674008154317618846E-13, 0.000000000000000000, 9.849999999999896616 ) ) ;
#803 = DIRECTION ( 'NONE',  ( 0.000000000000000000, 1.000000000000000000, 0.000000000000000000 ) ) ;
#804 = LINE ( 'NONE', #190, #787 ) ;
#805 = VERTEX_POINT ( 'NONE', #326 ) ;
#806 = STYLED_ITEM ( 'NONE', ( #1179 ), #772 ) ;
#807 = EDGE_CURVE ( 'NONE', #188, #651, #322, .T. ) ;
#808 = ORIENTED_EDGE ( 'NONE', *, *, #598, .F. ) ;
#809 = ORIENTED_EDGE ( 'NONE', *, *, #453, .T. ) ;
#810 = CARTESIAN_POINT ( 'NONE',  ( 1.850000000000167510, -1.500000000000000000, 2.971110903349012844 ) ) ;
#811 = EDGE_CURVE ( 'NONE', #123, #321, #267, .T. ) ;
#812 = DIRECTION ( 'NONE',  ( 0.000000000000000000, 1.000000000000000000, 0.000000000000000000 ) ) ;
#813 = CYLINDRICAL_SURFACE ( 'NONE', #1736, 0.5000000000000004441 ) ;
#814 = CARTESIAN_POINT ( 'NONE',  ( 0.000000000000000000, -4.000000000000000000, 0.000000000000000000 ) ) ;
#815 = CARTESIAN_POINT ( 'NONE',  ( -6.000000000000000888, -1.500000000000000000, -0.5000000000000847100 ) ) ;
#816 = ORIENTED_EDGE ( 'NONE', *, *, #1489, .F. ) ;
#817 = ORIENTED_EDGE ( 'NONE', *, *, #196, .T. ) ;
#818 = DIRECTION ( 'NONE',  ( 0.000000000000000000, 0.000000000000000000, 1.000000000000000000 ) ) ;
#819 = DIRECTION ( 'NONE',  ( 0.000000000000000000, 1.000000000000000000, 0.000000000000000000 ) ) ;
#820 = ADVANCED_FACE ( 'NONE', ( #164 ), #755, .F. ) ;
#821 = AXIS2_PLACEMENT_3D ( 'NONE', #1269, #292, #1020 ) ;
#822 = DIRECTION ( 'NONE',  ( 0.000000000000000000, 0.000000000000000000, 1.000000000000000000 ) ) ;
#823 = CARTESIAN_POINT ( 'NONE',  ( 0.000000000000000000, 0.000000000000000000, 0.000000000000000000 ) ) ;
#824 = AXIS2_PLACEMENT_3D ( 'NONE', #1521, #1062, #1338 ) ;
#825 = CIRCLE ( 'NONE', #1270, 0.5000000000000007772 ) ;
#826 = DIRECTION ( 'NONE',  ( 0.000000000000000000, 1.000000000000000000, 0.000000000000000000 ) ) ;
#827 = VECTOR ( 'NONE', #777, 1000.000000000000000 ) ;
#828 = ORIENTED_EDGE ( 'NONE', *, *, #588, .T. ) ;
#829 = DIRECTION ( 'NONE',  ( 1.000000000000000000, 0.000000000000000000, -1.293568601313029335E-16 ) ) ;
#830 = CARTESIAN_POINT ( 'NONE',  ( 6.000000000000000000, -1.500000000000000000, 4.098284211995206761E-14 ) ) ;
#831 = EDGE_CURVE ( 'NONE', #1074, #335, #1649, .T. ) ;
#832 = LINE ( 'NONE', #1220, #1438 ) ;
#833 = FACE_BOUND ( 'NONE', #191, .T. ) ;
#834 = DIRECTION ( 'NONE',  ( 0.000000000000000000, 1.000000000000000000, 0.000000000000000000 ) ) ;
#835 = EDGE_LOOP ( 'NONE', ( #860, #1706, #1574, #316 ) ) ;
#836 = MECHANICAL_DESIGN_GEOMETRIC_PRESENTATION_REPRESENTATION (  '', ( #1623 ), #1565 ) ;
#837 = ORIENTED_EDGE ( 'NONE', *, *, #1836, .F. ) ;
#838 = CARTESIAN_POINT ( 'NONE',  ( 4.189777606611760026E-14, -1.500000000000000000, -3.500000000000000000 ) ) ;
#839 = VECTOR ( 'NONE', #557, 1000.000000000000000 ) ;
#840 = CYLINDRICAL_SURFACE ( 'NONE', #1700, 0.5000000000000004441 ) ;
#841 = CARTESIAN_POINT ( 'NONE',  ( 1.674008154317618846E-13, -1.500000000000000000, 7.999999999999896083 ) ) ;
#842 = ORIENTED_EDGE ( 'NONE', *, *, #1080, .F. ) ;
#843 = EDGE_LOOP ( 'NONE', ( #409, #118, #1031, #1513 ) ) ;
#844 = EDGE_CURVE ( 'NONE', #1449, #50, #1684, .T. ) ;
#845 = ADVANCED_FACE ( 'NONE', ( #740, #1265 ), #1465, .T. ) ;
#846 = ORIENTED_EDGE ( 'NONE', *, *, #65, .T. ) ;
#847 = FACE_OUTER_BOUND ( 'NONE', #718, .T. ) ;
#848 = DIRECTION ( 'NONE',  ( 0.000000000000000000, 1.000000000000000000, -0.000000000000000000 ) ) ;
#849 = PLANE ( 'NONE',  #1485 ) ;
#850 = VERTEX_POINT ( 'NONE', #1708 ) ;
#851 = AXIS2_PLACEMENT_3D ( 'NONE', #1605, #1753, #1324 ) ;
#852 = ORIENTED_EDGE ( 'NONE', *, *, #1320, .T. ) ;
#853 = ADVANCED_FACE ( 'NONE', ( #1327 ), #840, .F. ) ;
#854 = AXIS2_PLACEMENT_3D ( 'NONE', #260, #1556, #1825 ) ;
#855 = VERTEX_POINT ( 'NONE', #897 ) ;
#856 = DIRECTION ( 'NONE',  ( 0.000000000000000000, 0.000000000000000000, 1.000000000000000000 ) ) ;
#857 =( NAMED_UNIT ( * ) PLANE_ANGLE_UNIT ( ) SI_UNIT ( $, .RADIAN. ) );
#858 = CARTESIAN_POINT ( 'NONE',  ( 0.000000000000000000, 0.000000000000000000, -8.000000000000000000 ) ) ;
#859 = ORIENTED_EDGE ( 'NONE', *, *, #1294, .T. ) ;
#860 = ORIENTED_EDGE ( 'NONE', *, *, #1002, .F. ) ;
#861 = VECTOR ( 'NONE', #962, 1000.000000000000000 ) ;
#862 = VERTEX_POINT ( 'NONE', #313 ) ;
#863 = CYLINDRICAL_SURFACE ( 'NONE', #1011, 0.5000000000000000000 ) ;
#864 = EDGE_CURVE ( 'NONE', #795, #1776, #1204, .T. ) ;
#865 = AXIS2_PLACEMENT_3D ( 'NONE', #881, #460, #1168 ) ;
#866 = EDGE_CURVE ( 'NONE', #1142, #22, #692, .T. ) ;
#867 = EDGE_CURVE ( 'NONE', #1173, #188, #1846, .T. ) ;
#868 = PRODUCT ( '00_마이크로 서보_혼 십자', '00_마이크로 서보_혼 십자', '', ( #551 ) ) ;
#869 = CARTESIAN_POINT ( 'NONE',  ( 2.101012037301616771E-14, -1.500000000000000000, -6.500000000000000888 ) ) ;
#870 = ORIENTED_EDGE ( 'NONE', *, *, #1354, .F. ) ;
#871 = ORIENTED_EDGE ( 'NONE', *, *, #907, .T. ) ;
#872 = ORIENTED_EDGE ( 'NONE', *, *, #477, .T. ) ;
#873 = ORIENTED_EDGE ( 'NONE', *, *, #1476, .F. ) ;
#874 = CARTESIAN_POINT ( 'NONE',  ( 4.195900840607496784E-14, -1.500000000000000000, -4.500000000000000888 ) ) ;
#875 = ADVANCED_FACE ( 'NONE', ( #41 ), #1737, .F. ) ;
#876 = DIRECTION ( 'NONE',  ( 1.030542985712712944E-14, 0.000000000000000000, -1.000000000000000000 ) ) ;
#877 = CARTESIAN_POINT ( 'NONE',  ( 0.000000000000000000, -1.500000000000000000, -8.000000000000000000 ) ) ;
#878 = ORIENTED_EDGE ( 'NONE', *, *, #206, .T. ) ;
#879 = DIRECTION ( 'NONE',  ( 0.000000000000000000, -0.000000000000000000, -1.000000000000000000 ) ) ;
#880 = EDGE_LOOP ( 'NONE', ( #995, #422 ) ) ;
#881 = CARTESIAN_POINT ( 'NONE',  ( 0.000000000000000000, -1.500000000000000000, -8.000000000000000000 ) ) ;
#882 = AXIS2_PLACEMENT_3D ( 'NONE', #1835, #834, #1096 ) ;
#883 = CARTESIAN_POINT ( 'NONE',  ( -8.000000000000000000, -1.500000000000000000, -8.391724815037804319E-14 ) ) ;
#884 = AXIS2_PLACEMENT_3D ( 'NONE', #464, #768, #17 ) ;
#885 = CARTESIAN_POINT ( 'NONE',  ( 2.094888803305880013E-14, -1.500000000000000000, -5.500000000000000000 ) ) ;
#886 = CARTESIAN_POINT ( 'NONE',  ( 0.000000000000000000, 0.000000000000000000, 0.000000000000000000 ) ) ;
#887 = EDGE_CURVE ( 'NONE', #1074, #683, #178, .T. ) ;
#888 = ORIENTED_EDGE ( 'NONE', *, *, #158, .T. ) ;
#889 = LINE ( 'NONE', #1608, #669 ) ;
#890 = EDGE_LOOP ( 'NONE', ( #1085, #735, #462, #1761 ) ) ;
#891 = CYLINDRICAL_SURFACE ( 'NONE', #865, 0.5000000000000004441 ) ;
#892 = AXIS2_PLACEMENT_3D ( 'NONE', #663, #376, #1351 ) ;
#893 = EDGE_LOOP ( 'NONE', ( #873, #150, #1788, #1747 ) ) ;
#894 = DIRECTION ( 'NONE',  ( 0.000000000000000000, 1.000000000000000000, 0.000000000000000000 ) ) ;
#895 = CARTESIAN_POINT ( 'NONE',  ( 4.000000000000000000, -1.500000000000000000, 0.5000000000000557332 ) ) ;
#896 = ORIENTED_EDGE ( 'NONE', *, *, #1150, .T. ) ;
#897 = CARTESIAN_POINT ( 'NONE',  ( -1.849999999999832445, -1.500000000000000000, 7.999999999999896083 ) ) ;
#898 = VERTEX_POINT ( 'NONE', #458 ) ;
#899 = ADVANCED_FACE ( 'NONE', ( #1415 ), #614, .F. ) ;
#900 = ORIENTED_EDGE ( 'NONE', *, *, #1016, .F. ) ;
#901 = DIRECTION ( 'NONE',  ( 0.000000000000000000, 0.000000000000000000, 1.000000000000000000 ) ) ;
#902 = DIRECTION ( 'NONE',  ( 0.000000000000000000, 1.000000000000000000, -0.000000000000000000 ) ) ;
#903 = FACE_OUTER_BOUND ( 'NONE', #126, .T. ) ;
#904 = VERTEX_POINT ( 'NONE', #1175 ) ;
#905 = CYLINDRICAL_SURFACE ( 'NONE', #64, 1.850000000000000977 ) ;
#906 = ORIENTED_EDGE ( 'NONE', *, *, #94, .F. ) ;
#907 = EDGE_CURVE ( 'NONE', #1225, #795, #889, .T. ) ;
#908 = VECTOR ( 'NONE', #472, 1000.000000000000000 ) ;
#909 = EDGE_LOOP ( 'NONE', ( #1289, #1722, #1422, #361 ) ) ;
#910 = DIRECTION ( 'NONE',  ( 0.000000000000000000, 1.000000000000000000, 0.000000000000000000 ) ) ;
#911 = AXIS2_PLACEMENT_3D ( 'NONE', #230, #75, #483 ) ;
#912 = AXIS2_PLACEMENT_3D ( 'NONE', #224, #970, #377 ) ;
#913 = DIRECTION ( 'NONE',  ( 0.000000000000000000, 0.000000000000000000, 1.000000000000000000 ) ) ;
#914 = CYLINDRICAL_SURFACE ( 'NONE', #401, 0.5000000000000004441 ) ;
#915 = DIRECTION ( 'NONE',  ( 0.000000000000000000, 1.000000000000000000, 0.000000000000000000 ) ) ;
#916 = EDGE_LOOP ( 'NONE', ( #662, #719, #438, #360, #208, #983, #1745 ) ) ;
#917 = ORIENTED_EDGE ( 'NONE', *, *, #1583, .T. ) ;
#918 = DIRECTION ( 'NONE',  ( 0.000000000000000000, 0.000000000000000000, -1.000000000000000000 ) ) ;
#919 = PLANE ( 'NONE',  #104 ) ;
#920 = EDGE_CURVE ( 'NONE', #1288, #403, #161, .T. ) ;
#921 = DIRECTION ( 'NONE',  ( -0.000000000000000000, 1.000000000000000000, -0.000000000000000000 ) ) ;
#922 = CIRCLE ( 'NONE', #682, 1.849999999999999867 ) ;
#923 = AXIS2_PLACEMENT_3D ( 'NONE', #691, #1732, #1007 ) ;
#924 = CARTESIAN_POINT ( 'NONE',  ( 6.000000000000000000, -1.500000000000000000, 0.5000000000000417444 ) ) ;
#925 = ORIENTED_EDGE ( 'NONE', *, *, #1095, .T. ) ;
#926 = ORIENTED_EDGE ( 'NONE', *, *, #135, .T. ) ;
#927 = CARTESIAN_POINT ( 'NONE',  ( 1.674008154317618846E-13, 0.000000000000000000, 7.999999999999896083 ) ) ;
#928 = CARTESIAN_POINT ( 'NONE',  ( 0.000000000000000000, 0.000000000000000000, -8.000000000000000000 ) ) ;
#929 = CARTESIAN_POINT ( 'NONE',  ( -1.849999999999832445, -1.500000000000000000, 7.999999999999896083 ) ) ;
#930 = ADVANCED_FACE ( 'NONE', ( #468 ), #752, .T. ) ;
#931 = DIRECTION ( 'NONE',  ( 0.000000000000000000, 1.000000000000000000, 0.000000000000000000 ) ) ;
#932 = CARTESIAN_POINT ( 'NONE',  ( 1.674008154317618846E-13, -1.500000000000000000, 7.999999999999896083 ) ) ;
#933 = LINE ( 'NONE', #924, #186 ) ;
#934 = VERTEX_POINT ( 'NONE', #1455 ) ;
#935 = ORIENTED_EDGE ( 'NONE', *, *, #94, .T. ) ;
#936 = ORIENTED_EDGE ( 'NONE', *, *, #587, .T. ) ;
#937 = DIRECTION ( 'NONE',  ( 0.000000000000000000, 1.000000000000000000, 0.000000000000000000 ) ) ;
#938 = CARTESIAN_POINT ( 'NONE',  ( -8.000000000000000000, -1.500000000000000000, -8.391724815037804319E-14 ) ) ;
#939 = CARTESIAN_POINT ( 'NONE',  ( 2.094888803305880013E-14, -1.500000000000000000, -6.000000000000000000 ) ) ;
#940 = DIRECTION ( 'NONE',  ( 0.000000000000000000, 1.000000000000000000, 0.000000000000000000 ) ) ;
#941 = AXIS2_PLACEMENT_3D ( 'NONE', #54, #195, #913 ) ;
#942 = DIRECTION ( 'NONE',  ( 0.000000000000000000, -0.000000000000000000, -1.000000000000000000 ) ) ;
#943 = LINE ( 'NONE', #1401, #1373 ) ;
#944 = ADVANCED_FACE ( 'NONE', ( #1158 ), #449, .F. ) ;
#945 = DIRECTION ( 'NONE',  ( -0.000000000000000000, 1.000000000000000000, -0.000000000000000000 ) ) ;
#946 = ORIENTED_EDGE ( 'NONE', *, *, #394, .F. ) ;
#947 = EDGE_CURVE ( 'NONE', #235, #577, #433, .T. ) ;
#948 = ORIENTED_EDGE ( 'NONE', *, *, #1211, .T. ) ;
#949 = EDGE_LOOP ( 'NONE', ( #1588, #999 ) ) ;
#950 = LINE ( 'NONE', #1203, #1829 ) ;
#951 = DIRECTION ( 'NONE',  ( 0.000000000000000000, 0.000000000000000000, 1.000000000000000000 ) ) ;
#952 = CARTESIAN_POINT ( 'NONE',  ( 1.849999999999999867, -1.500000000000000000, -8.000000000000000000 ) ) ;
#953 = CIRCLE ( 'NONE', #411, 2.399999999999999911 ) ;
#954 = DIRECTION ( 'NONE',  ( 0.000000000000000000, 1.000000000000000000, 0.000000000000000000 ) ) ;
#955 = LINE ( 'NONE', #497, #1527 ) ;
#956 = CIRCLE ( 'NONE', #538, 1.850000000000000089 ) ;
#957 = CARTESIAN_POINT ( 'NONE',  ( 7.999999999999992895, -1.500000000000000000, 1.850000000000026956 ) ) ;
#958 = PRESENTATION_LAYER_ASSIGNMENT (  '', '', ( #806 ) ) ;
#959 = ADVANCED_FACE ( 'NONE', ( #731 ), #1308, .F. ) ;
#960 = ORIENTED_EDGE ( 'NONE', *, *, #1750, .F. ) ;
#961 = ORIENTED_EDGE ( 'NONE', *, *, #1310, .F. ) ;
#962 = DIRECTION ( 'NONE',  ( -4.311895337710097785E-17, -0.000000000000000000, -1.000000000000000000 ) ) ;
#963 = CARTESIAN_POINT ( 'NONE',  ( 8.000000000000000000, -1.500000000000000000, 0.5000000000000278666 ) ) ;
#964 = DIRECTION ( 'NONE',  ( 0.000000000000000000, 1.000000000000000000, 0.000000000000000000 ) ) ;
#965 = FACE_BOUND ( 'NONE', #412, .T. ) ;
#966 = DIRECTION ( 'NONE',  ( 0.000000000000000000, 0.000000000000000000, 1.000000000000000000 ) ) ;
#967 = ORIENTED_EDGE ( 'NONE', *, *, #887, .T. ) ;
#968 = LINE ( 'NONE', #1585, #839 ) ;
#969 = EDGE_CURVE ( 'NONE', #1290, #651, #933, .T. ) ;
#970 = DIRECTION ( 'NONE',  ( 0.000000000000000000, 1.000000000000000000, 0.000000000000000000 ) ) ;
#971 = CIRCLE ( 'NONE', #1054, 2.399999999999999911 ) ;
#972 = PLANE ( 'NONE',  #1496 ) ;
#973 = CARTESIAN_POINT ( 'NONE',  ( 0.000000000000000000, -0.7500000000000000000, 0.000000000000000000 ) ) ;
#974 = DIRECTION ( 'NONE',  ( 0.000000000000000000, 1.000000000000000000, 0.000000000000000000 ) ) ;
#975 = ORIENTED_EDGE ( 'NONE', *, *, #1464, .T. ) ;
#976 = CIRCLE ( 'NONE', #1127, 3.500000000000000444 ) ;
#977 = ORIENTED_EDGE ( 'NONE', *, *, #639, .F. ) ;
#978 = LINE ( 'NONE', #684, #420 ) ;
#979 = CARTESIAN_POINT ( 'NONE',  ( -1.850000000000000533, 0.000000000000000000, -2.971110903349116317 ) ) ;
#980 = ADVANCED_FACE ( 'NONE', ( #622 ), #494, .F. ) ;
#981 = EDGE_CURVE ( 'NONE', #704, #1349, #804, .T. ) ;
#982 = DIRECTION ( 'NONE',  ( -1.000000000000000000, 0.000000000000000000, -1.030542985712712944E-14 ) ) ;
#983 = ORIENTED_EDGE ( 'NONE', *, *, #256, .F. ) ;
#984 = AXIS2_PLACEMENT_3D ( 'NONE', #1233, #247, #1082 ) ;
#985 = ORIENTED_EDGE ( 'NONE', *, *, #587, .F. ) ;
#986 = ORIENTED_EDGE ( 'NONE', *, *, #429, .T. ) ;
#987 = DIRECTION ( 'NONE',  ( 0.000000000000000000, 1.000000000000000000, 0.000000000000000000 ) ) ;
#988 = DIRECTION ( 'NONE',  ( 0.000000000000000000, 0.000000000000000000, 1.000000000000000000 ) ) ;
#989 = DIRECTION ( 'NONE',  ( 0.000000000000000000, 0.000000000000000000, 1.000000000000000000 ) ) ;
#990 = CIRCLE ( 'NONE', #655, 0.5000000000000007772 ) ;
#991 = CARTESIAN_POINT ( 'NONE',  ( 1.850000000000167732, 0.000000000000000000, 7.999999999999896083 ) ) ;
#992 = ORIENTED_EDGE ( 'NONE', *, *, #1107, .F. ) ;
#993 = ADVANCED_FACE ( 'NONE', ( #1380 ), #1501, .F. ) ;
#994 = EDGE_LOOP ( 'NONE', ( #1411, #750, #1487, #1356 ) ) ;
#995 = ORIENTED_EDGE ( 'NONE', *, *, #1408, .F. ) ;
#996 = DIRECTION ( 'NONE',  ( 0.000000000000000000, 0.000000000000000000, 1.000000000000000000 ) ) ;
#997 = FILL_AREA_STYLE_COLOUR ( '', #1104 ) ;
#998 = DIRECTION ( 'NONE',  ( 0.000000000000000000, 1.000000000000000000, 0.000000000000000000 ) ) ;
#999 = ORIENTED_EDGE ( 'NONE', *, *, #106, .F. ) ;
#1000 = VECTOR ( 'NONE', #786, 1000.000000000000000 ) ;
#1001 = ORIENTED_EDGE ( 'NONE', *, *, #244, .F. ) ;
#1002 = EDGE_CURVE ( 'NONE', #133, #1536, #330, .T. ) ;
#1003 = VECTOR ( 'NONE', #324, 1000.000000000000000 ) ;
#1004 = AXIS2_PLACEMENT_3D ( 'NONE', #685, #1540, #1395 ) ;
#1005 = AXIS2_PLACEMENT_3D ( 'NONE', #642, #1528, #951 ) ;
#1006 = ORIENTED_EDGE ( 'NONE', *, *, #180, .F. ) ;
#1007 = DIRECTION ( 'NONE',  ( 0.000000000000000000, 0.000000000000000000, 1.000000000000000000 ) ) ;
#1008 = DIRECTION ( 'NONE',  ( 0.000000000000000000, 0.000000000000000000, 1.000000000000000000 ) ) ;
#1009 = EDGE_LOOP ( 'NONE', ( #1116, #809, #926, #1063 ) ) ;
#1010 = ORIENTED_EDGE ( 'NONE', *, *, #194, .F. ) ;
#1011 = AXIS2_PLACEMENT_3D ( 'NONE', #273, #1440, #253 ) ;
#1012 = CIRCLE ( 'NONE', #198, 1.849999999999999867 ) ;
#1013 = ORIENTED_EDGE ( 'NONE', *, *, #280, .T. ) ;
#1014 = VERTEX_POINT ( 'NONE', #527 ) ;
#1015 = LINE ( 'NONE', #24, #771 ) ;
#1016 = EDGE_CURVE ( 'NONE', #1597, #1802, #1654, .T. ) ;
#1017 = AXIS2_PLACEMENT_3D ( 'NONE', #1400, #1081, #107 ) ;
#1018 = AXIS2_PLACEMENT_3D ( 'NONE', #1196, #1057, #1772 ) ;
#1019 = DIRECTION ( 'NONE',  ( 0.000000000000000000, 1.000000000000000000, -0.000000000000000000 ) ) ;
#1020 = DIRECTION ( 'NONE',  ( 0.000000000000000000, 0.000000000000000000, -1.000000000000000000 ) ) ;
#1021 = ORIENTED_EDGE ( 'NONE', *, *, #1688, .T. ) ;
#1022 = DIRECTION ( 'NONE',  ( 0.000000000000000000, 0.000000000000000000, 1.000000000000000000 ) ) ;
#1023 = ORIENTED_EDGE ( 'NONE', *, *, #1810, .F. ) ;
#1024 = DIRECTION ( 'NONE',  ( 0.000000000000000000, -0.000000000000000000, -1.000000000000000000 ) ) ;
#1025 = CARTESIAN_POINT ( 'NONE',  ( 4.189777606611760026E-14, -1.500000000000000000, -4.000000000000000000 ) ) ;
#1026 = ADVANCED_FACE ( 'NONE', ( #1799 ), #905, .T. ) ;
#1027 = CARTESIAN_POINT ( 'NONE',  ( -1.850000000000000533, -1.500000000000000000, -2.971110903349116317 ) ) ;
#1028 = CARTESIAN_POINT ( 'NONE',  ( 2.094888803305880013E-14, -1.500000000000000000, -6.000000000000000000 ) ) ;
#1029 = ORIENTED_EDGE ( 'NONE', *, *, #535, .T. ) ;
#1030 = CARTESIAN_POINT ( 'NONE',  ( 1.251169307048272117E-13, -1.500000000000000000, 4.499999999999896971 ) ) ;
#1031 = ORIENTED_EDGE ( 'NONE', *, *, #354, .T. ) ;
#1032 = CARTESIAN_POINT ( 'NONE',  ( 6.123233995736767268E-17, -1.500000000000000000, -8.500000000000000000 ) ) ;
#1033 = VECTOR ( 'NONE', #1474, 1000.000000000000000 ) ;
#1034 = CIRCLE ( 'NONE', #1397, 0.5000000000000004441 ) ;
#1035 = CARTESIAN_POINT ( 'NONE',  ( 1.251169307048272117E-13, -1.500000000000000000, 3.999999999999896971 ) ) ;
#1036 = FACE_OUTER_BOUND ( 'NONE', #1418, .T. ) ;
#1037 = DIRECTION ( 'NONE',  ( 0.000000000000000000, 0.000000000000000000, 1.000000000000000000 ) ) ;
#1038 = EDGE_CURVE ( 'NONE', #271, #252, #761, .T. ) ;
#1039 = ORIENTED_EDGE ( 'NONE', *, *, #1603, .F. ) ;
#1040 = CARTESIAN_POINT ( 'NONE',  ( 0.000000000000000000, -4.000000000000000000, 0.000000000000000000 ) ) ;
#1041 = VERTEX_POINT ( 'NONE', #1769 ) ;
#1042 = DIRECTION ( 'NONE',  ( 0.000000000000000000, 1.000000000000000000, 0.000000000000000000 ) ) ;
#1043 = LINE ( 'NONE', #757, #581 ) ;
#1044 = DIRECTION ( 'NONE',  ( 0.000000000000000000, 1.000000000000000000, 0.000000000000000000 ) ) ;
#1045 = ORIENTED_EDGE ( 'NONE', *, *, #216, .F. ) ;
#1046 = EDGE_CURVE ( 'NONE', #271, #1247, #1149, .T. ) ;
#1047 = CARTESIAN_POINT ( 'NONE',  ( 6.000000000000000000, -1.500000000000000000, 4.098284211995206761E-14 ) ) ;
#1048 = ORIENTED_EDGE ( 'NONE', *, *, #1595, .F. ) ;
#1049 = VERTEX_POINT ( 'NONE', #1492 ) ;
#1050 = CARTESIAN_POINT ( 'NONE',  ( 2.101012037301616771E-14, -1.500000000000000000, -6.500000000000000888 ) ) ;
#1051 = CARTESIAN_POINT ( 'NONE',  ( 1.469576158976823553E-16, -2.399999999999999911, -1.199999999999999956 ) ) ;
#1052 = CARTESIAN_POINT ( 'NONE',  ( 0.000000000000000000, -0.7500000000000000000, 0.000000000000000000 ) ) ;
#1053 = ORIENTED_EDGE ( 'NONE', *, *, #811, .F. ) ;
#1054 = AXIS2_PLACEMENT_3D ( 'NONE', #886, #489, #328 ) ;
#1055 = ADVANCED_FACE ( 'NONE', ( #1645 ), #1072, .F. ) ;
#1056 = EDGE_LOOP ( 'NONE', ( #637, #1598 ) ) ;
#1057 = DIRECTION ( 'NONE',  ( 0.000000000000000000, 1.000000000000000000, 0.000000000000000000 ) ) ;
#1058 = VECTOR ( 'NONE', #1083, 1000.000000000000000 ) ;
#1059 = CARTESIAN_POINT ( 'NONE',  ( -4.000000000000000888, -1.500000000000000000, -8.391724815037804319E-14 ) ) ;
#1060 = AXIS2_PLACEMENT_3D ( 'NONE', #319, #1315, #1181 ) ;
#1061 = CARTESIAN_POINT ( 'NONE',  ( -4.000000000000000888, -1.500000000000000000, 0.4999999999999160116 ) ) ;
#1062 = DIRECTION ( 'NONE',  ( 0.000000000000000000, 1.000000000000000000, 0.000000000000000000 ) ) ;
#1063 = ORIENTED_EDGE ( 'NONE', *, *, #730, .F. ) ;
#1064 = ORIENTED_EDGE ( 'NONE', *, *, #1077, .F. ) ;
#1065 = DIRECTION ( 'NONE',  ( 0.000000000000000000, 1.000000000000000000, -0.000000000000000000 ) ) ;
#1066 = VECTOR ( 'NONE', #92, 1000.000000000000000 ) ;
#1067 = EDGE_CURVE ( 'NONE', #1852, #335, #1396, .T. ) ;
#1068 = DIRECTION ( 'NONE',  ( 1.000000000000000000, 0.000000000000000000, 3.363278363413876026E-15 ) ) ;
#1069 = DIRECTION ( 'NONE',  ( 0.000000000000000000, 1.000000000000000000, 0.000000000000000000 ) ) ;
#1070 = VECTOR ( 'NONE', #1840, 1000.000000000000000 ) ;
#1071 = CARTESIAN_POINT ( 'NONE',  ( 4.189777606611760026E-14, 0.000000000000000000, -3.500000000000000000 ) ) ;
#1072 = CYLINDRICAL_SURFACE ( 'NONE', #1124, 0.5000000000000007772 ) ;
#1073 = ORIENTED_EDGE ( 'NONE', *, *, #1534, .T. ) ;
#1074 = VERTEX_POINT ( 'NONE', #1775 ) ;
#1075 = FACE_OUTER_BOUND ( 'NONE', #893, .T. ) ;
#1076 = DIRECTION ( 'NONE',  ( -4.311895337710097785E-17, -0.000000000000000000, -1.000000000000000000 ) ) ;
#1077 = EDGE_CURVE ( 'NONE', #1802, #295, #1847, .T. ) ;
#1078 = DIRECTION ( 'NONE',  ( 0.000000000000000000, 0.000000000000000000, 1.000000000000000000 ) ) ;
#1079 = DIRECTION ( 'NONE',  ( -1.000000000000000000, -0.000000000000000000, -3.621992083676481449E-15 ) ) ;
#1080 = EDGE_CURVE ( 'NONE', #1210, #1041, #349, .T. ) ;
#1081 = DIRECTION ( 'NONE',  ( 0.000000000000000000, 1.000000000000000000, 0.000000000000000000 ) ) ;
#1082 = DIRECTION ( 'NONE',  ( -4.311895337710097785E-17, 0.000000000000000000, -1.000000000000000000 ) ) ;
#1083 = DIRECTION ( 'NONE',  ( 0.000000000000000000, 1.000000000000000000, 0.000000000000000000 ) ) ;
#1084 = EDGE_LOOP ( 'NONE', ( #1622, #977, #703, #1592 ) ) ;
#1085 = ORIENTED_EDGE ( 'NONE', *, *, #665, .F. ) ;
#1086 = EDGE_LOOP ( 'NONE', ( #1522, #1827, #1510, #1319 ) ) ;
#1087 = LINE ( 'NONE', #641, #136 ) ;
#1088 = AXIS2_PLACEMENT_3D ( 'NONE', #1443, #277, #1293 ) ;
#1089 = CARTESIAN_POINT ( 'NONE',  ( 6.000000000000000000, -1.500000000000000000, 0.5000000000000417444 ) ) ;
#1090 = AXIS2_PLACEMENT_3D ( 'NONE', #1756, #30, #1275 ) ;
#1091 = LINE ( 'NONE', #212, #1295 ) ;
#1092 = CIRCLE ( 'NONE', #1778, 0.5000000000000007772 ) ;
#1093 = CARTESIAN_POINT ( 'NONE',  ( -8.000000000000000000, 0.000000000000000000, -8.391724815037804319E-14 ) ) ;
#1094 = DIRECTION ( 'NONE',  ( 0.000000000000000000, -0.000000000000000000, 1.000000000000000000 ) ) ;
#1095 = EDGE_CURVE ( 'NONE', #144, #1494, #358, .T. ) ;
#1096 = DIRECTION ( 'NONE',  ( 0.000000000000000000, 0.000000000000000000, 1.000000000000000000 ) ) ;
#1097 = ORIENTED_EDGE ( 'NONE', *, *, #1119, .F. ) ;
#1098 = ORIENTED_EDGE ( 'NONE', *, *, #653, .T. ) ;
#1099 = DIRECTION ( 'NONE',  ( -0.000000000000000000, -1.000000000000000000, -0.000000000000000000 ) ) ;
#1100 = CARTESIAN_POINT ( 'NONE',  ( 0.000000000000000000, -1.500000000000000000, -8.000000000000000000 ) ) ;
#1101 = CIRCLE ( 'NONE', #290, 0.5000000000000007772 ) ;
#1102 = CARTESIAN_POINT ( 'NONE',  ( 8.000000000000000000, 0.000000000000000000, -0.4999999999999736877 ) ) ;
#1103 = FACE_OUTER_BOUND ( 'NONE', #157, .T. ) ;
#1104 = COLOUR_RGB ( '',1.000000000000000000, 1.000000000000000000, 1.000000000000000000 ) ;
#1105 = DIRECTION ( 'NONE',  ( 0.000000000000000000, 1.000000000000000000, 0.000000000000000000 ) ) ;
#1106 =( GEOMETRIC_REPRESENTATION_CONTEXT ( 3 ) GLOBAL_UNCERTAINTY_ASSIGNED_CONTEXT ( ( #1217 ) ) GLOBAL_UNIT_ASSIGNED_CONTEXT ( ( #1322, #452, #725 ) ) REPRESENTATION_CONTEXT ( 'NONE', 'WORKASPACE' ) );
#1107 = EDGE_CURVE ( 'NONE', #1049, #1536, #1355, .T. ) ;
#1108 = ORIENTED_EDGE ( 'NONE', *, *, #1750, .T. ) ;
#1109 = ORIENTED_EDGE ( 'NONE', *, *, #82, .F. ) ;
#1110 = CYLINDRICAL_SURFACE ( 'NONE', #318, 2.399999999999999911 ) ;
#1111 = CYLINDRICAL_SURFACE ( 'NONE', #912, 0.5000000000000000000 ) ;
#1112 =( LENGTH_UNIT ( ) NAMED_UNIT ( * ) SI_UNIT ( .MILLI., .METRE. ) );
#1113 = DIRECTION ( 'NONE',  ( 0.000000000000000000, 0.000000000000000000, 1.000000000000000000 ) ) ;
#1114 = CARTESIAN_POINT ( 'NONE',  ( 0.000000000000000000, -0.7500000000000000000, 0.000000000000000000 ) ) ;
#1115 = LINE ( 'NONE', #391, #490 ) ;
#1116 = ORIENTED_EDGE ( 'NONE', *, *, #137, .F. ) ;
#1117 = CARTESIAN_POINT ( 'NONE',  ( 7.999999999999992895, -1.500000000000000000, 1.850000000000026956 ) ) ;
#1118 = ADVANCED_FACE ( 'NONE', ( #1209 ), #502, .F. ) ;
#1119 = EDGE_CURVE ( 'NONE', #343, #1350, #97, .T. ) ;
#1120 = CARTESIAN_POINT ( 'NONE',  ( -4.000000000000000888, -1.500000000000000000, -8.391724815037804319E-14 ) ) ;
#1121 = DIRECTION ( 'NONE',  ( 1.000000000000000000, -0.000000000000000000, 1.056414357738973802E-14 ) ) ;
#1122 = CARTESIAN_POINT ( 'NONE',  ( -7.999999999999983125, -1.500000000000000000, -1.850000000000083800 ) ) ;
#1123 = DIRECTION ( 'NONE',  ( 0.000000000000000000, 1.000000000000000000, 0.000000000000000000 ) ) ;
#1124 = AXIS2_PLACEMENT_3D ( 'NONE', #629, #514, #199 ) ;
#1125 = AXIS2_PLACEMENT_3D ( 'NONE', #1258, #812, #255 ) ;
#1126 = ORIENTED_EDGE ( 'NONE', *, *, #1805, .F. ) ;
#1127 = AXIS2_PLACEMENT_3D ( 'NONE', #727, #1633, #609 ) ;
#1128 = ORIENTED_EDGE ( 'NONE', *, *, #1441, .F. ) ;
#1129 = LINE ( 'NONE', #1707, #708 ) ;
#1130 = DIRECTION ( 'NONE',  ( 0.000000000000000000, 1.000000000000000000, -0.000000000000000000 ) ) ;
#1131 = EDGE_CURVE ( 'NONE', #1630, #563, #1410, .T. ) ;
#1132 = DIRECTION ( 'NONE',  ( 0.000000000000000000, 0.000000000000000000, 1.000000000000000000 ) ) ;
#1133 = ORIENTED_EDGE ( 'NONE', *, *, #1550, .T. ) ;
#1134 = VERTEX_POINT ( 'NONE', #546 ) ;
#1135 = CIRCLE ( 'NONE', #1624, 2.399999999999999911 ) ;
#1136 = ORIENTED_EDGE ( 'NONE', *, *, #1421, .T. ) ;
#1137 = CYLINDRICAL_SURFACE ( 'NONE', #923, 0.5000000000000004441 ) ;
#1138 = EDGE_CURVE ( 'NONE', #862, #89, #1115, .T. ) ;
#1139 = DIRECTION ( 'NONE',  ( 0.000000000000000000, 1.000000000000000000, 0.000000000000000000 ) ) ;
#1140 = ORIENTED_EDGE ( 'NONE', *, *, #1539, .F. ) ;
#1141 = EDGE_CURVE ( 'NONE', #624, #1210, #38, .T. ) ;
#1142 = VERTEX_POINT ( 'NONE', #381 ) ;
#1143 = ORIENTED_EDGE ( 'NONE', *, *, #135, .F. ) ;
#1144 = CARTESIAN_POINT ( 'NONE',  ( 1.464285256255004788E-13, -1.500000000000000000, 5.499999999999896083 ) ) ;
#1145 = DIRECTION ( 'NONE',  ( 0.000000000000000000, 0.000000000000000000, -1.000000000000000000 ) ) ;
#1146 = DIRECTION ( 'NONE',  ( 1.000000000000000000, -0.000000000000000000, 3.363278363413876420E-15 ) ) ;
#1147 = AXIS2_PLACEMENT_3D ( 'NONE', #759, #320, #1316 ) ;
#1148 = ORIENTED_EDGE ( 'NONE', *, *, #709, .F. ) ;
#1149 = CIRCLE ( 'NONE', #339, 0.5000000000000004441 ) ;
#1150 = EDGE_CURVE ( 'NONE', #554, #1609, #1544, .T. ) ;
#1151 = CIRCLE ( 'NONE', #129, 0.5000000000000004441 ) ;
#1152 = CIRCLE ( 'NONE', #492, 0.5000000000000007772 ) ;
#1153 = ORIENTED_EDGE ( 'NONE', *, *, #1768, .F. ) ;
#1154 = CARTESIAN_POINT ( 'NONE',  ( 4.189777606611760026E-14, -1.500000000000000000, -4.000000000000000000 ) ) ;
#1155 = DIRECTION ( 'NONE',  ( 0.000000000000000000, 0.000000000000000000, -1.000000000000000000 ) ) ;
#1156 = VERTEX_POINT ( 'NONE', #1390 ) ;
#1157 = ORIENTED_EDGE ( 'NONE', *, *, #1451, .F. ) ;
#1158 = FACE_OUTER_BOUND ( 'NONE', #1009, .T. ) ;
#1159 = VERTEX_POINT ( 'NONE', #671 ) ;
#1160 = EDGE_CURVE ( 'NONE', #252, #688, #1454, .T. ) ;
#1161 = DIRECTION ( 'NONE',  ( 0.000000000000000000, -1.000000000000000000, 0.000000000000000000 ) ) ;
#1162 = DIRECTION ( 'NONE',  ( 0.000000000000000000, 1.000000000000000000, -0.000000000000000000 ) ) ;
#1163 = CARTESIAN_POINT ( 'NONE',  ( 7.999999999999992895, 0.000000000000000000, 1.850000000000026956 ) ) ;
#1164 = VERTEX_POINT ( 'NONE', #815 ) ;
#1165 = ORIENTED_EDGE ( 'NONE', *, *, #394, .T. ) ;
#1166 = DIRECTION ( 'NONE',  ( -1.000000000000000000, -0.000000000000000000, -1.030542985712712944E-14 ) ) ;
#1167 = ORIENTED_EDGE ( 'NONE', *, *, #233, .F. ) ;
#1168 = DIRECTION ( 'NONE',  ( 0.000000000000000000, 0.000000000000000000, 1.000000000000000000 ) ) ;
#1169 = EDGE_CURVE ( 'NONE', #400, #384, #1670, .T. ) ;
#1170 = EDGE_CURVE ( 'NONE', #1350, #594, #1177, .T. ) ;
#1171 = CARTESIAN_POINT ( 'NONE',  ( 0.000000000000000000, 0.000000000000000000, 0.000000000000000000 ) ) ;
#1172 = CARTESIAN_POINT ( 'NONE',  ( -7.999999999999983125, 0.000000000000000000, -1.850000000000083800 ) ) ;
#1173 = VERTEX_POINT ( 'NONE', #1402 ) ;
#1174 = CLOSED_SHELL ( 'NONE', ( #1262, #574, #959, #853, #56, #1781, #1026, #1055, #899, #820, #537, #1710, #147, #993, #416, #930, #1779, #944, #289, #1729, #346, #473, #845, #298, #1118, #1286, #547, #1616, #1720, #699, #323, #1277, #1792, #1677, #440, #1399, #980, #1191, #875, #332, #257, #279, #689, #1333, #1824, #628, #767, #1477, #1620, #1730, #1420, #45, #1619 ) ) ;
#1175 = CARTESIAN_POINT ( 'NONE',  ( 2.939152317953647106E-16, 0.000000000000000000, -2.399999999999999911 ) ) ;
#1176 = ORIENTED_EDGE ( 'NONE', *, *, #1334, .T. ) ;
#1177 = CIRCLE ( 'NONE', #854, 3.500000000000000444 ) ;
#1178 = VERTEX_POINT ( 'NONE', #109 ) ;
#1179 = PRESENTATION_STYLE_ASSIGNMENT (( #1602 ) ) ;
#1180 = EDGE_CURVE ( 'NONE', #1226, #1392, #189, .T. ) ;
#1181 = DIRECTION ( 'NONE',  ( 0.000000000000000000, 0.000000000000000000, 1.000000000000000000 ) ) ;
#1182 = DIRECTION ( 'NONE',  ( 0.000000000000000000, 0.000000000000000000, 1.000000000000000000 ) ) ;
#1183 = ORIENTED_EDGE ( 'NONE', *, *, #1538, .F. ) ;
#1184 = DIRECTION ( 'NONE',  ( 0.000000000000000000, 1.000000000000000000, 0.000000000000000000 ) ) ;
#1185 = ORIENTED_EDGE ( 'NONE', *, *, #1192, .T. ) ;
#1186 = CIRCLE ( 'NONE', #382, 0.5000000000000004441 ) ;
#1187 = CARTESIAN_POINT ( 'NONE',  ( -8.000000000000000000, -1.500000000000000000, -8.391724815037804319E-14 ) ) ;
#1188 = AXIS2_PLACEMENT_3D ( 'NONE', #182, #910, #305 ) ;
#1189 = DIRECTION ( 'NONE',  ( 0.000000000000000000, 0.000000000000000000, 1.000000000000000000 ) ) ;
#1190 = CYLINDRICAL_SURFACE ( 'NONE', #366, 0.5000000000000007772 ) ;
#1191 = ADVANCED_FACE ( 'NONE', ( #543 ), #507, .F. ) ;
#1192 = EDGE_CURVE ( 'NONE', #1444, #1350, #532, .T. ) ;
#1193 = DIRECTION ( 'NONE',  ( -0.000000000000000000, 1.000000000000000000, -0.000000000000000000 ) ) ;
#1194 = EDGE_LOOP ( 'NONE', ( #1754, #1098 ) ) ;
#1195 = EDGE_LOOP ( 'NONE', ( #479, #192, #986, #1628 ) ) ;
#1196 = CARTESIAN_POINT ( 'NONE',  ( 6.000000000000000000, -1.500000000000000000, 4.098284211995206761E-14 ) ) ;
#1197 = DIRECTION ( 'NONE',  ( 0.000000000000000000, 1.000000000000000000, 0.000000000000000000 ) ) ;
#1198 = CARTESIAN_POINT ( 'NONE',  ( -6.000000000000000888, -1.500000000000000000, 0.4999999999999168443 ) ) ;
#1199 = DIRECTION ( 'NONE',  ( 0.000000000000000000, 0.000000000000000000, 1.000000000000000000 ) ) ;
#1200 = ORIENTED_EDGE ( 'NONE', *, *, #807, .T. ) ;
#1201 = EDGE_CURVE ( 'NONE', #1597, #729, #40, .T. ) ;
#1202 = AXIS2_PLACEMENT_3D ( 'NONE', #1472, #176, #1491 ) ;
#1203 = CARTESIAN_POINT ( 'NONE',  ( 2.094888803305880013E-14, -1.500000000000000000, -5.500000000000000000 ) ) ;
#1204 = CIRCLE ( 'NONE', #1815, 1.850000000000000089 ) ;
#1205 = VECTOR ( 'NONE', #654, 1000.000000000000000 ) ;
#1206 = DIRECTION ( 'NONE',  ( 0.000000000000000000, -1.000000000000000000, 0.000000000000000000 ) ) ;
#1207 = AXIS2_PLACEMENT_3D ( 'NONE', #1752, #46, #1189 ) ;
#1208 = FACE_OUTER_BOUND ( 'NONE', #596, .T. ) ;
#1209 = FACE_OUTER_BOUND ( 'NONE', #909, .T. ) ;
#1210 = VERTEX_POINT ( 'NONE', #664 ) ;
#1211 = EDGE_CURVE ( 'NONE', #102, #1728, #1092, .T. ) ;
#1212 = VERTEX_POINT ( 'NONE', #1671 ) ;
#1213 = DIRECTION ( 'NONE',  ( 0.000000000000000000, 1.000000000000000000, -0.000000000000000000 ) ) ;
#1214 = AXIS2_PLACEMENT_3D ( 'NONE', #1393, #1372, #103 ) ;
#1215 = CARTESIAN_POINT ( 'NONE',  ( 4.000000000000000000, -1.500000000000000000, 5.496905014501507480E-14 ) ) ;
#1216 = PLANE ( 'NONE',  #1849 ) ;
#1217 = UNCERTAINTY_MEASURE_WITH_UNIT (LENGTH_MEASURE( 1.000000000000000082E-05 ), #1322, 'distance_accuracy_value', 'NONE');
#1218 = DIRECTION ( 'NONE',  ( 3.755660839145562487E-14, 0.000000000000000000, 1.000000000000000000 ) ) ;
#1219 = AXIS2_PLACEMENT_3D ( 'NONE', #1093, #931, #228 ) ;
#1220 = CARTESIAN_POINT ( 'NONE',  ( 1.849999999999999867, 0.000000000000000000, -8.000000000000000000 ) ) ;
#1221 = DIRECTION ( 'NONE',  ( 3.755660839145562487E-14, -0.000000000000000000, 1.000000000000000000 ) ) ;
#1222 = CARTESIAN_POINT ( 'NONE',  ( 2.971110903349122978, 0.000000000000000000, -1.849999999999990985 ) ) ;
#1223 = ORIENTED_EDGE ( 'NONE', *, *, #981, .F. ) ;
#1224 = AXIS2_PLACEMENT_3D ( 'NONE', #1862, #1559, #566 ) ;
#1225 = VERTEX_POINT ( 'NONE', #406 ) ;
#1226 = VERTEX_POINT ( 'NONE', #798 ) ;
#1227 = CARTESIAN_POINT ( 'NONE',  ( 0.000000000000000000, -1.399999999999999689, 0.000000000000000000 ) ) ;
#1228 = CYLINDRICAL_SURFACE ( 'NONE', #1581, 1.850000000000000089 ) ;
#1229 = EDGE_CURVE ( 'NONE', #1236, #1134, #1658, .T. ) ;
#1230 = FACE_BOUND ( 'NONE', #1731, .T. ) ;
#1231 = DIRECTION ( 'NONE',  ( 0.000000000000000000, 1.000000000000000000, 0.000000000000000000 ) ) ;
#1232 = PLANE ( 'NONE',  #1017 ) ;
#1233 = CARTESIAN_POINT ( 'NONE',  ( 1.850000000000167510, -1.500000000000000000, 2.971110903349012844 ) ) ;
#1234 = CARTESIAN_POINT ( 'NONE',  ( 2.971110903349122978, -1.500000000000000000, -1.849999999999990985 ) ) ;
#1235 = EDGE_LOOP ( 'NONE', ( #294, #1403, #312, #1281 ) ) ;
#1236 = VERTEX_POINT ( 'NONE', #963 ) ;
#1237 = CYLINDRICAL_SURFACE ( 'NONE', #1214, 2.399999999999999911 ) ;
#1238 = VECTOR ( 'NONE', #365, 1000.000000000000000 ) ;
#1239 = DIRECTION ( 'NONE',  ( 0.000000000000000000, 0.000000000000000000, 1.000000000000000000 ) ) ;
#1240 = VECTOR ( 'NONE', #1318, 1000.000000000000000 ) ;
#1241 = EDGE_CURVE ( 'NONE', #1305, #516, #825, .T. ) ;
#1242 = AXIS2_PLACEMENT_3D ( 'NONE', #799, #204, #1794 ) ;
#1243 = DIRECTION ( 'NONE',  ( 0.000000000000000000, 0.000000000000000000, -1.000000000000000000 ) ) ;
#1244 = CARTESIAN_POINT ( 'NONE',  ( 2.094888803305880013E-14, 0.000000000000000000, -5.500000000000000000 ) ) ;
#1245 = CARTESIAN_POINT ( 'NONE',  ( 0.000000000000000000, -4.000000000000000000, 0.000000000000000000 ) ) ;
#1246 = ORIENTED_EDGE ( 'NONE', *, *, #1201, .T. ) ;
#1247 = VERTEX_POINT ( 'NONE', #1374 ) ;
#1248 = DIRECTION ( 'NONE',  ( 0.000000000000000000, 0.000000000000000000, 1.000000000000000000 ) ) ;
#1249 = DIRECTION ( 'NONE',  ( -0.000000000000000000, -1.000000000000000000, -0.000000000000000000 ) ) ;
#1250 = VECTOR ( 'NONE', #707, 1000.000000000000000 ) ;
#1251 = DIRECTION ( 'NONE',  ( -0.000000000000000000, -1.000000000000000000, -0.000000000000000000 ) ) ;
#1252 = CYLINDRICAL_SURFACE ( 'NONE', #232, 3.500000000000000444 ) ;
#1253 = CIRCLE ( 'NONE', #1648, 0.5000000000000007772 ) ;
#1254 = DIRECTION ( 'NONE',  ( 0.000000000000000000, 1.000000000000000000, 0.000000000000000000 ) ) ;
#1255 = VECTOR ( 'NONE', #486, 1000.000000000000000 ) ;
#1256 = EDGE_LOOP ( 'NONE', ( #1325, #1140, #1642, #630 ) ) ;
#1257 = CARTESIAN_POINT ( 'NONE',  ( 8.000000000000000000, -1.500000000000000000, 2.710505431213761085E-14 ) ) ;
#1258 = CARTESIAN_POINT ( 'NONE',  ( -4.000000000000000888, -1.500000000000000000, -8.391724815037804319E-14 ) ) ;
#1259 = CARTESIAN_POINT ( 'NONE',  ( -8.000000000000000000, 0.000000000000000000, -8.391724815037804319E-14 ) ) ;
#1260 = DIRECTION ( 'NONE',  ( 0.000000000000000000, 0.000000000000000000, 1.000000000000000000 ) ) ;
#1261 = ORIENTED_EDGE ( 'NONE', *, *, #1138, .T. ) ;
#1262 = ADVANCED_FACE ( 'NONE', ( #550 ), #1560, .F. ) ;
#1263 = ORIENTED_EDGE ( 'NONE', *, *, #1741, .F. ) ;
#1264 = CYLINDRICAL_SURFACE ( 'NONE', #1224, 0.5000000000000007772 ) ;
#1265 = FACE_OUTER_BOUND ( 'NONE', #1575, .T. ) ;
#1266 = CIRCLE ( 'NONE', #1326, 0.5000000000000007772 ) ;
#1267 = SHAPE_DEFINITION_REPRESENTATION ( #203, #1798 ) ;
#1268 = FACE_OUTER_BOUND ( 'NONE', #760, .T. ) ;
#1269 = CARTESIAN_POINT ( 'NONE',  ( 0.000000000000000000, -1.500000000000000000, 0.000000000000000000 ) ) ;
#1270 = AXIS2_PLACEMENT_3D ( 'NONE', #938, #1839, #237 ) ;
#1271 = EDGE_LOOP ( 'NONE', ( #469, #1705 ) ) ;
#1272 = ORIENTED_EDGE ( 'NONE', *, *, #1141, .F. ) ;
#1273 = DIRECTION ( 'NONE',  ( 0.000000000000000000, 1.000000000000000000, 0.000000000000000000 ) ) ;
#1274 = EDGE_CURVE ( 'NONE', #683, #1178, #1360, .T. ) ;
#1275 = DIRECTION ( 'NONE',  ( 0.000000000000000000, 0.000000000000000000, 1.000000000000000000 ) ) ;
#1276 = EDGE_CURVE ( 'NONE', #711, #1771, #1516, .T. ) ;
#1277 = ADVANCED_FACE ( 'NONE', ( #1821 ), #1111, .F. ) ;
#1278 = DIRECTION ( 'NONE',  ( 0.000000000000000000, 0.000000000000000000, 1.000000000000000000 ) ) ;
#1279 = EDGE_LOOP ( 'NONE', ( #1272, #1600, #1860, #842 ) ) ;
#1280 = AXIS2_PLACEMENT_3D ( 'NONE', #1114, #803, #96 ) ;
#1281 = ORIENTED_EDGE ( 'NONE', *, *, #1229, .F. ) ;
#1282 = CIRCLE ( 'NONE', #770, 0.5000000000000007772 ) ;
#1283 = VECTOR ( 'NONE', #315, 1000.000000000000000 ) ;
#1284 = EDGE_LOOP ( 'NONE', ( #122, #556 ) ) ;
#1285 = FACE_OUTER_BOUND ( 'NONE', #1800, .T. ) ;
#1286 = ADVANCED_FACE ( 'NONE', ( #1804 ), #1228, .T. ) ;
#1287 = CARTESIAN_POINT ( 'NONE',  ( 0.000000000000000000, -1.399999999999999689, 0.000000000000000000 ) ) ;
#1288 = VERTEX_POINT ( 'NONE', #519 ) ;
#1289 = ORIENTED_EDGE ( 'NONE', *, *, #1631, .F. ) ;
#1290 = VERTEX_POINT ( 'NONE', #1089 ) ;
#1291 = CARTESIAN_POINT ( 'NONE',  ( -2.971110903349135857, 0.000000000000000000, 1.849999999999969003 ) ) ;
#1292 = FACE_OUTER_BOUND ( 'NONE', #1256, .T. ) ;
#1293 = DIRECTION ( 'NONE',  ( 0.000000000000000000, 0.000000000000000000, 1.000000000000000000 ) ) ;
#1294 = EDGE_CURVE ( 'NONE', #704, #1226, #758, .T. ) ;
#1295 = VECTOR ( 'NONE', #1364, 1000.000000000000000 ) ;
#1296 = EDGE_LOOP ( 'NONE', ( #1480, #1183 ) ) ;
#1297 = VECTOR ( 'NONE', #1813, 1000.000000000000000 ) ;
#1298 = AXIS2_PLACEMENT_3D ( 'NONE', #1122, #876, #982 ) ;
#1299 = ORIENTED_EDGE ( 'NONE', *, *, #1241, .T. ) ;
#1300 = CIRCLE ( 'NONE', #559, 0.5000000000000007772 ) ;
#1301 = ORIENTED_EDGE ( 'NONE', *, *, #510, .F. ) ;
#1302 = FACE_OUTER_BOUND ( 'NONE', #1456, .T. ) ;
#1303 = CARTESIAN_POINT ( 'NONE',  ( 0.000000000000000000, -0.7500000000000000000, 0.000000000000000000 ) ) ;
#1304 = CARTESIAN_POINT ( 'NONE',  ( 4.195900840607496784E-14, -1.500000000000000000, -4.500000000000000888 ) ) ;
#1305 = VERTEX_POINT ( 'NONE', #1682 ) ;
#1306 = VERTEX_POINT ( 'NONE', #388 ) ;
#1307 = AXIS2_PLACEMENT_3D ( 'NONE', #823, #1123, #1094 ) ;
#1308 = CYLINDRICAL_SURFACE ( 'NONE', #1484, 0.5000000000000007772 ) ;
#1309 = EDGE_LOOP ( 'NONE', ( #1689, #782 ) ) ;
#1310 = EDGE_CURVE ( 'NONE', #1328, #1212, #373, .T. ) ;
#1311 = DIRECTION ( 'NONE',  ( 0.000000000000000000, 0.000000000000000000, 1.000000000000000000 ) ) ;
#1312 = ORIENTED_EDGE ( 'NONE', *, *, #1675, .T. ) ;
#1313 = CIRCLE ( 'NONE', #1497, 0.5000000000000004441 ) ;
#1314 = FACE_OUTER_BOUND ( 'NONE', #160, .T. ) ;
#1315 = DIRECTION ( 'NONE',  ( 0.000000000000000000, 1.000000000000000000, 0.000000000000000000 ) ) ;
#1316 = DIRECTION ( 'NONE',  ( 0.000000000000000000, 0.000000000000000000, -1.000000000000000000 ) ) ;
#1317 = EDGE_LOOP ( 'NONE', ( #774, #1023, #732, #649 ) ) ;
#1318 = DIRECTION ( 'NONE',  ( 0.000000000000000000, 1.000000000000000000, 0.000000000000000000 ) ) ;
#1319 = ORIENTED_EDGE ( 'NONE', *, *, #485, .F. ) ;
#1320 = EDGE_CURVE ( 'NONE', #335, #1074, #434, .T. ) ;
#1321 = VERTEX_POINT ( 'NONE', #979 ) ;
#1322 =( LENGTH_UNIT ( ) NAMED_UNIT ( * ) SI_UNIT ( .MILLI., .METRE. ) );
#1323 = DIRECTION ( 'NONE',  ( 0.000000000000000000, 1.000000000000000000, 0.000000000000000000 ) ) ;
#1324 = DIRECTION ( 'NONE',  ( 0.000000000000000000, 0.000000000000000000, 1.000000000000000000 ) ) ;
#1325 = ORIENTED_EDGE ( 'NONE', *, *, #1138, .F. ) ;
#1326 = AXIS2_PLACEMENT_3D ( 'NONE', #499, #72, #85 ) ;
#1327 = FACE_OUTER_BOUND ( 'NONE', #540, .T. ) ;
#1328 = VERTEX_POINT ( 'NONE', #1830 ) ;
#1329 = VECTOR ( 'NONE', #1166, 1000.000000000000000 ) ;
#1330 = AXIS2_PLACEMENT_3D ( 'NONE', #1245, #1695, #1687 ) ;
#1331 = ORIENTED_EDGE ( 'NONE', *, *, #1080, .T. ) ;
#1332 = CARTESIAN_POINT ( 'NONE',  ( 6.123233995736763571E-17, -1.500000000000000000, -8.500000000000000000 ) ) ;
#1333 = ADVANCED_FACE ( 'NONE', ( #784 ), #1361, .F. ) ;
#1334 = EDGE_CURVE ( 'NONE', #1041, #457, #1151, .T. ) ;
#1335 = LINE ( 'NONE', #225, #827 ) ;
#1336 = LINE ( 'NONE', #602, #908 ) ;
#1337 = EDGE_LOOP ( 'NONE', ( #410, #1371, #1341, #896 ) ) ;
#1338 = DIRECTION ( 'NONE',  ( 0.000000000000000000, 0.000000000000000000, 1.000000000000000000 ) ) ;
#1339 = ORIENTED_EDGE ( 'NONE', *, *, #1211, .F. ) ;
#1340 = AXIS2_PLACEMENT_3D ( 'NONE', #243, #1514, #59 ) ;
#1341 = ORIENTED_EDGE ( 'NONE', *, *, #1450, .T. ) ;
#1342 = CARTESIAN_POINT ( 'NONE',  ( 1.674008154317618846E-13, -1.500000000000000000, 9.849999999999896616 ) ) ;
#1343 = AXIS2_PLACEMENT_3D ( 'NONE', #115, #397, #258 ) ;
#1344 = AXIS2_PLACEMENT_3D ( 'NONE', #1611, #163, #733 ) ;
#1345 = PLANE ( 'NONE',  #884 ) ;
#1346 = DIRECTION ( 'NONE',  ( 0.000000000000000000, 1.000000000000000000, 0.000000000000000000 ) ) ;
#1347 = EDGE_CURVE ( 'NONE', #1726, #329, #402, .T. ) ;
#1348 = DIRECTION ( 'NONE',  ( 0.000000000000000000, 1.000000000000000000, -0.000000000000000000 ) ) ;
#1349 = VERTEX_POINT ( 'NONE', #1725 ) ;
#1350 = VERTEX_POINT ( 'NONE', #1579 ) ;
#1351 = DIRECTION ( 'NONE',  ( 0.000000000000000000, 0.000000000000000000, 1.000000000000000000 ) ) ;
#1352 = PLANE ( 'NONE',  #1831 ) ;
#1353 = DIRECTION ( 'NONE',  ( 0.000000000000000000, 1.000000000000000000, 0.000000000000000000 ) ) ;
#1354 = EDGE_CURVE ( 'NONE', #89, #850, #1701, .T. ) ;
#1355 = LINE ( 'NONE', #1234, #1297 ) ;
#1356 = ORIENTED_EDGE ( 'NONE', *, *, #1160, .T. ) ;
#1357 = ORIENTED_EDGE ( 'NONE', *, *, #485, .T. ) ;
#1358 = CARTESIAN_POINT ( 'NONE',  ( 0.000000000000000000, -1.500000000000000000, -8.000000000000000000 ) ) ;
#1359 = AXIS2_PLACEMENT_3D ( 'NONE', #478, #1621, #1762 ) ;
#1360 = CIRCLE ( 'NONE', #528, 0.5000000000000004441 ) ;
#1361 = CYLINDRICAL_SURFACE ( 'NONE', #187, 0.5000000000000004441 ) ;
#1362 = DIRECTION ( 'NONE',  ( 0.000000000000000000, 0.000000000000000000, -1.000000000000000000 ) ) ;
#1363 = VECTOR ( 'NONE', #1197, 1000.000000000000000 ) ;
#1364 = DIRECTION ( 'NONE',  ( 0.000000000000000000, 1.000000000000000000, 0.000000000000000000 ) ) ;
#1365 = FACE_BOUND ( 'NONE', #371, .T. ) ;
#1366 = FACE_OUTER_BOUND ( 'NONE', #728, .T. ) ;
#1367 = CARTESIAN_POINT ( 'NONE',  ( 0.000000000000000000, -1.500000000000000000, -7.500000000000000000 ) ) ;
#1368 = ORIENTED_EDGE ( 'NONE', *, *, #864, .F. ) ;
#1369 = PRODUCT_DEFINITION ( 'UNKNOWN', '', #114, #226 ) ;
#1370 = ORIENTED_EDGE ( 'NONE', *, *, #137, .T. ) ;
#1371 = ORIENTED_EDGE ( 'NONE', *, *, #196, .F. ) ;
#1372 = DIRECTION ( 'NONE',  ( -0.000000000000000000, -1.000000000000000000, -0.000000000000000000 ) ) ;
#1373 = VECTOR ( 'NONE', #668, 1000.000000000000000 ) ;
#1374 = CARTESIAN_POINT ( 'NONE',  ( 1.464285256255004788E-13, -1.500000000000000000, 5.499999999999896083 ) ) ;
#1375 = FACE_OUTER_BOUND ( 'NONE', #1337, .T. ) ;
#1376 = CARTESIAN_POINT ( 'NONE',  ( 1.674008154317618846E-13, -1.500000000000000000, 7.999999999999896083 ) ) ;
#1377 = AXIS2_PLACEMENT_3D ( 'NONE', #1035, #1613, #317 ) ;
#1378 = CYLINDRICAL_SURFACE ( 'NONE', #1409, 1.199999999999999956 ) ;
#1379 = FACE_BOUND ( 'NONE', #949, .T. ) ;
#1380 = FACE_OUTER_BOUND ( 'NONE', #459, .T. ) ;
#1381 = ORIENTED_EDGE ( 'NONE', *, *, #1498, .F. ) ;
#1382 = ORIENTED_EDGE ( 'NONE', *, *, #1711, .F. ) ;
#1383 = EDGE_LOOP ( 'NONE', ( #1001, #1339, #418, #439 ) ) ;
#1384 = FACE_OUTER_BOUND ( 'NONE', #385, .T. ) ;
#1385 = EDGE_CURVE ( 'NONE', #793, #325, #308, .T. ) ;
#1386 = DIRECTION ( 'NONE',  ( 0.000000000000000000, 0.000000000000000000, 1.000000000000000000 ) ) ;
#1387 = CIRCLE ( 'NONE', #28, 0.5000000000000004441 ) ;
#1388 = DIRECTION ( 'NONE',  ( 0.000000000000000000, 0.000000000000000000, 1.000000000000000000 ) ) ;
#1389 = FACE_OUTER_BOUND ( 'NONE', #9, .T. ) ;
#1390 = CARTESIAN_POINT ( 'NONE',  ( -6.000000000000000888, 0.000000000000000000, -0.5000000000000847100 ) ) ;
#1391 = EDGE_LOOP ( 'NONE', ( #539, #1502 ) ) ;
#1392 = VERTEX_POINT ( 'NONE', #1572 ) ;
#1393 = CARTESIAN_POINT ( 'NONE',  ( 0.000000000000000000, -1.399999999999999689, 0.000000000000000000 ) ) ;
#1394 = AXIS2_PLACEMENT_3D ( 'NONE', #466, #612, #1182 ) ;
#1395 = DIRECTION ( 'NONE',  ( 0.000000000000000000, 0.000000000000000000, 1.000000000000000000 ) ) ;
#1396 = CIRCLE ( 'NONE', #6, 3.500000000000000444 ) ;
#1397 = AXIS2_PLACEMENT_3D ( 'NONE', #858, #702, #1278 ) ;
#1398 = CIRCLE ( 'NONE', #1486, 3.500000000000000444 ) ;
#1399 = ADVANCED_FACE ( 'NONE', ( #1268, #408, #693 ), #849, .T. ) ;
#1400 = CARTESIAN_POINT ( 'NONE',  ( 0.000000000000000000, -4.000000000000000000, 0.000000000000000000 ) ) ;
#1401 = CARTESIAN_POINT ( 'NONE',  ( 8.000000000000007105, -1.500000000000000000, -1.849999999999972777 ) ) ;
#1402 = CARTESIAN_POINT ( 'NONE',  ( 6.000000000000000000, -1.500000000000000000, -0.4999999999999598099 ) ) ;
#1403 = ORIENTED_EDGE ( 'NONE', *, *, #1276, .T. ) ;
#1404 = FACE_OUTER_BOUND ( 'NONE', #374, .T. ) ;
#1405 = CARTESIAN_POINT ( 'NONE',  ( 0.000000000000000000, -0.7500000000000000000, 0.000000000000000000 ) ) ;
#1406 = CARTESIAN_POINT ( 'NONE',  ( 1.674008154317618846E-13, -1.500000000000000000, 7.999999999999896083 ) ) ;
#1407 = FACE_BOUND ( 'NONE', #1056, .T. ) ;
#1408 = EDGE_CURVE ( 'NONE', #651, #188, #1607, .T. ) ;
#1409 = AXIS2_PLACEMENT_3D ( 'NONE', #86, #512, #1673 ) ;
#1410 = LINE ( 'NONE', #1533, #1777 ) ;
#1411 = ORIENTED_EDGE ( 'NONE', *, *, #608, .F. ) ;
#1412 = AXIS2_PLACEMENT_3D ( 'NONE', #1025, #1042, #1632 ) ;
#1413 = ORIENTED_EDGE ( 'NONE', *, *, #369, .T. ) ;
#1414 = DIRECTION ( 'NONE',  ( 0.000000000000000000, 1.000000000000000000, 0.000000000000000000 ) ) ;
#1415 = FACE_OUTER_BOUND ( 'NONE', #1445, .T. ) ;
#1416 = APPLICATION_PROTOCOL_DEFINITION ( 'draft international standard', 'automotive_design', 1998, #751 ) ;
#1417 = DIRECTION ( 'NONE',  ( 0.000000000000000000, 1.000000000000000000, 0.000000000000000000 ) ) ;
#1418 = EDGE_LOOP ( 'NONE', ( #1223, #1593, #301, #1667, #1133 ) ) ;
#1419 = ORIENTED_EDGE ( 'NONE', *, *, #138, .T. ) ;
#1420 = ADVANCED_FACE ( 'NONE', ( #1434 ), #121, .F. ) ;
#1421 = EDGE_CURVE ( 'NONE', #91, #1156, #251, .T. ) ;
#1422 = ORIENTED_EDGE ( 'NONE', *, *, #558, .T. ) ;
#1423 = LINE ( 'NONE', #1697, #679 ) ;
#1424 = CARTESIAN_POINT ( 'NONE',  ( -7.999999999999983125, -1.500000000000000000, -1.850000000000083800 ) ) ;
#1425 = VECTOR ( 'NONE', #1231, 1000.000000000000000 ) ;
#1426 = LINE ( 'NONE', #1586, #1070 ) ;
#1427 = LINE ( 'NONE', #130, #610 ) ;
#1428 = LINE ( 'NONE', #716, #98 ) ;
#1429 = ORIENTED_EDGE ( 'NONE', *, *, #1836, .T. ) ;
#1430 = ORIENTED_EDGE ( 'NONE', *, *, #206, .F. ) ;
#1431 = DIRECTION ( 'NONE',  ( 0.000000000000000000, 1.000000000000000000, 0.000000000000000000 ) ) ;
#1432 = EDGE_CURVE ( 'NONE', #1525, #123, #1718, .T. ) ;
#1433 =( NAMED_UNIT ( * ) PLANE_ANGLE_UNIT ( ) SI_UNIT ( $, .RADIAN. ) );
#1434 = FACE_OUTER_BOUND ( 'NONE', #1195, .T. ) ;
#1435 = ORIENTED_EDGE ( 'NONE', *, *, #535, .F. ) ;
#1436 = AXIS2_PLACEMENT_3D ( 'NONE', #797, #393, #1248 ) ;
#1437 = ORIENTED_EDGE ( 'NONE', *, *, #717, .T. ) ;
#1438 = VECTOR ( 'NONE', #246, 1000.000000000000000 ) ;
#1439 = ORIENTED_EDGE ( 'NONE', *, *, #1441, .T. ) ;
#1440 = DIRECTION ( 'NONE',  ( 0.000000000000000000, 1.000000000000000000, 0.000000000000000000 ) ) ;
#1441 = EDGE_CURVE ( 'NONE', #1349, #805, #1848, .T. ) ;
#1442 = DIRECTION ( 'NONE',  ( 0.000000000000000000, 1.000000000000000000, 0.000000000000000000 ) ) ;
#1443 = CARTESIAN_POINT ( 'NONE',  ( 4.189777606611760026E-14, 0.000000000000000000, -4.000000000000000000 ) ) ;
#1444 = VERTEX_POINT ( 'NONE', #991 ) ;
#1445 = EDGE_LOOP ( 'NONE', ( #1435, #592, #1200, #706 ) ) ;
#1446 = ORIENTED_EDGE ( 'NONE', *, *, #1863, .F. ) ;
#1447 = CARTESIAN_POINT ( 'NONE',  ( 1.850000000000000533, -1.500000000000000000, -2.971110903349116317 ) ) ;
#1448 = DIRECTION ( 'NONE',  ( 0.000000000000000000, 0.000000000000000000, -1.000000000000000000 ) ) ;
#1449 = VERTEX_POINT ( 'NONE', #715 ) ;
#1450 = EDGE_CURVE ( 'NONE', #1566, #554, #1427, .T. ) ;
#1451 = EDGE_CURVE ( 'NONE', #295, #1802, #1034, .T. ) ;
#1452 = ORIENTED_EDGE ( 'NONE', *, *, #1711, .T. ) ;
#1453 = VECTOR ( 'NONE', #57, 1000.000000000000000 ) ;
#1454 = CIRCLE ( 'NONE', #220, 0.5000000000000004441 ) ;
#1455 = CARTESIAN_POINT ( 'NONE',  ( 1.850000000000000533, 0.000000000000000000, -2.971110903349116317 ) ) ;
#1456 = EDGE_LOOP ( 'NONE', ( #79, #90, #852, #694, #209, #1851, #1637, #837 ) ) ;
#1457 = AXIS2_PLACEMENT_3D ( 'NONE', #1460, #902, #626 ) ;
#1458 = CARTESIAN_POINT ( 'NONE',  ( -4.000000000000000888, -1.500000000000000000, -0.5000000000000838218 ) ) ;
#1459 = CARTESIAN_POINT ( 'NONE',  ( 2.094888803305880013E-14, 0.000000000000000000, -6.000000000000000000 ) ) ;
#1460 = CARTESIAN_POINT ( 'NONE',  ( 0.000000000000000000, -1.500000000000000000, 0.000000000000000000 ) ) ;
#1461 = CARTESIAN_POINT ( 'NONE',  ( 2.939152317953647106E-16, -0.7500000000000000000, -2.399999999999999911 ) ) ;
#1462 = ORIENTED_EDGE ( 'NONE', *, *, #510, .T. ) ;
#1463 = CIRCLE ( 'NONE', #1340, 3.500000000000000444 ) ;
#1464 = EDGE_CURVE ( 'NONE', #855, #795, #140, .T. ) ;
#1465 = PLANE ( 'NONE',  #504 ) ;
#1466 = EDGE_LOOP ( 'NONE', ( #548, #603 ) ) ;
#1467 = CARTESIAN_POINT ( 'NONE',  ( -1.850000000000000533, 0.000000000000000000, -2.971110903349116317 ) ) ;
#1468 = AXIS2_PLACEMENT_3D ( 'NONE', #367, #954, #1388 ) ;
#1469 = ORIENTED_EDGE ( 'NONE', *, *, #1180, .T. ) ;
#1470 = CARTESIAN_POINT ( 'NONE',  ( -8.000000000000000000, 0.000000000000000000, -0.5000000000000847100 ) ) ;
#1471 = CYLINDRICAL_SURFACE ( 'NONE', #67, 0.4999999999999998890 ) ;
#1472 = CARTESIAN_POINT ( 'NONE',  ( 8.000000000000000000, 0.000000000000000000, 2.710505431213761085E-14 ) ) ;
#1473 = ORIENTED_EDGE ( 'NONE', *, *, #334, .T. ) ;
#1474 = DIRECTION ( 'NONE',  ( 0.000000000000000000, 1.000000000000000000, 0.000000000000000000 ) ) ;
#1475 = ORIENTED_EDGE ( 'NONE', *, *, #1192, .F. ) ;
#1476 = EDGE_CURVE ( 'NONE', #359, #200, #1639, .T. ) ;
#1477 = ADVANCED_FACE ( 'NONE', ( #1292 ), #7, .T. ) ;
#1478 = CARTESIAN_POINT ( 'NONE',  ( -4.000000000000000888, 0.000000000000000000, -8.391724815037804319E-14 ) ) ;
#1479 = CARTESIAN_POINT ( 'NONE',  ( 1.849999999999999867, -1.500000000000000000, -8.000000000000000000 ) ) ;
#1480 = ORIENTED_EDGE ( 'NONE', *, *, #844, .F. ) ;
#1481 = CIRCLE ( 'NONE', #1202, 0.5000000000000007772 ) ;
#1482 = CARTESIAN_POINT ( 'NONE',  ( 1.463672932855430986E-13, -1.500000000000000000, 5.999999999999896971 ) ) ;
#1483 = EDGE_LOOP ( 'NONE', ( #690, #475, #1108, #278 ) ) ;
#1484 = AXIS2_PLACEMENT_3D ( 'NONE', #595, #1636, #1199 ) ;
#1485 = AXIS2_PLACEMENT_3D ( 'NONE', #417, #1850, #1856 ) ;
#1486 = AXIS2_PLACEMENT_3D ( 'NONE', #481, #894, #618 ) ;
#1487 = ORIENTED_EDGE ( 'NONE', *, *, #1038, .T. ) ;
#1488 = DIRECTION ( 'NONE',  ( 0.000000000000000000, 0.000000000000000000, 1.000000000000000000 ) ) ;
#1489 = EDGE_CURVE ( 'NONE', #577, #1568, #491, .T. ) ;
#1490 = LINE ( 'NONE', #591, #1363 ) ;
#1491 = DIRECTION ( 'NONE',  ( 0.000000000000000000, 0.000000000000000000, 1.000000000000000000 ) ) ;
#1492 = CARTESIAN_POINT ( 'NONE',  ( 2.971110903349122978, -1.500000000000000000, -1.849999999999990985 ) ) ;
#1493 = ORIENTED_EDGE ( 'NONE', *, *, #866, .F. ) ;
#1494 = VERTEX_POINT ( 'NONE', #337 ) ;
#1495 = DIRECTION ( 'NONE',  ( 3.621992083676481449E-15, 0.000000000000000000, -1.000000000000000000 ) ) ;
#1496 = AXIS2_PLACEMENT_3D ( 'NONE', #1811, #238, #1662 ) ;
#1497 = AXIS2_PLACEMENT_3D ( 'NONE', #14, #173, #1311 ) ;
#1498 = EDGE_CURVE ( 'NONE', #1306, #713, #1755, .T. ) ;
#1499 = DIRECTION ( 'NONE',  ( 0.000000000000000000, 1.000000000000000000, 0.000000000000000000 ) ) ;
#1500 = DIRECTION ( 'NONE',  ( 0.000000000000000000, 0.000000000000000000, 1.000000000000000000 ) ) ;
#1501 = CYLINDRICAL_SURFACE ( 'NONE', #526, 2.399999999999999911 ) ;
#1502 = ORIENTED_EDGE ( 'NONE', *, *, #1141, .T. ) ;
#1503 = CARTESIAN_POINT ( 'NONE',  ( 2.939152317953647106E-16, -1.399999999999999689, 2.399999999999999911 ) ) ;
#1504 = CARTESIAN_POINT ( 'NONE',  ( 0.000000000000000000, -1.500000000000000000, 0.000000000000000000 ) ) ;
#1505 = DIRECTION ( 'NONE',  ( 0.000000000000000000, 0.000000000000000000, 1.000000000000000000 ) ) ;
#1506 = DIRECTION ( 'NONE',  ( 0.000000000000000000, 0.000000000000000000, 1.000000000000000000 ) ) ;
#1507 = CARTESIAN_POINT ( 'NONE',  ( 1.850000000000167510, -1.500000000000000000, 2.971110903349012844 ) ) ;
#1508 = EDGE_CURVE ( 'NONE', #102, #1159, #1614, .T. ) ;
#1509 = DIRECTION ( 'NONE',  ( 0.000000000000000000, 1.000000000000000000, 0.000000000000000000 ) ) ;
#1510 = ORIENTED_EDGE ( 'NONE', *, *, #811, .T. ) ;
#1511 = CIRCLE ( 'NONE', #35, 0.5000000000000004441 ) ;
#1512 = ORIENTED_EDGE ( 'NONE', *, *, #310, .T. ) ;
#1513 = ORIENTED_EDGE ( 'NONE', *, *, #1347, .T. ) ;
#1514 = DIRECTION ( 'NONE',  ( 0.000000000000000000, 1.000000000000000000, -0.000000000000000000 ) ) ;
#1515 = AXIS2_PLACEMENT_3D ( 'NONE', #582, #437, #1155 ) ;
#1516 = LINE ( 'NONE', #83, #1205 ) ;
#1517 = LINE ( 'NONE', #520, #1727 ) ;
#1518 = CARTESIAN_POINT ( 'NONE',  ( 4.000000000000000000, -1.500000000000000000, -0.4999999999999458211 ) ) ;
#1519 = FACE_BOUND ( 'NONE', #503, .T. ) ;
#1520 = DIRECTION ( 'NONE',  ( 0.000000000000000000, 1.000000000000000000, 0.000000000000000000 ) ) ;
#1521 = CARTESIAN_POINT ( 'NONE',  ( 0.000000000000000000, 0.000000000000000000, -8.000000000000000000 ) ) ;
#1522 = ORIENTED_EDGE ( 'NONE', *, *, #65, .F. ) ;
#1523 = EDGE_CURVE ( 'NONE', #1566, #1014, #635, .T. ) ;
#1524 = ORIENTED_EDGE ( 'NONE', *, *, #463, .T. ) ;
#1525 = VERTEX_POINT ( 'NONE', #1050 ) ;
#1526 = DIRECTION ( 'NONE',  ( 0.000000000000000000, 1.000000000000000000, 0.000000000000000000 ) ) ;
#1527 = VECTOR ( 'NONE', #69, 1000.000000000000000 ) ;
#1528 = DIRECTION ( 'NONE',  ( 0.000000000000000000, 1.000000000000000000, 0.000000000000000000 ) ) ;
#1529 = CARTESIAN_POINT ( 'NONE',  ( 1.463672932855430986E-13, 0.000000000000000000, 6.499999999999896971 ) ) ;
#1530 = AXIS2_PLACEMENT_3D ( 'NONE', #1303, #625, #44 ) ;
#1531 = FACE_OUTER_BOUND ( 'NONE', #441, .T. ) ;
#1532 = DIRECTION ( 'NONE',  ( 0.000000000000000000, 1.000000000000000000, 0.000000000000000000 ) ) ;
#1533 = CARTESIAN_POINT ( 'NONE',  ( -2.971110903349136745, -1.500000000000000000, 1.849999999999969003 ) ) ;
#1534 = EDGE_CURVE ( 'NONE', #321, #123, #1702, .T. ) ;
#1535 = VERTEX_POINT ( 'NONE', #885 ) ;
#1536 = VERTEX_POINT ( 'NONE', #165 ) ;
#1537 = DIRECTION ( 'NONE',  ( 0.000000000000000000, 0.000000000000000000, -1.000000000000000000 ) ) ;
#1538 = EDGE_CURVE ( 'NONE', #50, #1449, #1610, .T. ) ;
#1539 = EDGE_CURVE ( 'NONE', #1142, #862, #1490, .T. ) ;
#1540 = DIRECTION ( 'NONE',  ( 0.000000000000000000, 1.000000000000000000, 0.000000000000000000 ) ) ;
#1541 = AXIS2_PLACEMENT_3D ( 'NONE', #1854, #1414, #1723 ) ;
#1542 = FACE_OUTER_BOUND ( 'NONE', #1757, .T. ) ;
#1543 = FACE_BOUND ( 'NONE', #19, .T. ) ;
#1544 = LINE ( 'NONE', #957, #723 ) ;
#1545 = ORIENTED_EDGE ( 'NONE', *, *, #1334, .F. ) ;
#1546 = DIRECTION ( 'NONE',  ( 0.000000000000000000, 1.000000000000000000, 0.000000000000000000 ) ) ;
#1547 = CIRCLE ( 'NONE', #851, 0.5000000000000007772 ) ;
#1548 = DIRECTION ( 'NONE',  ( 0.000000000000000000, 1.000000000000000000, 0.000000000000000000 ) ) ;
#1549 = AXIS2_PLACEMENT_3D ( 'NONE', #1664, #945, #1629 ) ;
#1550 = EDGE_CURVE ( 'NONE', #805, #1349, #159, .T. ) ;
#1551 = AXIS2_PLACEMENT_3D ( 'NONE', #1564, #268, #1448 ) ;
#1552 =( LENGTH_UNIT ( ) NAMED_UNIT ( * ) SI_UNIT ( .MILLI., .METRE. ) );
#1553 = CIRCLE ( 'NONE', #1780, 3.500000000000000444 ) ;
#1554 = CARTESIAN_POINT ( 'NONE',  ( 8.000000000000000000, -1.500000000000000000, 2.710505431213761085E-14 ) ) ;
#1555 = CARTESIAN_POINT ( 'NONE',  ( 8.000000000000000000, 0.000000000000000000, 2.710505431213761085E-14 ) ) ;
#1556 = DIRECTION ( 'NONE',  ( 0.000000000000000000, 1.000000000000000000, 0.000000000000000000 ) ) ;
#1557 = ORIENTED_EDGE ( 'NONE', *, *, #354, .F. ) ;
#1558 = ORIENTED_EDGE ( 'NONE', *, *, #1768, .T. ) ;
#1559 = DIRECTION ( 'NONE',  ( 0.000000000000000000, 1.000000000000000000, 0.000000000000000000 ) ) ;
#1560 = CYLINDRICAL_SURFACE ( 'NONE', #555, 0.4999999999999998890 ) ;
#1561 = VECTOR ( 'NONE', #1221, 1000.000000000000000 ) ;
#1562 = FILL_AREA_STYLE ('',( #997 ) ) ;
#1563 = EDGE_CURVE ( 'NONE', #18, #904, #405, .T. ) ;
#1564 = CARTESIAN_POINT ( 'NONE',  ( 0.000000000000000000, -1.500000000000000000, 0.000000000000000000 ) ) ;
#1565 =( GEOMETRIC_REPRESENTATION_CONTEXT ( 3 ) GLOBAL_UNCERTAINTY_ASSIGNED_CONTEXT ( ( #1784 ) ) GLOBAL_UNIT_ASSIGNED_CONTEXT ( ( #1552, #857, #415 ) ) REPRESENTATION_CONTEXT ( 'NONE', 'WORKASPACE' ) );
#1566 = VERTEX_POINT ( 'NONE', #1773 ) ;
#1567 = EDGE_LOOP ( 'NONE', ( #1617, #605, #111, #565 ) ) ;
#1568 = VERTEX_POINT ( 'NONE', #1027 ) ;
#1569 = CARTESIAN_POINT ( 'NONE',  ( 6.000000000000000000, 0.000000000000000000, 0.5000000000000417444 ) ) ;
#1570 = DIRECTION ( 'NONE',  ( -1.207922650792170568E-13, 0.000000000000000000, -1.000000000000000000 ) ) ;
#1571 = APPLICATION_PROTOCOL_DEFINITION ( 'draft international standard', 'automotive_design', 1998, #493 ) ;
#1572 = CARTESIAN_POINT ( 'NONE',  ( -3.500000000000000888, -1.500000000000000000, -7.435023118664288348E-14 ) ) ;
#1573 = EDGE_LOOP ( 'NONE', ( #1263, #745, #1413, #42, #1045 ) ) ;
#1574 = ORIENTED_EDGE ( 'NONE', *, *, #270, .T. ) ;
#1575 = EDGE_LOOP ( 'NONE', ( #568, #269 ) ) ;
#1576 = DIRECTION ( 'NONE',  ( -1.293568601313029335E-16, 0.000000000000000000, -1.000000000000000000 ) ) ;
#1577 = VECTOR ( 'NONE', #338, 1000.000000000000000 ) ;
#1578 = VECTOR ( 'NONE', #1787, 1000.000000000000000 ) ;
#1579 = CARTESIAN_POINT ( 'NONE',  ( 1.850000000000167510, 0.000000000000000000, 2.971110903349012400 ) ) ;
#1580 = ORIENTED_EDGE ( 'NONE', *, *, #138, .F. ) ;
#1581 = AXIS2_PLACEMENT_3D ( 'NONE', #1100, #1548, #1692 ) ;
#1582 = ORIENTED_EDGE ( 'NONE', *, *, #1523, .F. ) ;
#1583 = EDGE_CURVE ( 'NONE', #1536, #934, #1398, .T. ) ;
#1584 = ORIENTED_EDGE ( 'NONE', *, *, #700, .F. ) ;
#1585 = CARTESIAN_POINT ( 'NONE',  ( 4.286263797015737088E-16, -4.000000000000000000, -3.500000000000000444 ) ) ;
#1586 = CARTESIAN_POINT ( 'NONE',  ( -1.850000000000000533, -1.500000000000000000, -2.971110903349116317 ) ) ;
#1587 = DIRECTION ( 'NONE',  ( 0.000000000000000000, 0.000000000000000000, 1.000000000000000000 ) ) ;
#1588 = ORIENTED_EDGE ( 'NONE', *, *, #333, .F. ) ;
#1589 = AXIS2_PLACEMENT_3D ( 'NONE', #1647, #1669, #652 ) ;
#1590 = ORIENTED_EDGE ( 'NONE', *, *, #700, .T. ) ;
#1591 = CIRCLE ( 'NONE', #1530, 1.199999999999999956 ) ;
#1592 = ORIENTED_EDGE ( 'NONE', *, *, #1131, .T. ) ;
#1593 = ORIENTED_EDGE ( 'NONE', *, *, #742, .F. ) ;
#1594 = LINE ( 'NONE', #1467, #1283 ) ;
#1595 = EDGE_CURVE ( 'NONE', #1164, #1679, #1300, .T. ) ;
#1596 = DIRECTION ( 'NONE',  ( 0.000000000000000000, 1.000000000000000000, 0.000000000000000000 ) ) ;
#1597 = VERTEX_POINT ( 'NONE', #26 ) ;
#1598 = ORIENTED_EDGE ( 'NONE', *, *, #1, .F. ) ;
#1599 = CARTESIAN_POINT ( 'NONE',  ( 1.674008154317618846E-13, 0.000000000000000000, 7.999999999999896083 ) ) ;
#1600 = ORIENTED_EDGE ( 'NONE', *, *, #1661, .T. ) ;
#1601 = LINE ( 'NONE', #1032, #387 ) ;
#1602 = SURFACE_STYLE_USAGE ( .BOTH. , #480 ) ;
#1603 = EDGE_CURVE ( 'NONE', #1142, #1392, #976, .T. ) ;
#1604 = DIRECTION ( 'NONE',  ( 0.000000000000000000, 0.000000000000000000, 1.000000000000000000 ) ) ;
#1605 = CARTESIAN_POINT ( 'NONE',  ( -6.000000000000000888, 0.000000000000000000, -8.391724815037804319E-14 ) ) ;
#1606 = EDGE_LOOP ( 'NONE', ( #1126, #149, #1462, #1512 ) ) ;
#1607 = CIRCLE ( 'NONE', #670, 0.5000000000000007772 ) ;
#1608 = CARTESIAN_POINT ( 'NONE',  ( -1.849999999999832445, 0.000000000000000000, 7.999999999999896083 ) ) ;
#1609 = VERTEX_POINT ( 'NONE', #1163 ) ;
#1610 = CIRCLE ( 'NONE', #1060, 3.500000000000000444 ) ;
#1611 = CARTESIAN_POINT ( 'NONE',  ( 1.674008154317618846E-13, 0.000000000000000000, 7.999999999999896083 ) ) ;
#1612 = ORIENTED_EDGE ( 'NONE', *, *, #508, .T. ) ;
#1613 = DIRECTION ( 'NONE',  ( 0.000000000000000000, 1.000000000000000000, 0.000000000000000000 ) ) ;
#1614 = LINE ( 'NONE', #455, #435 ) ;
#1615 = FACE_OUTER_BOUND ( 'NONE', #29, .T. ) ;
#1616 = ADVANCED_FACE ( 'NONE', ( #307 ), #1345, .T. ) ;
#1617 = ORIENTED_EDGE ( 'NONE', *, *, #1675, .F. ) ;
#1618 = CIRCLE ( 'NONE', #1436, 0.5000000000000007772 ) ;
#1619 = ADVANCED_FACE ( 'NONE', ( #1036 ), #1471, .F. ) ;
#1620 = ADVANCED_FACE ( 'NONE', ( #347 ), #919, .T. ) ;
#1621 = DIRECTION ( 'NONE',  ( -0.000000000000000000, 1.000000000000000000, -0.000000000000000000 ) ) ;
#1622 = ORIENTED_EDGE ( 'NONE', *, *, #1855, .F. ) ;
#1623 = STYLED_ITEM ( 'NONE', ( #424 ), #1798 ) ;
#1624 = AXIS2_PLACEMENT_3D ( 'NONE', #616, #746, #918 ) ;
#1625 = LINE ( 'NONE', #600, #1255 ) ;
#1626 = DIRECTION ( 'NONE',  ( -0.000000000000000000, 1.000000000000000000, -0.000000000000000000 ) ) ;
#1627 = LINE ( 'NONE', #1051, #720 ) ;
#1628 = ORIENTED_EDGE ( 'NONE', *, *, #1498, .T. ) ;
#1629 = DIRECTION ( 'NONE',  ( 0.000000000000000000, 0.000000000000000000, 1.000000000000000000 ) ) ;
#1630 = VERTEX_POINT ( 'NONE', #471 ) ;
#1631 = EDGE_CURVE ( 'NONE', #143, #904, #1043, .T. ) ;
#1632 = DIRECTION ( 'NONE',  ( 0.000000000000000000, 0.000000000000000000, 1.000000000000000000 ) ) ;
#1633 = DIRECTION ( 'NONE',  ( 0.000000000000000000, 1.000000000000000000, -0.000000000000000000 ) ) ;
#1634 = LINE ( 'NONE', #197, #1814 ) ;
#1635 = AXIS2_PLACEMENT_3D ( 'NONE', #769, #205, #55 ) ;
#1636 = DIRECTION ( 'NONE',  ( 0.000000000000000000, 1.000000000000000000, 0.000000000000000000 ) ) ;
#1637 = ORIENTED_EDGE ( 'NONE', *, *, #1385, .F. ) ;
#1638 = AXIS2_PLACEMENT_3D ( 'NONE', #1047, #604, #988 ) ;
#1639 = CIRCLE ( 'NONE', #696, 2.399999999999999911 ) ;
#1640 = EDGE_CURVE ( 'NONE', #673, #329, #327, .T. ) ;
#1641 = AXIS2_PLACEMENT_3D ( 'NONE', #1171, #1323, #1743 ) ;
#1642 = ORIENTED_EDGE ( 'NONE', *, *, #866, .T. ) ;
#1643 = DIRECTION ( 'NONE',  ( 0.000000000000000000, 0.000000000000000000, 1.000000000000000000 ) ) ;
#1644 = DIRECTION ( 'NONE',  ( 0.000000000000000000, 1.000000000000000000, 0.000000000000000000 ) ) ;
#1645 = FACE_OUTER_BOUND ( 'NONE', #1573, .T. ) ;
#1646 = ORIENTED_EDGE ( 'NONE', *, *, #1354, .T. ) ;
#1647 = CARTESIAN_POINT ( 'NONE',  ( 0.000000000000000000, -1.399999999999999689, 0.000000000000000000 ) ) ;
#1648 = AXIS2_PLACEMENT_3D ( 'NONE', #379, #646, #1506 ) ;
#1649 = CIRCLE ( 'NONE', #1377, 0.5000000000000004441 ) ;
#1650 = DIRECTION ( 'NONE',  ( 0.000000000000000000, 1.000000000000000000, 0.000000000000000000 ) ) ;
#1651 = EDGE_CURVE ( 'NONE', #22, #89, #1335, .T. ) ;
#1652 = DIRECTION ( 'NONE',  ( 0.000000000000000000, 0.000000000000000000, 1.000000000000000000 ) ) ;
#1653 = DIRECTION ( 'NONE',  ( 0.000000000000000000, 1.000000000000000000, -0.000000000000000000 ) ) ;
#1654 = LINE ( 'NONE', #1367, #1578 ) ;
#1655 = ORIENTED_EDGE ( 'NONE', *, *, #779, .T. ) ;
#1656 = ORIENTED_EDGE ( 'NONE', *, *, #522, .F. ) ;
#1657 = LINE ( 'NONE', #1782, #48 ) ;
#1658 = LINE ( 'NONE', #105, #1820 ) ;
#1659 = CARTESIAN_POINT ( 'NONE',  ( -8.000000000000000000, -1.500000000000000000, -8.391724815037804319E-14 ) ) ;
#1660 = DIRECTION ( 'NONE',  ( 0.000000000000000000, 0.000000000000000000, 1.000000000000000000 ) ) ;
#1661 = EDGE_CURVE ( 'NONE', #624, #457, #1517, .T. ) ;
#1662 = DIRECTION ( 'NONE',  ( 0.000000000000000000, -0.000000000000000000, -1.000000000000000000 ) ) ;
#1663 = DIRECTION ( 'NONE',  ( 0.000000000000000000, 0.000000000000000000, 1.000000000000000000 ) ) ;
#1664 = CARTESIAN_POINT ( 'NONE',  ( 0.000000000000000000, -0.7500000000000000000, 0.000000000000000000 ) ) ;
#1665 = ORIENTED_EDGE ( 'NONE', *, *, #1450, .F. ) ;
#1666 = CIRCLE ( 'NONE', #1751, 0.5000000000000004441 ) ;
#1667 = ORIENTED_EDGE ( 'NONE', *, *, #172, .T. ) ;
#1668 = ORIENTED_EDGE ( 'NONE', *, *, #477, .F. ) ;
#1669 = DIRECTION ( 'NONE',  ( 0.000000000000000000, -1.000000000000000000, 0.000000000000000000 ) ) ;
#1670 = CIRCLE ( 'NONE', #1330, 2.399999999999999911 ) ;
#1671 = CARTESIAN_POINT ( 'NONE',  ( 1.469576158976823553E-16, -0.7500000000000000000, -1.199999999999999956 ) ) ;
#1672 = CARTESIAN_POINT ( 'NONE',  ( 1.850000000000000533, -1.500000000000000000, -2.971110903349116317 ) ) ;
#1673 = DIRECTION ( 'NONE',  ( 0.000000000000000000, 0.000000000000000000, 1.000000000000000000 ) ) ;
#1674 = FACE_OUTER_BOUND ( 'NONE', #796, .T. ) ;
#1675 = EDGE_CURVE ( 'NONE', #1494, #403, #791, .T. ) ;
#1676 = CARTESIAN_POINT ( 'NONE',  ( 1.850000000000167510, -1.500000000000000000, 2.971110903349012844 ) ) ;
#1677 = ADVANCED_FACE ( 'NONE', ( #1375 ), #1216, .T. ) ;
#1678 = ORIENTED_EDGE ( 'NONE', *, *, #730, .T. ) ;
#1679 = VERTEX_POINT ( 'NONE', #509 ) ;
#1680 = FACE_OUTER_BOUND ( 'NONE', #835, .T. ) ;
#1681 = AXIS2_PLACEMENT_3D ( 'NONE', #1358, #1213, #1537 ) ;
#1682 = CARTESIAN_POINT ( 'NONE',  ( -8.000000000000000000, -1.500000000000000000, 0.4999999999999168443 ) ) ;
#1683 = PRESENTATION_LAYER_ASSIGNMENT (  '', '', ( #1623 ) ) ;
#1684 = CIRCLE ( 'NONE', #21, 3.500000000000000444 ) ;
#1685 = CARTESIAN_POINT ( 'NONE',  ( 4.000000000000000000, -1.500000000000000000, -0.4999999999999458211 ) ) ;
#1686 = FACE_BOUND ( 'NONE', #1309, .T. ) ;
#1687 = DIRECTION ( 'NONE',  ( 0.000000000000000000, 0.000000000000000000, -1.000000000000000000 ) ) ;
#1688 = EDGE_CURVE ( 'NONE', #516, #1305, #1152, .T. ) ;
#1689 = ORIENTED_EDGE ( 'NONE', *, *, #1274, .F. ) ;
#1690 = ORIENTED_EDGE ( 'NONE', *, *, #1169, .F. ) ;
#1691 = CARTESIAN_POINT ( 'NONE',  ( 2.094888803305880013E-14, -1.500000000000000000, -6.000000000000000000 ) ) ;
#1692 = DIRECTION ( 'NONE',  ( 0.000000000000000000, 0.000000000000000000, 1.000000000000000000 ) ) ;
#1693 = FACE_OUTER_BOUND ( 'NONE', #994, .T. ) ;
#1694 = CARTESIAN_POINT ( 'NONE',  ( 1.850000000000167732, -1.500000000000000000, 7.999999999999896083 ) ) ;
#1695 = DIRECTION ( 'NONE',  ( 0.000000000000000000, -1.000000000000000000, 0.000000000000000000 ) ) ;
#1696 = ORIENTED_EDGE ( 'NONE', *, *, #680, .T. ) ;
#1697 = CARTESIAN_POINT ( 'NONE',  ( 0.000000000000000000, -0.7500000000000000000, 2.399999999999999911 ) ) ;
#1698 = EDGE_CURVE ( 'NONE', #1739, #1816, #341, .T. ) ;
#1699 = DIRECTION ( 'NONE',  ( 0.000000000000000000, 0.000000000000000000, 1.000000000000000000 ) ) ;
#1700 = AXIS2_PLACEMENT_3D ( 'NONE', #169, #585, #274 ) ;
#1701 = CIRCLE ( 'NONE', #8, 1.849999999999999867 ) ;
#1702 = CIRCLE ( 'NONE', #1207, 0.5000000000000004441 ) ;
#1703 = DIRECTION ( 'NONE',  ( 0.000000000000000000, 0.000000000000000000, -1.000000000000000000 ) ) ;
#1704 = CARTESIAN_POINT ( 'NONE',  ( 6.123233995736763571E-17, 0.000000000000000000, -8.500000000000000000 ) ) ;
#1705 = ORIENTED_EDGE ( 'NONE', *, *, #78, .F. ) ;
#1706 = ORIENTED_EDGE ( 'NONE', *, *, #310, .F. ) ;
#1707 = CARTESIAN_POINT ( 'NONE',  ( -8.000000000000021316, -1.500000000000000000, 1.849999999999915934 ) ) ;
#1708 = CARTESIAN_POINT ( 'NONE',  ( -8.000000000000021316, 0.000000000000000000, 1.849999999999915934 ) ) ;
#1709 = CIRCLE ( 'NONE', #892, 0.5000000000000004441 ) ;
#1710 = ADVANCED_FACE ( 'NONE', ( #785 ), #364, .F. ) ;
#1711 = EDGE_CURVE ( 'NONE', #1014, #1049, #1553, .T. ) ;
#1712 = DIRECTION ( 'NONE',  ( 0.000000000000000000, 0.000000000000000000, 1.000000000000000000 ) ) ;
#1713 = CIRCLE ( 'NONE', #1219, 0.5000000000000007772 ) ;
#1714 = ORIENTED_EDGE ( 'NONE', *, *, #665, .T. ) ;
#1715 = ORIENTED_EDGE ( 'NONE', *, *, #608, .T. ) ;
#1716 = ORIENTED_EDGE ( 'NONE', *, *, #864, .T. ) ;
#1717 = DIRECTION ( 'NONE',  ( 0.000000000000000000, 1.000000000000000000, 0.000000000000000000 ) ) ;
#1718 = LINE ( 'NONE', #869, #340 ) ;
#1719 = CARTESIAN_POINT ( 'NONE',  ( -7.999999999999983125, -1.500000000000000000, -1.850000000000083800 ) ) ;
#1720 = ADVANCED_FACE ( 'NONE', ( #1230, #211, #1806 ), #1352, .T. ) ;
#1721 = ORIENTED_EDGE ( 'NONE', *, *, #1631, .T. ) ;
#1722 = ORIENTED_EDGE ( 'NONE', *, *, #280, .F. ) ;
#1723 = DIRECTION ( 'NONE',  ( 0.000000000000000000, 0.000000000000000000, 1.000000000000000000 ) ) ;
#1724 = SURFACE_STYLE_FILL_AREA ( #1562 ) ;
#1725 = CARTESIAN_POINT ( 'NONE',  ( -4.000000000000000888, 0.000000000000000000, -0.5000000000000838218 ) ) ;
#1726 = VERTEX_POINT ( 'NONE', #1071 ) ;
#1727 = VECTOR ( 'NONE', #60, 1000.000000000000000 ) ;
#1728 = VERTEX_POINT ( 'NONE', #1685 ) ;
#1729 = ADVANCED_FACE ( 'NONE', ( #1365, #1786 ), #1232, .F. ) ;
#1730 = ADVANCED_FACE ( 'NONE', ( #1542, #73, #1519 ), #972, .T. ) ;
#1731 = EDGE_LOOP ( 'NONE', ( #872, #846 ) ) ;
#1732 = DIRECTION ( 'NONE',  ( 0.000000000000000000, 1.000000000000000000, 0.000000000000000000 ) ) ;
#1733 = DIRECTION ( 'NONE',  ( 0.000000000000000000, 1.000000000000000000, 0.000000000000000000 ) ) ;
#1734 = ORIENTED_EDGE ( 'NONE', *, *, #1038, .F. ) ;
#1735 = ORIENTED_EDGE ( 'NONE', *, *, #256, .T. ) ;
#1736 = AXIS2_PLACEMENT_3D ( 'NONE', #389, #964, #822 ) ;
#1737 = CYLINDRICAL_SURFACE ( 'NONE', #1090, 0.5000000000000007772 ) ;
#1738 = AXIS2_PLACEMENT_3D ( 'NONE', #589, #1161, #1024 ) ;
#1739 = VERTEX_POINT ( 'NONE', #524 ) ;
#1740 = FACE_OUTER_BOUND ( 'NONE', #1817, .T. ) ;
#1741 = EDGE_CURVE ( 'NONE', #1728, #1014, #1253, .T. ) ;
#1742 = DIRECTION ( 'NONE',  ( 0.000000000000000000, 1.000000000000000000, 0.000000000000000000 ) ) ;
#1743 = DIRECTION ( 'NONE',  ( 0.000000000000000000, 0.000000000000000000, 1.000000000000000000 ) ) ;
#1744 = DIRECTION ( 'NONE',  ( 0.000000000000000000, 1.000000000000000000, 0.000000000000000000 ) ) ;
#1745 = ORIENTED_EDGE ( 'NONE', *, *, #947, .T. ) ;
#1746 = DIRECTION ( 'NONE',  ( 0.000000000000000000, 1.000000000000000000, 0.000000000000000000 ) ) ;
#1747 = ORIENTED_EDGE ( 'NONE', *, *, #1809, .F. ) ;
#1748 = CARTESIAN_POINT ( 'NONE',  ( 1.464285256255004788E-13, 0.000000000000000000, 5.499999999999896083 ) ) ;
#1749 = DIRECTION ( 'NONE',  ( 0.000000000000000000, 1.000000000000000000, 0.000000000000000000 ) ) ;
#1750 = EDGE_CURVE ( 'NONE', #713, #1306, #1713, .T. ) ;
#1751 = AXIS2_PLACEMENT_3D ( 'NONE', #1028, #1744, #1037 ) ;
#1752 = CARTESIAN_POINT ( 'NONE',  ( 2.094888803305880013E-14, 0.000000000000000000, -6.000000000000000000 ) ) ;
#1753 = DIRECTION ( 'NONE',  ( 0.000000000000000000, 1.000000000000000000, 0.000000000000000000 ) ) ;
#1754 = ORIENTED_EDGE ( 'NONE', *, *, #1046, .T. ) ;
#1755 = CIRCLE ( 'NONE', #941, 0.5000000000000007772 ) ;
#1756 = CARTESIAN_POINT ( 'NONE',  ( 4.000000000000000000, -1.500000000000000000, 5.496905014501507480E-14 ) ) ;
#1757 = EDGE_LOOP ( 'NONE', ( #1493, #484, #287, #859, #1469, #1165, #584, #181 ) ) ;
#1758 = ORIENTED_EDGE ( 'NONE', *, *, #588, .F. ) ;
#1759 = DIRECTION ( 'NONE',  ( 1.000000000000000000, 0.000000000000000000, 1.056414357738973802E-14 ) ) ;
#1760 = CARTESIAN_POINT ( 'NONE',  ( 8.000000000000007105, 0.000000000000000000, -1.849999999999972777 ) ) ;
#1761 = ORIENTED_EDGE ( 'NONE', *, *, #1863, .T. ) ;
#1762 = DIRECTION ( 'NONE',  ( 0.000000000000000000, 0.000000000000000000, 1.000000000000000000 ) ) ;
#1763 = ORIENTED_EDGE ( 'NONE', *, *, #844, .T. ) ;
#1764 = CIRCLE ( 'NONE', #1344, 0.5000000000000004441 ) ;
#1765 = CARTESIAN_POINT ( 'NONE',  ( -4.000000000000000888, -1.500000000000000000, -8.391724815037804319E-14 ) ) ;
#1766 = DIRECTION ( 'NONE',  ( 0.000000000000000000, 0.000000000000000000, 1.000000000000000000 ) ) ;
#1767 = DIRECTION ( 'NONE',  ( 0.000000000000000000, 0.000000000000000000, 1.000000000000000000 ) ) ;
#1768 = EDGE_CURVE ( 'NONE', #934, #1494, #832, .T. ) ;
#1769 = CARTESIAN_POINT ( 'NONE',  ( 1.674008154317618846E-13, 0.000000000000000000, 8.499999999999896971 ) ) ;
#1770 = ORIENTED_EDGE ( 'NONE', *, *, #270, .F. ) ;
#1771 = VERTEX_POINT ( 'NONE', #1102 ) ;
#1772 = DIRECTION ( 'NONE',  ( 0.000000000000000000, 0.000000000000000000, 1.000000000000000000 ) ) ;
#1773 = CARTESIAN_POINT ( 'NONE',  ( 2.971110903349109655, -1.500000000000000000, 1.850000000000010081 ) ) ;
#1774 = LINE ( 'NONE', #1061, #249 ) ;
#1775 = CARTESIAN_POINT ( 'NONE',  ( 1.251169307048272117E-13, -1.500000000000000000, 4.499999999999896971 ) ) ;
#1776 = VERTEX_POINT ( 'NONE', #802 ) ;
#1777 = VECTOR ( 'NONE', #1254, 1000.000000000000000 ) ;
#1778 = AXIS2_PLACEMENT_3D ( 'NONE', #1215, #93, #1239 ) ;
#1779 = ADVANCED_FACE ( 'NONE', ( #1531 ), #1378, .F. ) ;
#1780 = AXIS2_PLACEMENT_3D ( 'NONE', #1504, #84, #656 ) ;
#1781 = ADVANCED_FACE ( 'NONE', ( #677 ), #813, .F. ) ;
#1782 = CARTESIAN_POINT ( 'NONE',  ( 1.251781630447845919E-13, -1.500000000000000000, 3.499999999999896971 ) ) ;
#1783 = DIRECTION ( 'NONE',  ( -3.363278363413876026E-15, 0.000000000000000000, 1.000000000000000000 ) ) ;
#1784 = UNCERTAINTY_MEASURE_WITH_UNIT (LENGTH_MEASURE( 1.000000000000000082E-05 ), #1552, 'distance_accuracy_value', 'NONE');
#1785 = CARTESIAN_POINT ( 'NONE',  ( 0.000000000000000000, -1.399999999999999689, -2.399999999999999911 ) ) ;
#1786 = FACE_OUTER_BOUND ( 'NONE', #1296, .T. ) ;
#1787 = DIRECTION ( 'NONE',  ( 0.000000000000000000, 1.000000000000000000, 0.000000000000000000 ) ) ;
#1788 = ORIENTED_EDGE ( 'NONE', *, *, #1169, .T. ) ;
#1789 = AXIS2_PLACEMENT_3D ( 'NONE', #927, #1065, #518 ) ;
#1790 = ORIENTED_EDGE ( 'NONE', *, *, #1274, .T. ) ;
#1791 = DIRECTION ( 'NONE',  ( 0.000000000000000000, 0.000000000000000000, -1.000000000000000000 ) ) ;
#1792 = ADVANCED_FACE ( 'NONE', ( #544 ), #658, .T. ) ;
#1793 = DIRECTION ( 'NONE',  ( 0.000000000000000000, 1.000000000000000000, 0.000000000000000000 ) ) ;
#1794 = DIRECTION ( 'NONE',  ( 0.000000000000000000, 0.000000000000000000, -1.000000000000000000 ) ) ;
#1795 = LINE ( 'NONE', #511, #77 ) ;
#1796 = CYLINDRICAL_SURFACE ( 'NONE', #1343, 0.5000000000000004441 ) ;
#1797 = CARTESIAN_POINT ( 'NONE',  ( 1.095561775333779033E-13, -1.500000000000000000, 3.499999999999896971 ) ) ;
#1798 = ADVANCED_BREP_SHAPE_REPRESENTATION ( '00_마이크로 서보_혼 십자', ( #772, #167 ), #445 ) ;
#1799 = FACE_OUTER_BOUND ( 'NONE', #763, .T. ) ;
#1800 = EDGE_LOOP ( 'NONE', ( #1153, #712, #1735, #925 ) ) ;
#1801 = ORIENTED_EDGE ( 'NONE', *, *, #1805, .T. ) ;
#1802 = VERTEX_POINT ( 'NONE', #789 ) ;
#1803 = CARTESIAN_POINT ( 'NONE',  ( 0.000000000000000000, 0.000000000000000000, 0.000000000000000000 ) ) ;
#1804 = FACE_OUTER_BOUND ( 'NONE', #1567, .T. ) ;
#1805 = EDGE_CURVE ( 'NONE', #1609, #133, #922, .T. ) ;
#1806 = FACE_OUTER_BOUND ( 'NONE', #916, .T. ) ;
#1807 = UNCERTAINTY_MEASURE_WITH_UNIT (LENGTH_MEASURE( 1.000000000000000082E-05 ), #1112, 'distance_accuracy_value', 'NONE');
#1808 = PLANE ( 'NONE',  #430 ) ;
#1809 = EDGE_CURVE ( 'NONE', #200, #384, #1822, .T. ) ;
#1810 = EDGE_CURVE ( 'NONE', #1236, #711, #1282, .T. ) ;
#1811 = CARTESIAN_POINT ( 'NONE',  ( -8.000000000000000000, -1.500000000000000000, -8.391724815037804319E-14 ) ) ;
#1812 = CYLINDRICAL_SURFACE ( 'NONE', #564, 0.5000000000000004441 ) ;
#1813 = DIRECTION ( 'NONE',  ( 0.000000000000000000, 1.000000000000000000, 0.000000000000000000 ) ) ;
#1814 = VECTOR ( 'NONE', #1346, 1000.000000000000000 ) ;
#1815 = AXIS2_PLACEMENT_3D ( 'NONE', #1599, #848, #414 ) ;
#1816 = VERTEX_POINT ( 'NONE', #533 ) ;
#1817 = EDGE_LOOP ( 'NONE', ( #1584, #152, #303, #650 ) ) ;
#1818 = LINE ( 'NONE', #1503, #705 ) ;
#1819 = VECTOR ( 'NONE', #1717, 1000.000000000000000 ) ;
#1820 = VECTOR ( 'NONE', #819, 1000.000000000000000 ) ;
#1821 = FACE_OUTER_BOUND ( 'NONE', #843, .T. ) ;
#1822 = LINE ( 'NONE', #1833, #474 ) ;
#1823 = DIRECTION ( 'NONE',  ( 0.000000000000000000, 1.000000000000000000, 0.000000000000000000 ) ) ;
#1824 = ADVANCED_FACE ( 'NONE', ( #1693 ), #1796, .F. ) ;
#1825 = DIRECTION ( 'NONE',  ( 0.000000000000000000, 0.000000000000000000, 1.000000000000000000 ) ) ;
#1826 = EDGE_LOOP ( 'NONE', ( #1381, #960 ) ) ;
#1827 = ORIENTED_EDGE ( 'NONE', *, *, #1432, .T. ) ;
#1828 = DIRECTION ( 'NONE',  ( -1.000000000000000000, 0.000000000000000000, -3.621992083676481449E-15 ) ) ;
#1829 = VECTOR ( 'NONE', #1526, 1000.000000000000000 ) ;
#1830 = CARTESIAN_POINT ( 'NONE',  ( 0.000000000000000000, -0.7500000000000000000, 1.199999999999999956 ) ) ;
#1831 = AXIS2_PLACEMENT_3D ( 'NONE', #632, #1206, #942 ) ;
#1832 = VECTOR ( 'NONE', #722, 1000.000000000000000 ) ;
#1833 = CARTESIAN_POINT ( 'NONE',  ( 0.000000000000000000, -1.399999999999999689, -2.399999999999999911 ) ) ;
#1834 = CARTESIAN_POINT ( 'NONE',  ( 2.094888803305880013E-14, -1.500000000000000000, -6.000000000000000000 ) ) ;
#1835 = CARTESIAN_POINT ( 'NONE',  ( -4.000000000000000888, -1.500000000000000000, -8.391724815037804319E-14 ) ) ;
#1836 = EDGE_CURVE ( 'NONE', #855, #793, #956, .T. ) ;
#1837 = ORIENTED_EDGE ( 'NONE', *, *, #717, .F. ) ;
#1838 = DIRECTION ( 'NONE',  ( 0.000000000000000000, 0.000000000000000000, -1.000000000000000000 ) ) ;
#1839 = DIRECTION ( 'NONE',  ( 0.000000000000000000, 1.000000000000000000, 0.000000000000000000 ) ) ;
#1840 = DIRECTION ( 'NONE',  ( 0.000000000000000000, 1.000000000000000000, 0.000000000000000000 ) ) ;
#1841 = DIRECTION ( 'NONE',  ( 0.000000000000000000, 0.000000000000000000, 1.000000000000000000 ) ) ;
#1842 = FACE_BOUND ( 'NONE', #1826, .T. ) ;
#1843 = EDGE_LOOP ( 'NONE', ( #613, #1758 ) ) ;
#1844 = ORIENTED_EDGE ( 'NONE', *, *, #1640, .T. ) ;
#1845 = CARTESIAN_POINT ( 'NONE',  ( 1.463672932855430986E-13, 0.000000000000000000, 5.999999999999896971 ) ) ;
#1846 = LINE ( 'NONE', #701, #1240 ) ;
#1847 = CIRCLE ( 'NONE', #824, 0.5000000000000004441 ) ;
#1848 = CIRCLE ( 'NONE', #465, 0.4999999999999998890 ) ;
#1849 = AXIS2_PLACEMENT_3D ( 'NONE', #71, #1783, #1068 ) ;
#1850 = DIRECTION ( 'NONE',  ( 0.000000000000000000, -1.000000000000000000, 0.000000000000000000 ) ) ;
#1851 = ORIENTED_EDGE ( 'NONE', *, *, #496, .F. ) ;
#1852 = VERTEX_POINT ( 'NONE', #357 ) ;
#1853 = ORIENTED_EDGE ( 'NONE', *, *, #1810, .T. ) ;
#1854 = CARTESIAN_POINT ( 'NONE',  ( 0.000000000000000000, -0.7500000000000000000, 0.000000000000000000 ) ) ;
#1855 = EDGE_CURVE ( 'NONE', #850, #563, #214, .T. ) ;
#1856 = DIRECTION ( 'NONE',  ( 0.000000000000000000, -0.000000000000000000, -1.000000000000000000 ) ) ;
#1857 = VECTOR ( 'NONE', #1121, 1000.000000000000000 ) ;
#1858 = EDGE_LOOP ( 'NONE', ( #352, #1010, #1331, #1176 ) ) ;
#1859 = MECHANICAL_DESIGN_GEOMETRIC_PRESENTATION_REPRESENTATION (  '', ( #806 ), #1106 ) ;
#1860 = ORIENTED_EDGE ( 'NONE', *, *, #709, .T. ) ;
#1861 = ORIENTED_EDGE ( 'NONE', *, *, #23, .F. ) ;
#1862 = CARTESIAN_POINT ( 'NONE',  ( -6.000000000000000888, -1.500000000000000000, -8.391724815037804319E-14 ) ) ;
#1863 = EDGE_CURVE ( 'NONE', #1568, #1321, #1426, .T. ) ;
#1864 = DIRECTION ( 'NONE',  ( 0.000000000000000000, -1.000000000000000000, 0.000000000000000000 ) ) ;
#1865 = ORIENTED_EDGE ( 'NONE', *, *, #407, .T. ) ;
ENDSEC;
END-ISO-10303-21;
