ISO-10303-21;
HEADER;
/* Generated by software containing ST-Developer
 * from STEP Tools, Inc. (www.steptools.com) 
 */

FILE_DESCRIPTION(
/* description */ (''),
/* implementation_level */ '2;1');

FILE_NAME(
/* name */ 'PushButtonSwitchMainBody.step',
/* time_stamp */ '2026-05-28T14:41:39+05:30',
/* author */ (''),
/* organization */ (''),
/* preprocessor_version */ 'ST-DEVELOPER v20.1',
/* originating_system */ 'Autodesk Translation Framework v15.8.0.0',
/* authorisation */ '');

FILE_SCHEMA (('AUTOMOTIVE_DESIGN { 1 0 10303 214 3 1 1 }'));
ENDSEC;

DATA;
#10=MECHANICAL_DESIGN_GEOMETRIC_PRESENTATION_REPRESENTATION('',(#13,#14,
#15),#4157);
#11=SHAPE_REPRESENTATION_RELATIONSHIP('SRR','None',#4164,#12);
#12=ADVANCED_BREP_SHAPE_REPRESENTATION('',(#16,#17,#18),#4156);
#13=STYLED_ITEM('',(#4174),#16);
#14=STYLED_ITEM('',(#4173),#17);
#15=STYLED_ITEM('',(#4173),#18);
#16=MANIFOLD_SOLID_BREP('Body1',#1269);
#17=MANIFOLD_SOLID_BREP('Body8',#1270);
#18=MANIFOLD_SOLID_BREP('Body5',#1271);
#19=FACE_BOUND('',#176,.T.);
#20=FACE_BOUND('',#181,.T.);
#21=FACE_BOUND('',#184,.T.);
#22=FACE_BOUND('',#188,.T.);
#23=FACE_BOUND('',#189,.T.);
#24=FACE_BOUND('',#194,.T.);
#25=FACE_BOUND('',#198,.T.);
#26=FACE_BOUND('',#213,.T.);
#27=FACE_BOUND('',#217,.T.);
#28=CONICAL_SURFACE('',#1323,7.1,0.0294032882040051);
#29=TOROIDAL_SURFACE('',#1318,6.27173449918993,0.75);
#30=B_SPLINE_SURFACE_WITH_KNOTS('',3,1,((#2669,#2670),(#2671,#2672),(#2673,
#2674),(#2675,#2676),(#2677,#2678),(#2679,#2680),(#2681,#2682),(#2683,#2684)),
 .UNSPECIFIED.,.F.,.F.,.F.,(4,2,2,4),(2,2),(0.722446426543499,0.884653312140189,
1.02443110518452,1.16190518812705),(0.,0.1),.UNSPECIFIED.);
#31=B_SPLINE_SURFACE_WITH_KNOTS('',3,1,((#2704,#2705),(#2706,#2707),(#2708,
#2709),(#2710,#2711),(#2712,#2713),(#2714,#2715),(#2716,#2717),(#2718,#2719)),
 .UNSPECIFIED.,.F.,.F.,.F.,(4,2,2,4),(2,2),(0.,0.205995346243425,0.417107984355169,
0.438683246778187),(0.,0.1),.UNSPECIFIED.);
#32=B_SPLINE_SURFACE_WITH_KNOTS('',3,3,((#2756,#2757,#2758,#2759,#2760,
#2761,#2762,#2763,#2764,#2765,#2766,#2767,#2768,#2769,#2770,#2771,#2772,
#2773,#2774,#2775,#2776,#2777,#2778,#2779,#2780,#2781,#2782,#2783,#2784,
#2785,#2786,#2787,#2788,#2789,#2790,#2791,#2792,#2793,#2794,#2795,#2796,
#2797,#2798,#2799,#2800,#2801,#2802,#2803,#2804,#2805,#2806,#2807,#2808,
#2809,#2810,#2811,#2812,#2813,#2814,#2815,#2816,#2817,#2818,#2819,#2820,
#2821,#2822,#2823,#2824,#2825,#2826,#2827,#2828,#2829,#2830,#2831,#2832,
#2833,#2834,#2835,#2836,#2837,#2838,#2839,#2840,#2841,#2842,#2843,#2844,
#2845,#2846,#2847,#2848,#2849,#2850,#2851,#2852,#2853,#2854,#2855,#2856,
#2857,#2858),(#2859,#2860,#2861,#2862,#2863,#2864,#2865,#2866,#2867,#2868,
#2869,#2870,#2871,#2872,#2873,#2874,#2875,#2876,#2877,#2878,#2879,#2880,
#2881,#2882,#2883,#2884,#2885,#2886,#2887,#2888,#2889,#2890,#2891,#2892,
#2893,#2894,#2895,#2896,#2897,#2898,#2899,#2900,#2901,#2902,#2903,#2904,
#2905,#2906,#2907,#2908,#2909,#2910,#2911,#2912,#2913,#2914,#2915,#2916,
#2917,#2918,#2919,#2920,#2921,#2922,#2923,#2924,#2925,#2926,#2927,#2928,
#2929,#2930,#2931,#2932,#2933,#2934,#2935,#2936,#2937,#2938,#2939,#2940,
#2941,#2942,#2943,#2944,#2945,#2946,#2947,#2948,#2949,#2950,#2951,#2952,
#2953,#2954,#2955,#2956,#2957,#2958,#2959,#2960,#2961),(#2962,#2963,#2964,
#2965,#2966,#2967,#2968,#2969,#2970,#2971,#2972,#2973,#2974,#2975,#2976,
#2977,#2978,#2979,#2980,#2981,#2982,#2983,#2984,#2985,#2986,#2987,#2988,
#2989,#2990,#2991,#2992,#2993,#2994,#2995,#2996,#2997,#2998,#2999,#3000,
#3001,#3002,#3003,#3004,#3005,#3006,#3007,#3008,#3009,#3010,#3011,#3012,
#3013,#3014,#3015,#3016,#3017,#3018,#3019,#3020,#3021,#3022,#3023,#3024,
#3025,#3026,#3027,#3028,#3029,#3030,#3031,#3032,#3033,#3034,#3035,#3036,
#3037,#3038,#3039,#3040,#3041,#3042,#3043,#3044,#3045,#3046,#3047,#3048,
#3049,#3050,#3051,#3052,#3053,#3054,#3055,#3056,#3057,#3058,#3059,#3060,
#3061,#3062,#3063,#3064),(#3065,#3066,#3067,#3068,#3069,#3070,#3071,#3072,
#3073,#3074,#3075,#3076,#3077,#3078,#3079,#3080,#3081,#3082,#3083,#3084,
#3085,#3086,#3087,#3088,#3089,#3090,#3091,#3092,#3093,#3094,#3095,#3096,
#3097,#3098,#3099,#3100,#3101,#3102,#3103,#3104,#3105,#3106,#3107,#3108,
#3109,#3110,#3111,#3112,#3113,#3114,#3115,#3116,#3117,#3118,#3119,#3120,
#3121,#3122,#3123,#3124,#3125,#3126,#3127,#3128,#3129,#3130,#3131,#3132,
#3133,#3134,#3135,#3136,#3137,#3138,#3139,#3140,#3141,#3142,#3143,#3144,
#3145,#3146,#3147,#3148,#3149,#3150,#3151,#3152,#3153,#3154,#3155,#3156,
#3157,#3158,#3159,#3160,#3161,#3162,#3163,#3164,#3165,#3166,#3167)),
 .UNSPECIFIED.,.F.,.F.,.F.,(4,4),(4,1,1,1,1,1,1,1,1,1,1,1,1,1,1,1,1,1,1,
1,1,1,1,1,1,1,1,1,1,1,1,1,1,1,1,1,1,1,1,1,1,1,1,1,1,1,1,1,1,1,1,1,1,1,1,
1,1,1,1,1,1,1,1,1,1,1,1,1,1,1,1,1,1,1,1,1,1,1,1,1,1,1,1,1,1,1,1,1,1,1,1,
1,1,1,1,1,1,1,1,1,4),(0.,0.0824167509268192),(8.30457547341831,8.80281114550351,
9.30104681758871,9.79928248967392,10.2975181617591,10.7957538338443,11.2939895059295,
11.7922251780147,12.2904608500999,12.7886965221851,13.2869321942703,13.7851678663555,
14.2834035384407,14.781639210526,15.2798748826112,15.7781105546964,16.2763462267816,
16.7745818988668,17.272817570952,17.7710532430372,18.2692889151224,18.7675245872076,
19.2657602592928,19.763995931378,20.2622316034632,20.7604672755484,21.2587029476336,
21.7569386197188,22.255174291804,22.7534099638892,23.2516456359744,23.7498813080596,
24.2481169801448,24.74635265223,25.2445883243152,25.7428239964004,26.2410596684856,
26.7392953405708,27.237531012656,27.7357666847412,28.2340023568264,28.7322380289116,
29.2304737009969,29.7287093730821,30.2269450451673,30.7251807172525,31.2234163893377,
31.7216520614229,32.2198877335081,32.7181234055933,33.2163590776785,33.7145947497637,
34.2128304218489,34.7110660939341,35.2093017660193,35.7075374381045,36.2057731101897,
36.7040087822749,37.2022444543601,37.7004801264453,38.1987157985305,38.6969514706157,
39.1951871427009,39.6934228147861,40.1916584868713,40.6898941589565,41.1881298310417,
41.6863655031269,42.1846011752121,42.6828368472974,43.1810725193826,43.6793081914678,
44.177543863553,44.6757795356382,45.1740152077234,45.6722508798086,46.1704865518938,
46.668722223979,47.1669578960642,47.6651935681494,48.1634292402346,48.6616649123198,
49.159900584405,49.6581362564902,50.1563719285754,50.6546076006606,51.1528432727458,
51.651078944831,52.1493146169162,52.6475502890014,53.1457859610866,53.6440216331718,
54.142257305257,54.6404929773422,55.1387286494274,55.6369643215126,56.1351999935978,
56.633435665683,57.1316713377682,57.6299070098535,58.1281426819387),
 .UNSPECIFIED.);
#33=B_SPLINE_SURFACE_WITH_KNOTS('',3,3,((#3394,#3395,#3396,#3397,#3398,
#3399,#3400,#3401,#3402,#3403,#3404,#3405,#3406,#3407,#3408,#3409,#3410,
#3411,#3412,#3413,#3414,#3415,#3416,#3417,#3418,#3419,#3420,#3421,#3422,
#3423,#3424,#3425,#3426,#3427,#3428,#3429,#3430,#3431,#3432,#3433,#3434,
#3435,#3436,#3437,#3438,#3439,#3440,#3441,#3442,#3443,#3444,#3445,#3446,
#3447,#3448,#3449,#3450,#3451,#3452,#3453,#3454,#3455,#3456,#3457,#3458,
#3459,#3460,#3461,#3462,#3463,#3464,#3465,#3466,#3467,#3468,#3469,#3470,
#3471,#3472,#3473,#3474,#3475,#3476,#3477,#3478,#3479,#3480,#3481,#3482,
#3483,#3484,#3485,#3486,#3487,#3488,#3489,#3490,#3491,#3492,#3493,#3494,
#3495,#3496),(#3497,#3498,#3499,#3500,#3501,#3502,#3503,#3504,#3505,#3506,
#3507,#3508,#3509,#3510,#3511,#3512,#3513,#3514,#3515,#3516,#3517,#3518,
#3519,#3520,#3521,#3522,#3523,#3524,#3525,#3526,#3527,#3528,#3529,#3530,
#3531,#3532,#3533,#3534,#3535,#3536,#3537,#3538,#3539,#3540,#3541,#3542,
#3543,#3544,#3545,#3546,#3547,#3548,#3549,#3550,#3551,#3552,#3553,#3554,
#3555,#3556,#3557,#3558,#3559,#3560,#3561,#3562,#3563,#3564,#3565,#3566,
#3567,#3568,#3569,#3570,#3571,#3572,#3573,#3574,#3575,#3576,#3577,#3578,
#3579,#3580,#3581,#3582,#3583,#3584,#3585,#3586,#3587,#3588,#3589,#3590,
#3591,#3592,#3593,#3594,#3595,#3596,#3597,#3598,#3599),(#3600,#3601,#3602,
#3603,#3604,#3605,#3606,#3607,#3608,#3609,#3610,#3611,#3612,#3613,#3614,
#3615,#3616,#3617,#3618,#3619,#3620,#3621,#3622,#3623,#3624,#3625,#3626,
#3627,#3628,#3629,#3630,#3631,#3632,#3633,#3634,#3635,#3636,#3637,#3638,
#3639,#3640,#3641,#3642,#3643,#3644,#3645,#3646,#3647,#3648,#3649,#3650,
#3651,#3652,#3653,#3654,#3655,#3656,#3657,#3658,#3659,#3660,#3661,#3662,
#3663,#3664,#3665,#3666,#3667,#3668,#3669,#3670,#3671,#3672,#3673,#3674,
#3675,#3676,#3677,#3678,#3679,#3680,#3681,#3682,#3683,#3684,#3685,#3686,
#3687,#3688,#3689,#3690,#3691,#3692,#3693,#3694,#3695,#3696,#3697,#3698,
#3699,#3700,#3701,#3702),(#3703,#3704,#3705,#3706,#3707,#3708,#3709,#3710,
#3711,#3712,#3713,#3714,#3715,#3716,#3717,#3718,#3719,#3720,#3721,#3722,
#3723,#3724,#3725,#3726,#3727,#3728,#3729,#3730,#3731,#3732,#3733,#3734,
#3735,#3736,#3737,#3738,#3739,#3740,#3741,#3742,#3743,#3744,#3745,#3746,
#3747,#3748,#3749,#3750,#3751,#3752,#3753,#3754,#3755,#3756,#3757,#3758,
#3759,#3760,#3761,#3762,#3763,#3764,#3765,#3766,#3767,#3768,#3769,#3770,
#3771,#3772,#3773,#3774,#3775,#3776,#3777,#3778,#3779,#3780,#3781,#3782,
#3783,#3784,#3785,#3786,#3787,#3788,#3789,#3790,#3791,#3792,#3793,#3794,
#3795,#3796,#3797,#3798,#3799,#3800,#3801,#3802,#3803,#3804,#3805)),
 .UNSPECIFIED.,.F.,.F.,.F.,(4,4),(4,1,1,1,1,1,1,1,1,1,1,1,1,1,1,1,1,1,1,
1,1,1,1,1,1,1,1,1,1,1,1,1,1,1,1,1,1,1,1,1,1,1,1,1,1,1,1,1,1,1,1,1,1,1,1,
1,1,1,1,1,1,1,1,1,1,1,1,1,1,1,1,1,1,1,1,1,1,1,1,1,1,1,1,1,1,1,1,1,1,1,1,
1,1,1,1,1,1,1,1,1,4),(0.,0.0824167509268192),(11.6152142277547,12.1134498998399,
12.6116855719251,13.1099212440103,13.6081569160955,14.1063925881807,14.6046282602659,
15.1028639323512,15.6010996044364,16.0993352765216,16.5975709486068,17.095806620692,
17.5940422927772,18.0922779648624,18.5905136369476,19.0887493090328,19.586984981118,
20.0852206532032,20.5834563252884,21.0816919973736,21.5799276694588,22.078163341544,
22.5763990136292,23.0746346857144,23.5728703577996,24.0711060298848,24.56934170197,
25.0675773740552,25.5658130461404,26.0640487182256,26.5622843903108,27.060520062396,
27.5587557344812,28.0569914065664,28.5552270786516,29.0534627507368,29.5516984228221,
30.0499340949073,30.5481697669925,31.0464054390777,31.5446411111629,32.0428767832481,
32.5411124553333,33.0393481274185,33.5375837995037,34.0358194715889,34.5340551436741,
35.0322908157593,35.5305264878445,36.0287621599297,36.5269978320149,37.0252335041001,
37.5234691761853,38.0217048482705,38.5199405203557,39.0181761924409,39.5164118645261,
40.0146475366113,40.5128832086965,41.0111188807817,41.5093545528669,42.0075902249521,
42.5058258970373,43.0040615691225,43.5022972412077,44.000532913293,44.4987685853782,
44.9970042574634,45.4952399295486,45.9934756016338,46.491711273719,46.9899469458042,
47.4881826178894,47.9864182899746,48.4846539620598,48.982889634145,49.4811253062302,
49.9793609783154,50.4775966504006,50.9758323224858,51.474067994571,51.9723036666562,
52.4705393387414,52.9687750108266,53.4670106829118,53.965246354997,54.4634820270822,
54.9617176991674,55.4599533712526,55.9581890433378,56.456424715423,56.9546603875082,
57.4528960595934,57.9511317316787,58.4493674037639,58.9476030758491,59.4458387479343,
59.9440744200195,60.4423100921047,60.9405457641899,61.4387814362751),
 .UNSPECIFIED.);
#34=PLANE('',#1302);
#35=PLANE('',#1303);
#36=PLANE('',#1304);
#37=PLANE('',#1305);
#38=PLANE('',#1306);
#39=PLANE('',#1307);
#40=PLANE('',#1308);
#41=PLANE('',#1309);
#42=PLANE('',#1310);
#43=PLANE('',#1311);
#44=PLANE('',#1312);
#45=PLANE('',#1313);
#46=PLANE('',#1314);
#47=PLANE('',#1315);
#48=PLANE('',#1316);
#49=PLANE('',#1325);
#50=PLANE('',#1329);
#51=PLANE('',#1334);
#52=PLANE('',#1339);
#53=PLANE('',#1346);
#54=PLANE('',#1347);
#55=PLANE('',#1352);
#56=PLANE('',#1353);
#57=PLANE('',#1356);
#58=PLANE('',#1357);
#59=PLANE('',#1358);
#60=PLANE('',#1359);
#61=PLANE('',#1360);
#62=PLANE('',#1361);
#63=PLANE('',#1365);
#64=PLANE('',#1369);
#65=PLANE('',#1370);
#66=PLANE('',#1371);
#67=PLANE('',#1372);
#68=PLANE('',#1379);
#69=PLANE('',#1380);
#70=PLANE('',#1381);
#71=FACE_OUTER_BOUND('',#141,.T.);
#72=FACE_OUTER_BOUND('',#142,.T.);
#73=FACE_OUTER_BOUND('',#143,.T.);
#74=FACE_OUTER_BOUND('',#144,.T.);
#75=FACE_OUTER_BOUND('',#145,.T.);
#76=FACE_OUTER_BOUND('',#146,.T.);
#77=FACE_OUTER_BOUND('',#147,.T.);
#78=FACE_OUTER_BOUND('',#148,.T.);
#79=FACE_OUTER_BOUND('',#149,.T.);
#80=FACE_OUTER_BOUND('',#150,.T.);
#81=FACE_OUTER_BOUND('',#151,.T.);
#82=FACE_OUTER_BOUND('',#152,.T.);
#83=FACE_OUTER_BOUND('',#153,.T.);
#84=FACE_OUTER_BOUND('',#154,.T.);
#85=FACE_OUTER_BOUND('',#155,.T.);
#86=FACE_OUTER_BOUND('',#156,.T.);
#87=FACE_OUTER_BOUND('',#157,.T.);
#88=FACE_OUTER_BOUND('',#158,.T.);
#89=FACE_OUTER_BOUND('',#159,.T.);
#90=FACE_OUTER_BOUND('',#160,.T.);
#91=FACE_OUTER_BOUND('',#161,.T.);
#92=FACE_OUTER_BOUND('',#162,.T.);
#93=FACE_OUTER_BOUND('',#163,.T.);
#94=FACE_OUTER_BOUND('',#164,.T.);
#95=FACE_OUTER_BOUND('',#165,.T.);
#96=FACE_OUTER_BOUND('',#166,.T.);
#97=FACE_OUTER_BOUND('',#167,.T.);
#98=FACE_OUTER_BOUND('',#168,.T.);
#99=FACE_OUTER_BOUND('',#169,.T.);
#100=FACE_OUTER_BOUND('',#170,.T.);
#101=FACE_OUTER_BOUND('',#171,.T.);
#102=FACE_OUTER_BOUND('',#172,.T.);
#103=FACE_OUTER_BOUND('',#173,.T.);
#104=FACE_OUTER_BOUND('',#174,.T.);
#105=FACE_OUTER_BOUND('',#175,.T.);
#106=FACE_OUTER_BOUND('',#177,.T.);
#107=FACE_OUTER_BOUND('',#178,.T.);
#108=FACE_OUTER_BOUND('',#179,.T.);
#109=FACE_OUTER_BOUND('',#180,.T.);
#110=FACE_OUTER_BOUND('',#182,.T.);
#111=FACE_OUTER_BOUND('',#183,.T.);
#112=FACE_OUTER_BOUND('',#185,.T.);
#113=FACE_OUTER_BOUND('',#186,.T.);
#114=FACE_OUTER_BOUND('',#187,.T.);
#115=FACE_OUTER_BOUND('',#190,.T.);
#116=FACE_OUTER_BOUND('',#191,.T.);
#117=FACE_OUTER_BOUND('',#192,.T.);
#118=FACE_OUTER_BOUND('',#193,.T.);
#119=FACE_OUTER_BOUND('',#195,.T.);
#120=FACE_OUTER_BOUND('',#196,.T.);
#121=FACE_OUTER_BOUND('',#197,.T.);
#122=FACE_OUTER_BOUND('',#199,.T.);
#123=FACE_OUTER_BOUND('',#200,.T.);
#124=FACE_OUTER_BOUND('',#201,.T.);
#125=FACE_OUTER_BOUND('',#202,.T.);
#126=FACE_OUTER_BOUND('',#203,.T.);
#127=FACE_OUTER_BOUND('',#204,.T.);
#128=FACE_OUTER_BOUND('',#205,.T.);
#129=FACE_OUTER_BOUND('',#206,.T.);
#130=FACE_OUTER_BOUND('',#207,.T.);
#131=FACE_OUTER_BOUND('',#208,.T.);
#132=FACE_OUTER_BOUND('',#209,.T.);
#133=FACE_OUTER_BOUND('',#210,.T.);
#134=FACE_OUTER_BOUND('',#211,.T.);
#135=FACE_OUTER_BOUND('',#212,.T.);
#136=FACE_OUTER_BOUND('',#214,.T.);
#137=FACE_OUTER_BOUND('',#215,.T.);
#138=FACE_OUTER_BOUND('',#216,.T.);
#139=FACE_OUTER_BOUND('',#218,.T.);
#140=FACE_OUTER_BOUND('',#219,.T.);
#141=EDGE_LOOP('',(#810,#811,#812,#813));
#142=EDGE_LOOP('',(#814,#815,#816,#817));
#143=EDGE_LOOP('',(#818,#819,#820,#821));
#144=EDGE_LOOP('',(#822,#823,#824,#825));
#145=EDGE_LOOP('',(#826,#827,#828,#829));
#146=EDGE_LOOP('',(#830,#831,#832,#833));
#147=EDGE_LOOP('',(#834,#835,#836,#837));
#148=EDGE_LOOP('',(#838,#839,#840,#841));
#149=EDGE_LOOP('',(#842,#843,#844,#845,#846,#847));
#150=EDGE_LOOP('',(#848,#849,#850,#851));
#151=EDGE_LOOP('',(#852,#853,#854,#855));
#152=EDGE_LOOP('',(#856,#857,#858,#859));
#153=EDGE_LOOP('',(#860,#861,#862,#863));
#154=EDGE_LOOP('',(#864,#865,#866,#867));
#155=EDGE_LOOP('',(#868,#869,#870,#871));
#156=EDGE_LOOP('',(#872,#873,#874,#875));
#157=EDGE_LOOP('',(#876,#877,#878,#879));
#158=EDGE_LOOP('',(#880,#881,#882,#883,#884,#885));
#159=EDGE_LOOP('',(#886,#887,#888,#889));
#160=EDGE_LOOP('',(#890,#891,#892,#893));
#161=EDGE_LOOP('',(#894,#895,#896,#897));
#162=EDGE_LOOP('',(#898,#899,#900,#901,#902,#903));
#163=EDGE_LOOP('',(#904,#905,#906,#907));
#164=EDGE_LOOP('',(#908,#909,#910,#911));
#165=EDGE_LOOP('',(#912,#913,#914,#915));
#166=EDGE_LOOP('',(#916,#917,#918,#919));
#167=EDGE_LOOP('',(#920,#921,#922,#923));
#168=EDGE_LOOP('',(#924,#925,#926,#927));
#169=EDGE_LOOP('',(#928,#929,#930,#931));
#170=EDGE_LOOP('',(#932,#933,#934,#935));
#171=EDGE_LOOP('',(#936,#937,#938,#939));
#172=EDGE_LOOP('',(#940,#941,#942,#943));
#173=EDGE_LOOP('',(#944,#945,#946,#947,#948));
#174=EDGE_LOOP('',(#949,#950,#951,#952,#953));
#175=EDGE_LOOP('',(#954));
#176=EDGE_LOOP('',(#955));
#177=EDGE_LOOP('',(#956,#957,#958,#959,#960,#961,#962,#963,#964,#965,#966,
#967,#968,#969,#970,#971,#972,#973,#974,#975));
#178=EDGE_LOOP('',(#976,#977,#978,#979));
#179=EDGE_LOOP('',(#980,#981,#982,#983,#984,#985,#986,#987,#988,#989,#990,
#991,#992,#993,#994,#995,#996,#997,#998,#999));
#180=EDGE_LOOP('',(#1000));
#181=EDGE_LOOP('',(#1001,#1002,#1003,#1004,#1005));
#182=EDGE_LOOP('',(#1006,#1007,#1008,#1009,#1010,#1011,#1012,#1013));
#183=EDGE_LOOP('',(#1014,#1015,#1016,#1017));
#184=EDGE_LOOP('',(#1018));
#185=EDGE_LOOP('',(#1019,#1020,#1021,#1022));
#186=EDGE_LOOP('',(#1023,#1024,#1025,#1026));
#187=EDGE_LOOP('',(#1027));
#188=EDGE_LOOP('',(#1028,#1029,#1030,#1031,#1032,#1033));
#189=EDGE_LOOP('',(#1034,#1035,#1036,#1037,#1038,#1039));
#190=EDGE_LOOP('',(#1040,#1041,#1042,#1043));
#191=EDGE_LOOP('',(#1044,#1045,#1046,#1047));
#192=EDGE_LOOP('',(#1048,#1049,#1050,#1051));
#193=EDGE_LOOP('',(#1052,#1053,#1054,#1055,#1056,#1057,#1058,#1059,#1060,
#1061));
#194=EDGE_LOOP('',(#1062));
#195=EDGE_LOOP('',(#1063,#1064,#1065,#1066));
#196=EDGE_LOOP('',(#1067,#1068,#1069,#1070));
#197=EDGE_LOOP('',(#1071,#1072,#1073,#1074,#1075,#1076,#1077,#1078,#1079,
#1080));
#198=EDGE_LOOP('',(#1081));
#199=EDGE_LOOP('',(#1082,#1083,#1084,#1085));
#200=EDGE_LOOP('',(#1086,#1087,#1088,#1089));
#201=EDGE_LOOP('',(#1090,#1091,#1092,#1093));
#202=EDGE_LOOP('',(#1094,#1095,#1096,#1097));
#203=EDGE_LOOP('',(#1098,#1099,#1100,#1101));
#204=EDGE_LOOP('',(#1102,#1103,#1104,#1105));
#205=EDGE_LOOP('',(#1106,#1107,#1108,#1109));
#206=EDGE_LOOP('',(#1110,#1111,#1112,#1113));
#207=EDGE_LOOP('',(#1114,#1115,#1116,#1117));
#208=EDGE_LOOP('',(#1118,#1119,#1120,#1121));
#209=EDGE_LOOP('',(#1122,#1123,#1124,#1125));
#210=EDGE_LOOP('',(#1126,#1127,#1128,#1129));
#211=EDGE_LOOP('',(#1130,#1131,#1132,#1133));
#212=EDGE_LOOP('',(#1134,#1135,#1136,#1137,#1138,#1139,#1140,#1141,#1142,
#1143));
#213=EDGE_LOOP('',(#1144));
#214=EDGE_LOOP('',(#1145,#1146,#1147,#1148));
#215=EDGE_LOOP('',(#1149,#1150,#1151,#1152));
#216=EDGE_LOOP('',(#1153,#1154,#1155,#1156,#1157,#1158,#1159,#1160,#1161,
#1162));
#217=EDGE_LOOP('',(#1163));
#218=EDGE_LOOP('',(#1164,#1165,#1166,#1167));
#219=EDGE_LOOP('',(#1168,#1169,#1170,#1171));
#220=CIRCLE('',#1286,5.933);
#221=CIRCLE('',#1295,5.21925);
#222=CIRCLE('',#1317,5.5);
#223=CIRCLE('',#1319,7.02141031503819);
#224=CIRCLE('',#1320,0.75);
#225=CIRCLE('',#1321,6.27173449918993);
#226=CIRCLE('',#1322,7.02141031503819);
#227=CIRCLE('',#1324,7.2);
#228=CIRCLE('',#1326,5.5);
#229=CIRCLE('',#1328,5.21925);
#230=CIRCLE('',#1330,5.933);
#231=CIRCLE('',#1331,5.5);
#232=CIRCLE('',#1332,5.5);
#233=CIRCLE('',#1335,5.2);
#234=CIRCLE('',#1338,5.2);
#235=CIRCLE('',#1341,0.5);
#236=CIRCLE('',#1342,0.5);
#237=CIRCLE('',#1344,0.25);
#238=CIRCLE('',#1345,0.25);
#239=CIRCLE('',#1348,0.25);
#240=CIRCLE('',#1349,1.5);
#241=CIRCLE('',#1351,0.25);
#242=CIRCLE('',#1354,1.5);
#243=CIRCLE('',#1363,0.25);
#244=CIRCLE('',#1364,0.25);
#245=CIRCLE('',#1367,0.25);
#246=CIRCLE('',#1368,0.25);
#247=CIRCLE('',#1373,1.5);
#248=CIRCLE('',#1374,0.5);
#249=CIRCLE('',#1376,0.5);
#250=CIRCLE('',#1378,1.5);
#251=B_SPLINE_CURVE_WITH_KNOTS('',3,(#1692,#1693,#1694,#1695,#1696,#1697,
#1698,#1699,#1700,#1701,#1702,#1703,#1704,#1705,#1706,#1707),
 .UNSPECIFIED.,.F.,.F.,(4,3,3,3,3,4),(-4.09274904019422,-3.98588537668163,
-3.48764970459642,-2.98941403251122,-2.49117836042602,-2.07135887395548),
 .UNSPECIFIED.);
#252=B_SPLINE_CURVE_WITH_KNOTS('',3,(#1710,#1711,#1712,#1713,#1714,#1715,
#1716,#1717,#1718,#1719),.UNSPECIFIED.,.F.,.F.,(4,3,3,4),(0.,0.498235672085201,
0.996471344170406,1.12020248735104),.UNSPECIFIED.);
#253=B_SPLINE_CURVE_WITH_KNOTS('',3,(#1724,#1725,#1726,#1727,#1728,#1729,
#1730,#1731,#1732,#1733,#1734,#1735,#1736,#1737,#1738,#1739,#1740,#1741,
#1742,#1743,#1744,#1745,#1746,#1747,#1748,#1749,#1750,#1751,#1752,#1753,
#1754,#1755,#1756,#1757,#1758,#1759,#1760,#1761,#1762,#1763),
 .UNSPECIFIED.,.F.,.F.,(4,3,3,3,3,3,3,3,3,3,3,3,3,4),(-10.3759343473738,
-9.96471344170407,-9.46647776961887,-8.96824209753366,-8.47000642544846,
-7.97177075336326,-7.47353508127805,-6.97529940919285,-6.47706373710765,
-5.97882806502244,-5.48059239293724,-4.98235672085204,-4.48412104876683,
-4.09274904019422),.UNSPECIFIED.);
#254=B_SPLINE_CURVE_WITH_KNOTS('',3,(#1764,#1765,#1766,#1767,#1768,#1769,
#1770,#1771,#1772,#1773,#1774,#1775,#1776,#1777,#1778,#1779,#1780,#1781,
#1782,#1783,#1784,#1785,#1786,#1787,#1788,#1789,#1790,#1791,#1792,#1793,
#1794,#1795,#1796,#1797,#1798,#1799,#1800,#1801,#1802,#1803),
 .UNSPECIFIED.,.F.,.F.,(4,3,3,3,3,3,3,3,3,3,3,3,3,4),(1.12020248735104,
1.49470701625561,1.99294268834081,2.49117836042602,2.98941403251122,3.48764970459643,
3.98588537668163,4.48412104876683,4.98235672085203,5.48059239293724,5.97882806502244,
6.47706373710764,6.97529940919285,7.40338779453063),.UNSPECIFIED.);
#255=B_SPLINE_CURVE_WITH_KNOTS('',3,(#1808,#1809,#1810,#1811,#1812,#1813,
#1814,#1815,#1816,#1817,#1818,#1819,#1820,#1821,#1822,#1823,#1824,#1825,
#1826,#1827,#1828,#1829,#1830,#1831,#1832,#1833,#1834,#1835,#1836,#1837,
#1838,#1839,#1840,#1841,#1842,#1843,#1844,#1845,#1846,#1847,#1848,#1849,
#1850),.UNSPECIFIED.,.F.,.F.,(4,3,3,3,3,3,3,3,3,3,3,3,3,3,4),(-16.6591196545534,
-16.4417771788117,-15.9435415067265,-15.4453058346413,-14.9470701625561,
-14.4488344904709,-13.9505988183857,-13.4523631463005,-12.9541274742153,
-12.4558918021301,-11.9576561300449,-11.4594204579597,-10.9611847858745,
-10.4629491137893,-10.3759343473738),.UNSPECIFIED.);
#256=B_SPLINE_CURVE_WITH_KNOTS('',3,(#1851,#1852,#1853,#1854,#1855,#1856,
#1857,#1858,#1859,#1860,#1861,#1862,#1863,#1864,#1865,#1866,#1867,#1868,
#1869,#1870,#1871,#1872,#1873,#1874,#1875,#1876,#1877,#1878,#1879,#1880,
#1881,#1882,#1883,#1884,#1885,#1886,#1887,#1888,#1889,#1890,#1891,#1892,
#1893),.UNSPECIFIED.,.F.,.F.,(4,3,3,3,3,3,3,3,3,3,3,3,3,3,4),(7.40338779453063,
7.47353508127805,7.97177075336326,8.47000642544846,8.96824209753367,9.46647776961887,
9.96471344170407,10.4629491137893,10.9611847858745,11.4594204579597,11.9576561300449,
12.4558918021301,12.9541274742153,13.4523631463005,13.6865731017102),
 .UNSPECIFIED.);
#257=B_SPLINE_CURVE_WITH_KNOTS('',3,(#1898,#1899,#1900,#1901,#1902,#1903,
#1904,#1905,#1906,#1907,#1908,#1909,#1910,#1911,#1912,#1913,#1914,#1915,
#1916,#1917,#1918,#1919,#1920,#1921,#1922,#1923,#1924,#1925,#1926,#1927,
#1928,#1929,#1930,#1931,#1932,#1933,#1934,#1935,#1936,#1937,#1938,#1939,
#1940),.UNSPECIFIED.,.F.,.F.,(4,3,3,3,3,3,3,3,3,3,3,3,3,3,4),(-22.942304961733,
-22.9188409159194,-22.4206052438342,-21.922369571749,-21.4241338996638,
-20.9258982275785,-20.4276625554933,-19.9294268834081,-19.4311912113229,
-18.9329555392377,-18.4347198671525,-17.9364841950673,-17.4382485229821,
-16.9400128508969,-16.6591196545534),.UNSPECIFIED.);
#258=B_SPLINE_CURVE_WITH_KNOTS('',3,(#1941,#1942,#1943,#1944,#1945,#1946,
#1947,#1948,#1949,#1950,#1951,#1952,#1953,#1954,#1955,#1956,#1957,#1958,
#1959,#1960,#1961,#1962,#1963,#1964,#1965,#1966,#1967,#1968,#1969,#1970,
#1971,#1972,#1973,#1974,#1975,#1976,#1977,#1978,#1979,#1980,#1981,#1982,
#1983),.UNSPECIFIED.,.F.,.F.,(4,3,3,3,3,3,3,3,3,3,3,3,3,3,4),(13.6865731017102,
13.9505988183857,14.4488344904709,14.9470701625561,15.4453058346413,15.9435415067265,
16.4417771788117,16.9400128508969,17.4382485229821,17.9364841950673,18.4347198671525,
18.9329555392377,19.4311912113229,19.9294268834081,19.9697584088898),
 .UNSPECIFIED.);
#259=B_SPLINE_CURVE_WITH_KNOTS('',3,(#1988,#1989,#1990,#1991,#1992,#1993,
#1994,#1995,#1996,#1997,#1998,#1999,#2000,#2001,#2002,#2003,#2004,#2005,
#2006,#2007,#2008,#2009,#2010,#2011,#2012,#2013,#2014,#2015,#2016,#2017,
#2018,#2019,#2020,#2021,#2022,#2023,#2024,#2025,#2026,#2027),
 .UNSPECIFIED.,.F.,.F.,(4,3,3,3,3,3,3,3,3,3,3,3,3,4),(-29.2254902689126,
-28.8976689809418,-28.3994333088566,-27.9011976367714,-27.4029619646862,
-26.904726292601,-26.4064906205158,-25.9082549484306,-25.4100192763454,
-24.9117836042602,-24.413547932175,-23.9153122600898,-23.4170765880046,
-22.942304961733),.UNSPECIFIED.);
#260=B_SPLINE_CURVE_WITH_KNOTS('',3,(#2028,#2029,#2030,#2031,#2032,#2033,
#2034,#2035,#2036,#2037,#2038,#2039,#2040,#2041,#2042,#2043,#2044,#2045,
#2046,#2047,#2048,#2049,#2050,#2051,#2052,#2053,#2054,#2055,#2056,#2057,
#2058,#2059,#2060,#2061,#2062,#2063,#2064,#2065,#2066,#2067),
 .UNSPECIFIED.,.F.,.F.,(4,3,3,3,3,3,3,3,3,3,3,3,3,4),(19.9697584088898,
20.4276625554933,20.9258982275786,21.4241338996638,21.922369571749,22.4206052438342,
22.9188409159194,23.4170765880046,23.9153122600898,24.413547932175,24.9117836042602,
25.4100192763454,25.9082549484306,26.2529437160694),.UNSPECIFIED.);
#261=B_SPLINE_CURVE_WITH_KNOTS('',3,(#2072,#2073,#2074,#2075,#2076,#2077,
#2078,#2079,#2080,#2081,#2082,#2083,#2084,#2085,#2086,#2087,#2088,#2089,
#2090,#2091,#2092,#2093,#2094,#2095,#2096,#2097,#2098,#2099,#2100,#2101,
#2102,#2103,#2104,#2105,#2106,#2107,#2108,#2109,#2110,#2111,#2112,#2113,
#2114),.UNSPECIFIED.,.F.,.F.,(4,3,3,3,3,3,3,3,3,3,3,3,3,3,4),(-35.5086755760922,
-35.3747327180495,-34.8764970459642,-34.378261373879,-33.8800257017938,
-33.3817900297086,-32.8835543576234,-32.3853186855382,-31.887083013453,
-31.3888473413678,-30.8906116692826,-30.3923759971974,-29.8941403251122,
-29.395904653027,-29.2254902689126),.UNSPECIFIED.);
#262=B_SPLINE_CURVE_WITH_KNOTS('',3,(#2115,#2116,#2117,#2118,#2119,#2120,
#2121,#2122,#2123,#2124,#2125,#2126,#2127,#2128,#2129,#2130,#2131,#2132,
#2133,#2134,#2135,#2136,#2137,#2138,#2139,#2140,#2141,#2142,#2143,#2144,
#2145,#2146,#2147,#2148,#2149,#2150,#2151,#2152,#2153,#2154,#2155,#2156,
#2157),.UNSPECIFIED.,.F.,.F.,(4,3,3,3,3,3,3,3,3,3,3,3,3,3,4),(26.2529437160694,
26.4064906205158,26.904726292601,27.4029619646862,27.9011976367714,28.3994333088566,
28.8976689809418,29.395904653027,29.8941403251122,30.3923759971974,30.8906116692826,
31.3888473413678,31.887083013453,32.3853186855382,32.536129023249),
 .UNSPECIFIED.);
#263=B_SPLINE_CURVE_WITH_KNOTS('',3,(#2162,#2163,#2164,#2165,#2166,#2167,
#2168,#2169,#2170,#2171,#2172,#2173,#2174,#2175,#2176,#2177,#2178,#2179,
#2180,#2181,#2182,#2183,#2184,#2185,#2186,#2187,#2188,#2189,#2190,#2191,
#2192,#2193,#2194,#2195,#2196,#2197,#2198,#2199,#2200,#2201),
 .UNSPECIFIED.,.F.,.F.,(4,3,3,3,3,3,3,3,3,3,3,3,3,4),(-41.7918608832718,
-41.3535607830719,-40.8553251109867,-40.3570894389015,-39.8588537668163,
-39.3606180947311,-38.8623824226459,-38.3641467505607,-37.8659110784755,
-37.3676754063903,-36.8694397343051,-36.3712040622198,-35.8729683901347,
-35.5086755760922),.UNSPECIFIED.);
#264=B_SPLINE_CURVE_WITH_KNOTS('',3,(#2202,#2203,#2204,#2205,#2206,#2207,
#2208,#2209,#2210,#2211,#2212,#2213,#2214,#2215,#2216,#2217,#2218,#2219,
#2220,#2221,#2222,#2223,#2224,#2225,#2226,#2227,#2228,#2229,#2230,#2231,
#2232,#2233,#2234,#2235,#2236,#2237,#2238,#2239,#2240,#2241),
 .UNSPECIFIED.,.F.,.F.,(4,3,3,3,3,3,3,3,3,3,3,3,3,4),(32.536129023249,32.8835543576234,
33.3817900297086,33.8800257017938,34.378261373879,34.8764970459642,35.3747327180495,
35.8729683901347,36.3712040622199,36.8694397343051,37.3676754063903,37.8659110784755,
38.3641467505607,38.8193143304286),.UNSPECIFIED.);
#265=B_SPLINE_CURVE_WITH_KNOTS('',3,(#2246,#2247,#2248,#2249,#2250,#2251,
#2252,#2253,#2254,#2255,#2256,#2257,#2258,#2259,#2260,#2261,#2262,#2263,
#2264,#2265,#2266,#2267,#2268,#2269,#2270,#2271,#2272,#2273,#2274,#2275,
#2276,#2277,#2278,#2279,#2280,#2281,#2282,#2283,#2284,#2285,#2286,#2287,
#2288),.UNSPECIFIED.,.F.,.F.,(4,3,3,3,3,3,3,3,3,3,3,3,3,3,4),(-48.0750461904513,
-47.8306245201795,-47.3323888480943,-46.8341531760091,-46.3359175039239,
-45.8376818318387,-45.3394461597535,-44.8412104876683,-44.3429748155831,
-43.8447391434979,-43.3465034714127,-42.8482677993275,-42.3500321272423,
-41.8517964551571,-41.7918608832718),.UNSPECIFIED.);
#266=B_SPLINE_CURVE_WITH_KNOTS('',3,(#2289,#2290,#2291,#2292,#2293,#2294,
#2295,#2296,#2297,#2298,#2299,#2300,#2301,#2302,#2303,#2304,#2305,#2306,
#2307,#2308,#2309,#2310,#2311,#2312,#2313,#2314,#2315,#2316,#2317,#2318,
#2319,#2320,#2321,#2322,#2323,#2324,#2325,#2326,#2327,#2328,#2329,#2330,
#2331),.UNSPECIFIED.,.F.,.F.,(4,3,3,3,3,3,3,3,3,3,3,3,3,3,4),(38.8193143304286,
38.8623824226459,39.3606180947311,39.8588537668163,40.3570894389015,40.8553251109867,
41.3535607830719,41.8517964551571,42.3500321272423,42.8482677993275,43.3465034714127,
43.8447391434979,44.3429748155831,44.8412104876683,45.1024996376082),
 .UNSPECIFIED.);
#267=B_SPLINE_CURVE_WITH_KNOTS('',3,(#2337,#2338,#2339,#2340,#2341,#2342,
#2343,#2344,#2345,#2346,#2347,#2348,#2349,#2350,#2351,#2352),
 .UNSPECIFIED.,.F.,.F.,(4,1,1,1,1,1,1,1,1,1,1,1,1,4),(53.4070751110265,
53.4670106829118,53.965246354997,54.4634820270822,54.9617176991674,55.4599533712526,
55.9581890433378,56.456424715423,56.9546603875082,57.4528960595934,57.9511317316787,
58.4493674037639,58.9476030758491,59.3674225623196),.UNSPECIFIED.);
#268=B_SPLINE_CURVE_WITH_KNOTS('',3,(#2359,#2360,#2361,#2362,#2363,#2364,
#2365,#2366,#2367,#2368,#2369,#2370,#2371),.UNSPECIFIED.,.F.,.F.,(4,1,1,
1,1,1,1,1,1,1,4),(53.4070751110265,53.6440216331718,54.142257305257,54.6404929773422,
55.1387286494274,55.6369643215126,56.1351999935978,56.633435665683,57.1316713377682,
57.6299070098535,58.1281426819387),.UNSPECIFIED.);
#269=B_SPLINE_CURVE_WITH_KNOTS('',3,(#2376,#2377,#2378,#2379,#2380,#2381,
#2382,#2383,#2384,#2385,#2386,#2387,#2388,#2389,#2390,#2391),
 .UNSPECIFIED.,.F.,.F.,(4,1,1,1,1,1,1,1,1,1,1,1,1,4),(47.1238898038469,
47.4881826178894,47.9864182899746,48.4846539620598,48.982889634145,49.4811253062302,
49.9793609783154,50.4775966504006,50.9758323224858,51.474067994571,51.9723036666562,
52.4705393387414,52.9687750108266,53.4070751110265),.UNSPECIFIED.);
#270=B_SPLINE_CURVE_WITH_KNOTS('',3,(#2392,#2393,#2394,#2395,#2396,#2397,
#2398,#2399,#2400,#2401,#2402,#2403,#2404,#2405,#2406,#2407,#2408),
 .UNSPECIFIED.,.F.,.F.,(4,1,1,1,1,1,1,1,1,1,1,1,1,1,4),(47.1238898038469,
47.1669578960642,47.6651935681494,48.1634292402346,48.6616649123198,49.159900584405,
49.6581362564902,50.1563719285754,50.6546076006606,51.1528432727458,51.651078944831,
52.1493146169162,52.6475502890014,53.1457859610866,53.4070751110265),
 .UNSPECIFIED.);
#271=B_SPLINE_CURVE_WITH_KNOTS('',3,(#2413,#2414,#2415,#2416,#2417,#2418,
#2419,#2420,#2421,#2422,#2423,#2424,#2425,#2426,#2427,#2428,#2429),
 .UNSPECIFIED.,.F.,.F.,(4,1,1,1,1,1,1,1,1,1,1,1,1,1,4),(40.8407044966673,
41.0111188807817,41.5093545528669,42.0075902249521,42.5058258970373,43.0040615691225,
43.5022972412077,44.000532913293,44.4987685853782,44.9970042574634,45.4952399295486,
45.9934756016338,46.491711273719,46.9899469458042,47.1238898038469),
 .UNSPECIFIED.);
#272=B_SPLINE_CURVE_WITH_KNOTS('',3,(#2430,#2431,#2432,#2433,#2434,#2435,
#2436,#2437,#2438,#2439,#2440,#2441,#2442,#2443,#2444,#2445),
 .UNSPECIFIED.,.F.,.F.,(4,1,1,1,1,1,1,1,1,1,1,1,1,4),(40.8407044966673,
41.1881298310417,41.6863655031269,42.1846011752121,42.6828368472974,43.1810725193826,
43.6793081914678,44.177543863553,44.6757795356382,45.1740152077234,45.6722508798086,
46.1704865518938,46.668722223979,47.1238898038469),.UNSPECIFIED.);
#273=B_SPLINE_CURVE_WITH_KNOTS('',3,(#2450,#2451,#2452,#2453,#2454,#2455,
#2456,#2457,#2458,#2459,#2460,#2461,#2462,#2463,#2464,#2465),
 .UNSPECIFIED.,.F.,.F.,(4,1,1,1,1,1,1,1,1,1,1,1,1,4),(34.5575191894877,
35.0322908157593,35.5305264878445,36.0287621599297,36.5269978320149,37.0252335041001,
37.5234691761853,38.0217048482705,38.5199405203557,39.0181761924409,39.5164118645261,
40.0146475366113,40.5128832086965,40.8407044966673),.UNSPECIFIED.);
#274=B_SPLINE_CURVE_WITH_KNOTS('',3,(#2466,#2467,#2468,#2469,#2470,#2471,
#2472,#2473,#2474,#2475,#2476,#2477,#2478,#2479,#2480,#2481,#2482),
 .UNSPECIFIED.,.F.,.F.,(4,1,1,1,1,1,1,1,1,1,1,1,1,1,4),(34.5575191894877,
34.7110660939341,35.2093017660193,35.7075374381045,36.2057731101897,36.7040087822749,
37.2022444543601,37.7004801264453,38.1987157985305,38.6969514706157,39.1951871427009,
39.6934228147861,40.1916584868713,40.6898941589565,40.8407044966673),
 .UNSPECIFIED.);
#275=B_SPLINE_CURVE_WITH_KNOTS('',3,(#2487,#2488,#2489,#2490,#2491,#2492,
#2493,#2494,#2495,#2496,#2497,#2498,#2499,#2500,#2501,#2502,#2503),
 .UNSPECIFIED.,.F.,.F.,(4,1,1,1,1,1,1,1,1,1,1,1,1,1,4),(28.2743338823081,
28.5552270786516,29.0534627507368,29.5516984228221,30.0499340949073,30.5481697669925,
31.0464054390777,31.5446411111629,32.0428767832481,32.5411124553333,33.0393481274185,
33.5375837995037,34.0358194715889,34.5340551436741,34.5575191894877),
 .UNSPECIFIED.);
#276=B_SPLINE_CURVE_WITH_KNOTS('',3,(#2504,#2505,#2506,#2507,#2508,#2509,
#2510,#2511,#2512,#2513,#2514,#2515,#2516,#2517,#2518,#2519),
 .UNSPECIFIED.,.F.,.F.,(4,1,1,1,1,1,1,1,1,1,1,1,1,4),(28.2743338823081,
28.7322380289116,29.2304737009969,29.7287093730821,30.2269450451673,30.7251807172525,
31.2234163893377,31.7216520614229,32.2198877335081,32.7181234055933,33.2163590776785,
33.7145947497637,34.2128304218489,34.5575191894877),.UNSPECIFIED.);
#277=B_SPLINE_CURVE_WITH_KNOTS('',3,(#2524,#2525,#2526,#2527,#2528,#2529,
#2530,#2531,#2532,#2533,#2534,#2535,#2536,#2537,#2538,#2539,#2540),
 .UNSPECIFIED.,.F.,.F.,(4,1,1,1,1,1,1,1,1,1,1,1,1,1,4),(21.9911485751285,
22.078163341544,22.5763990136292,23.0746346857144,23.5728703577996,24.0711060298848,
24.56934170197,25.0675773740552,25.5658130461404,26.0640487182256,26.5622843903108,
27.060520062396,27.5587557344812,28.0569914065664,28.2743338823081),
 .UNSPECIFIED.);
#278=B_SPLINE_CURVE_WITH_KNOTS('',3,(#2541,#2542,#2543,#2544,#2545,#2546,
#2547,#2548,#2549,#2550,#2551,#2552,#2553,#2554,#2555,#2556,#2557),
 .UNSPECIFIED.,.F.,.F.,(4,1,1,1,1,1,1,1,1,1,1,1,1,1,4),(21.9911485751285,
22.255174291804,22.7534099638892,23.2516456359744,23.7498813080596,24.2481169801448,
24.74635265223,25.2445883243152,25.7428239964004,26.2410596684856,26.7392953405708,
27.237531012656,27.7357666847412,28.2340023568264,28.2743338823081),
 .UNSPECIFIED.);
#279=B_SPLINE_CURVE_WITH_KNOTS('',3,(#2562,#2563,#2564,#2565,#2566,#2567,
#2568,#2569,#2570,#2571,#2572,#2573,#2574,#2575,#2576,#2577),
 .UNSPECIFIED.,.F.,.F.,(4,1,1,1,1,1,1,1,1,1,1,1,1,4),(15.7079632679489,
16.0993352765216,16.5975709486068,17.095806620692,17.5940422927772,18.0922779648624,
18.5905136369476,19.0887493090328,19.586984981118,20.0852206532032,20.5834563252884,
21.0816919973736,21.5799276694588,21.9911485751285),.UNSPECIFIED.);
#280=B_SPLINE_CURVE_WITH_KNOTS('',3,(#2578,#2579,#2580,#2581,#2582,#2583,
#2584,#2585,#2586,#2587,#2588,#2589,#2590,#2591,#2592,#2593,#2594),
 .UNSPECIFIED.,.F.,.F.,(4,1,1,1,1,1,1,1,1,1,1,1,1,1,4),(15.7079632679489,
15.7781105546964,16.2763462267816,16.7745818988668,17.272817570952,17.7710532430372,
18.2692889151224,18.7675245872076,19.2657602592928,19.763995931378,20.2622316034632,
20.7604672755484,21.2587029476336,21.7569386197188,21.9911485751285),
 .UNSPECIFIED.);
#281=B_SPLINE_CURVE_WITH_KNOTS('',3,(#2686,#2687,#2688,#2689,#2690,#2691,
#2692,#2693),.UNSPECIFIED.,.F.,.F.,(4,2,2,4),(0.722446426543499,0.884653312140189,
1.02443110518452,1.16190518812705),.UNSPECIFIED.);
#282=B_SPLINE_CURVE_WITH_KNOTS('',3,(#2695,#2696,#2697,#2698,#2699,#2700,
#2701,#2702),.UNSPECIFIED.,.F.,.F.,(4,2,2,4),(0.722446426543499,0.884653312140189,
1.02443110518452,1.16190518812705),.UNSPECIFIED.);
#283=B_SPLINE_CURVE_WITH_KNOTS('',3,(#2721,#2722,#2723,#2724,#2725,#2726,
#2727,#2728),.UNSPECIFIED.,.F.,.F.,(4,2,2,4),(0.,0.205995346243425,0.417107984355169,
0.438683246778187),.UNSPECIFIED.);
#284=B_SPLINE_CURVE_WITH_KNOTS('',3,(#2731,#2732,#2733,#2734,#2735,#2736,
#2737,#2738),.UNSPECIFIED.,.F.,.F.,(4,2,2,4),(0.,0.205995346243425,0.417107984355169,
0.438683246778187),.UNSPECIFIED.);
#285=B_SPLINE_CURVE_WITH_KNOTS('',3,(#3169,#3170,#3171,#3172,#3173,#3174,
#3175,#3176,#3177,#3178,#3179,#3180,#3181,#3182,#3183,#3184,#3185,#3186,
#3187,#3188,#3189,#3190,#3191,#3192,#3193,#3194,#3195,#3196,#3197,#3198,
#3199,#3200,#3201,#3202,#3203,#3204,#3205,#3206,#3207,#3208,#3209,#3210,
#3211,#3212,#3213,#3214,#3215,#3216,#3217,#3218,#3219,#3220,#3221,#3222,
#3223,#3224,#3225,#3226,#3227,#3228,#3229,#3230,#3231,#3232,#3233,#3234,
#3235),.UNSPECIFIED.,.F.,.F.,(4,3,3,3,3,3,3,3,3,3,3,3,3,3,3,3,3,3,3,3,3,
3,4),(-1.15878324328652,-1.11234770407638,-1.06221525096955,-1.03219711776203,
-1.0100401043124,-1.00034202632702,-0.950795109030119,-0.90153055535853,
-0.861800370333959,-0.854787020409664,-0.848322753031711,-0.822070185309388,
-0.773413548590586,-0.724515591434352,-0.67830062794236,-0.643639405323365,
-0.635114243307051,-0.629109885635786,-0.581203048383114,-0.539655737466382,
-0.489169492121842,-0.441363128460144,-0.438683246777302),.UNSPECIFIED.);
#286=B_SPLINE_CURVE_WITH_KNOTS('',3,(#3236,#3237,#3238,#3239,#3240,#3241,
#3242,#3243,#3244,#3245,#3246,#3247,#3248,#3249,#3250,#3251,#3252,#3253,
#3254),.UNSPECIFIED.,.F.,.F.,(4,3,3,3,3,3,4),(45.1024996376082,45.3394461597535,
45.8376818318387,46.3359175039239,46.8341531760091,47.3323888480943,47.7522083345648),
 .UNSPECIFIED.);
#287=B_SPLINE_CURVE_WITH_KNOTS('',3,(#3256,#3257,#3258,#3259,#3260,#3261,
#3262,#3263,#3264,#3265,#3266,#3267,#3268,#3269,#3270,#3271,#3272,#3273,
#3274,#3275,#3276,#3277,#3278,#3279,#3280,#3281,#3282,#3283,#3284,#3285,
#3286,#3287,#3288,#3289,#3290,#3291,#3292,#3293,#3294,#3295,#3296,#3297,
#3298,#3299,#3300,#3301,#3302,#3303,#3304,#3305,#3306,#3307,#3308,#3309,
#3310,#3311,#3312,#3313,#3314,#3315,#3316,#3317,#3318,#3319,#3320,#3321,
#3322,#3323,#3324,#3325,#3326,#3327,#3328,#3329,#3330,#3331,#3332,#3333,
#3334,#3335,#3336,#3337,#3338,#3339,#3340,#3341,#3342,#3343,#3344,#3345,
#3346,#3347,#3348,#3349,#3350,#3351,#3352,#3353,#3354,#3355,#3356,#3357,
#3358,#3359,#3360,#3361,#3362,#3363,#3364),.UNSPECIFIED.,.F.,.F.,(4,3,3,
3,3,3,3,3,3,3,3,3,3,3,3,3,3,3,3,3,3,3,3,3,3,3,3,3,3,3,3,3,3,3,3,3,4),(0.,
0.0411873383546919,0.0867028153786235,0.132804023197243,0.176651167205276,
0.193093846208289,0.203710920675845,0.209898184648668,0.259045391939021,
0.308192599229375,0.355099581455026,0.40221859780186,0.416939462061254,
0.422931738910422,0.470543729843556,0.518529044219205,0.566440522256337,
0.583586892193914,0.619035573004235,0.630047553043786,0.637570860329096,
0.685386880014923,0.734160699696098,0.783047334944896,0.825111836810691,
0.846144087743589,0.853328087804027,0.859883745503425,0.867176338676486,
0.915952656529318,0.965313644596568,0.989497344432814,1.00052046704998,
1.01083179344317,1.06083220664747,1.11088518969709,1.15878324328654),
 .UNSPECIFIED.);
#288=B_SPLINE_CURVE_WITH_KNOTS('',3,(#3365,#3366,#3367,#3368,#3369,#3370,
#3371,#3372,#3373,#3374,#3375,#3376,#3377,#3378),.UNSPECIFIED.,.F.,.F.,
(4,1,1,1,1,1,1,1,1,1,1,4),(10.3759343473738,10.7957538338443,11.2939895059295,
11.7922251780147,12.2904608500999,12.7886965221851,13.2869321942703,13.7851678663555,
14.2834035384407,14.781639210526,15.2798748826112,15.7079632679489),
 .UNSPECIFIED.);
#289=B_SPLINE_CURVE_WITH_KNOTS('',3,(#3382,#3383,#3384,#3385,#3386,#3387,
#3388,#3389,#3390,#3391,#3392,#3393),.UNSPECIFIED.,.F.,.F.,(4,1,1,1,1,1,
1,1,1,4),(11.6152142277547,12.1134498998399,12.6116855719251,13.1099212440103,
13.6081569160955,14.1063925881807,14.6046282602659,15.1028639323512,15.6010996044364,
15.7079632679489),.UNSPECIFIED.);
#290=B_SPLINE_CURVE_WITH_KNOTS('',3,(#3806,#3807,#3808,#3809,#3810,#3811,
#3812,#3813,#3814,#3815,#3816,#3817,#3818,#3819,#3820,#3821,#3822,#3823,
#3824,#3825,#3826,#3827,#3828,#3829,#3830,#3831,#3832,#3833,#3834,#3835,
#3836,#3837,#3838,#3839,#3840,#3841,#3842,#3843,#3844,#3845,#3846,#3847,
#3848,#3849,#3850,#3851,#3852,#3853,#3854,#3855,#3856,#3857,#3858,#3859,
#3860,#3861,#3862,#3863,#3864,#3865,#3866,#3867,#3868,#3869,#3870,#3871,
#3872,#3873,#3874,#3875,#3876,#3877,#3878,#3879,#3880,#3881,#3882,#3883,
#3884,#3885,#3886,#3887,#3888,#3889,#3890,#3891,#3892,#3893,#3894,#3895,
#3896,#3897,#3898,#3899,#3900,#3901,#3902,#3903,#3904,#3905,#3906,#3907,
#3908,#3909,#3910,#3911,#3912,#3913,#3914,#3915,#3916,#3917),
 .UNSPECIFIED.,.F.,.F.,(4,3,3,3,3,3,3,3,3,3,3,3,3,3,3,3,3,3,3,3,3,3,3,3,
3,3,3,3,3,3,3,3,3,3,3,3,3,4),(0.,0.0465785243713831,0.0965709910458692,
0.146727918499423,0.194591705699398,0.213111294123123,0.225225431799575,
0.233174342020371,0.282411671178517,0.331392609227817,0.338183067299321,
0.387486979663683,0.436473906282427,0.45071242760815,0.45675949831585,0.505172326974639,
0.553520946736465,0.601204069571981,0.6214022518722,0.655734267469899,0.669160879844827,
0.67525000919003,0.72257180954346,0.770121929606045,0.817325979034584,0.85669217784419,
0.876375277248992,0.883538594487208,0.889694699579502,0.896058376653795,
0.942816564490446,0.989675323413019,1.01120405650227,1.02299164537556,1.02943437172206,
1.07566483190062,1.12125159910935,1.16190518812706),.UNSPECIFIED.);
#291=B_SPLINE_CURVE_WITH_KNOTS('',3,(#3919,#3920,#3921,#3922,#3923,#3924,
#3925,#3926,#3927,#3928,#3929,#3930,#3931),.UNSPECIFIED.,.F.,.F.,(4,3,3,
3,4),(-49.8235672085203,-49.3253315364351,-48.8270958643499,-48.3288601922647,
-48.0750461904513),.UNSPECIFIED.);
#292=B_SPLINE_CURVE_WITH_KNOTS('',3,(#3932,#3933,#3934,#3935,#3936,#3937,
#3938,#3939,#3940,#3941,#3942,#3943,#3944,#3945,#3946,#3947,#3948,#3949,
#3950,#3951,#3952,#3953,#3954,#3955,#3956,#3957,#3958,#3959,#3960,#3961,
#3962,#3963,#3964,#3965,#3966,#3967,#3968,#3969,#3970,#3971,#3972,#3973,
#3974,#3975,#3976,#3977,#3978,#3979,#3980,#3981,#3982,#3983,#3984,#3985,
#3986,#3987,#3988,#3989,#3990,#3991,#3992,#3993,#3994,#3995,#3996,#3997,
#3998,#3999,#4000,#4001),.UNSPECIFIED.,.F.,.F.,(4,3,3,3,3,3,3,3,3,3,3,3,
3,3,3,3,3,3,3,3,3,3,3,4),(-0.722446426543636,-0.686172984076831,-0.676935302920091,
-0.671415703897532,-0.665865865297637,-0.617520933852711,-0.577352656676419,
-0.529248785630636,-0.480850844251274,-0.45724078476328,-0.448301418595668,
-0.399424269692936,-0.350168352024549,-0.300973310486452,-0.292795513794441,
-0.256196074570136,-0.240183819909502,-0.229856865101624,-0.224023272051846,
-0.174891073007695,-0.124840852858195,-0.0746867517429305,-0.0250479551678291,
0.),.UNSPECIFIED.);
#293=LINE('',#1690,#401);
#294=LINE('',#1723,#402);
#295=LINE('',#1807,#403);
#296=LINE('',#1897,#404);
#297=LINE('',#1987,#405);
#298=LINE('',#2071,#406);
#299=LINE('',#2161,#407);
#300=LINE('',#2245,#408);
#301=LINE('',#2335,#409);
#302=LINE('',#2354,#410);
#303=LINE('',#2358,#411);
#304=LINE('',#2375,#412);
#305=LINE('',#2412,#413);
#306=LINE('',#2449,#414);
#307=LINE('',#2486,#415);
#308=LINE('',#2523,#416);
#309=LINE('',#2561,#417);
#310=LINE('',#2598,#418);
#311=LINE('',#2600,#419);
#312=LINE('',#2602,#420);
#313=LINE('',#2603,#421);
#314=LINE('',#2606,#422);
#315=LINE('',#2608,#423);
#316=LINE('',#2609,#424);
#317=LINE('',#2612,#425);
#318=LINE('',#2614,#426);
#319=LINE('',#2616,#427);
#320=LINE('',#2617,#428);
#321=LINE('',#2620,#429);
#322=LINE('',#2621,#430);
#323=LINE('',#2625,#431);
#324=LINE('',#2627,#432);
#325=LINE('',#2629,#433);
#326=LINE('',#2630,#434);
#327=LINE('',#2633,#435);
#328=LINE('',#2635,#436);
#329=LINE('',#2636,#437);
#330=LINE('',#2639,#438);
#331=LINE('',#2641,#439);
#332=LINE('',#2643,#440);
#333=LINE('',#2644,#441);
#334=LINE('',#2647,#442);
#335=LINE('',#2649,#443);
#336=LINE('',#2650,#444);
#337=LINE('',#2653,#445);
#338=LINE('',#2654,#446);
#339=LINE('',#2656,#447);
#340=LINE('',#2658,#448);
#341=LINE('',#2661,#449);
#342=LINE('',#2662,#450);
#343=LINE('',#2665,#451);
#344=LINE('',#2666,#452);
#345=LINE('',#2668,#453);
#346=LINE('',#2703,#454);
#347=LINE('',#2730,#455);
#348=LINE('',#2751,#456);
#349=LINE('',#4008,#457);
#350=LINE('',#4016,#458);
#351=LINE('',#4022,#459);
#352=LINE('',#4029,#460);
#353=LINE('',#4032,#461);
#354=LINE('',#4035,#462);
#355=LINE('',#4037,#463);
#356=LINE('',#4038,#464);
#357=LINE('',#4041,#465);
#358=LINE('',#4043,#466);
#359=LINE('',#4045,#467);
#360=LINE('',#4049,#468);
#361=LINE('',#4051,#469);
#362=LINE('',#4054,#470);
#363=LINE('',#4059,#471);
#364=LINE('',#4060,#472);
#365=LINE('',#4063,#473);
#366=LINE('',#4064,#474);
#367=LINE('',#4067,#475);
#368=LINE('',#4070,#476);
#369=LINE('',#4072,#477);
#370=LINE('',#4074,#478);
#371=LINE('',#4075,#479);
#372=LINE('',#4077,#480);
#373=LINE('',#4078,#481);
#374=LINE('',#4082,#482);
#375=LINE('',#4083,#483);
#376=LINE('',#4089,#484);
#377=LINE('',#4091,#485);
#378=LINE('',#4093,#486);
#379=LINE('',#4094,#487);
#380=LINE('',#4100,#488);
#381=LINE('',#4104,#489);
#382=LINE('',#4106,#490);
#383=LINE('',#4108,#491);
#384=LINE('',#4109,#492);
#385=LINE('',#4115,#493);
#386=LINE('',#4118,#494);
#387=LINE('',#4120,#495);
#388=LINE('',#4121,#496);
#389=LINE('',#4124,#497);
#390=LINE('',#4126,#498);
#391=LINE('',#4127,#499);
#392=LINE('',#4130,#500);
#393=LINE('',#4132,#501);
#394=LINE('',#4133,#502);
#395=LINE('',#4136,#503);
#396=LINE('',#4138,#504);
#397=LINE('',#4143,#505);
#398=LINE('',#4147,#506);
#399=LINE('',#4150,#507);
#400=LINE('',#4151,#508);
#401=VECTOR('',#1386,6.);
#402=VECTOR('',#1391,6.);
#403=VECTOR('',#1394,6.);
#404=VECTOR('',#1397,6.);
#405=VECTOR('',#1400,6.);
#406=VECTOR('',#1403,6.);
#407=VECTOR('',#1406,6.);
#408=VECTOR('',#1409,6.);
#409=VECTOR('',#1412,5.21925);
#410=VECTOR('',#1413,10.);
#411=VECTOR('',#1416,10.);
#412=VECTOR('',#1419,5.21925);
#413=VECTOR('',#1422,5.21925);
#414=VECTOR('',#1425,5.21925);
#415=VECTOR('',#1428,5.21925);
#416=VECTOR('',#1431,5.21925);
#417=VECTOR('',#1434,5.21925);
#418=VECTOR('',#1437,10.);
#419=VECTOR('',#1438,10.);
#420=VECTOR('',#1439,10.);
#421=VECTOR('',#1440,10.);
#422=VECTOR('',#1443,10.);
#423=VECTOR('',#1444,10.);
#424=VECTOR('',#1445,10.);
#425=VECTOR('',#1448,10.);
#426=VECTOR('',#1449,10.);
#427=VECTOR('',#1450,10.);
#428=VECTOR('',#1451,10.);
#429=VECTOR('',#1454,10.);
#430=VECTOR('',#1455,10.);
#431=VECTOR('',#1458,10.);
#432=VECTOR('',#1459,10.);
#433=VECTOR('',#1460,10.);
#434=VECTOR('',#1461,10.);
#435=VECTOR('',#1464,10.);
#436=VECTOR('',#1465,10.);
#437=VECTOR('',#1466,10.);
#438=VECTOR('',#1469,10.);
#439=VECTOR('',#1470,10.);
#440=VECTOR('',#1471,10.);
#441=VECTOR('',#1472,10.);
#442=VECTOR('',#1475,10.);
#443=VECTOR('',#1476,10.);
#444=VECTOR('',#1477,10.);
#445=VECTOR('',#1480,10.);
#446=VECTOR('',#1481,10.);
#447=VECTOR('',#1484,10.);
#448=VECTOR('',#1487,10.);
#449=VECTOR('',#1490,10.);
#450=VECTOR('',#1491,10.);
#451=VECTOR('',#1494,10.);
#452=VECTOR('',#1495,10.);
#453=VECTOR('',#1498,10.);
#454=VECTOR('',#1499,10.);
#455=VECTOR('',#1500,10.);
#456=VECTOR('',#1517,7.1);
#457=VECTOR('',#1538,5.5);
#458=VECTOR('',#1549,5.2);
#459=VECTOR('',#1556,0.5);
#460=VECTOR('',#1563,10.);
#461=VECTOR('',#1566,10.);
#462=VECTOR('',#1569,10.);
#463=VECTOR('',#1570,10.);
#464=VECTOR('',#1571,10.);
#465=VECTOR('',#1574,10.);
#466=VECTOR('',#1575,10.);
#467=VECTOR('',#1576,10.);
#468=VECTOR('',#1579,10.);
#469=VECTOR('',#1580,10.);
#470=VECTOR('',#1583,10.);
#471=VECTOR('',#1588,10.);
#472=VECTOR('',#1589,10.);
#473=VECTOR('',#1592,10.);
#474=VECTOR('',#1593,10.);
#475=VECTOR('',#1596,10.);
#476=VECTOR('',#1599,10.);
#477=VECTOR('',#1600,10.);
#478=VECTOR('',#1601,10.);
#479=VECTOR('',#1602,10.);
#480=VECTOR('',#1605,10.);
#481=VECTOR('',#1606,10.);
#482=VECTOR('',#1613,10.);
#483=VECTOR('',#1614,10.);
#484=VECTOR('',#1621,10.);
#485=VECTOR('',#1622,10.);
#486=VECTOR('',#1623,10.);
#487=VECTOR('',#1624,10.);
#488=VECTOR('',#1631,10.);
#489=VECTOR('',#1634,10.);
#490=VECTOR('',#1635,10.);
#491=VECTOR('',#1636,10.);
#492=VECTOR('',#1637,10.);
#493=VECTOR('',#1644,10.);
#494=VECTOR('',#1647,10.);
#495=VECTOR('',#1648,10.);
#496=VECTOR('',#1649,10.);
#497=VECTOR('',#1652,10.);
#498=VECTOR('',#1653,10.);
#499=VECTOR('',#1654,10.);
#500=VECTOR('',#1657,10.);
#501=VECTOR('',#1658,10.);
#502=VECTOR('',#1659,10.);
#503=VECTOR('',#1662,10.);
#504=VECTOR('',#1665,10.);
#505=VECTOR('',#1670,0.5);
#506=VECTOR('',#1675,10.);
#507=VECTOR('',#1680,10.);
#508=VECTOR('',#1681,10.);
#509=VERTEX_POINT('',#1688);
#510=VERTEX_POINT('',#1689);
#511=VERTEX_POINT('',#1691);
#512=VERTEX_POINT('',#1708);
#513=VERTEX_POINT('',#1721);
#514=VERTEX_POINT('',#1722);
#515=VERTEX_POINT('',#1805);
#516=VERTEX_POINT('',#1806);
#517=VERTEX_POINT('',#1895);
#518=VERTEX_POINT('',#1896);
#519=VERTEX_POINT('',#1985);
#520=VERTEX_POINT('',#1986);
#521=VERTEX_POINT('',#2069);
#522=VERTEX_POINT('',#2070);
#523=VERTEX_POINT('',#2159);
#524=VERTEX_POINT('',#2160);
#525=VERTEX_POINT('',#2243);
#526=VERTEX_POINT('',#2244);
#527=VERTEX_POINT('',#2333);
#528=VERTEX_POINT('',#2334);
#529=VERTEX_POINT('',#2336);
#530=VERTEX_POINT('',#2353);
#531=VERTEX_POINT('',#2355);
#532=VERTEX_POINT('',#2357);
#533=VERTEX_POINT('',#2373);
#534=VERTEX_POINT('',#2374);
#535=VERTEX_POINT('',#2410);
#536=VERTEX_POINT('',#2411);
#537=VERTEX_POINT('',#2447);
#538=VERTEX_POINT('',#2448);
#539=VERTEX_POINT('',#2484);
#540=VERTEX_POINT('',#2485);
#541=VERTEX_POINT('',#2521);
#542=VERTEX_POINT('',#2522);
#543=VERTEX_POINT('',#2559);
#544=VERTEX_POINT('',#2560);
#545=VERTEX_POINT('',#2596);
#546=VERTEX_POINT('',#2597);
#547=VERTEX_POINT('',#2599);
#548=VERTEX_POINT('',#2601);
#549=VERTEX_POINT('',#2605);
#550=VERTEX_POINT('',#2607);
#551=VERTEX_POINT('',#2611);
#552=VERTEX_POINT('',#2613);
#553=VERTEX_POINT('',#2615);
#554=VERTEX_POINT('',#2619);
#555=VERTEX_POINT('',#2623);
#556=VERTEX_POINT('',#2624);
#557=VERTEX_POINT('',#2626);
#558=VERTEX_POINT('',#2628);
#559=VERTEX_POINT('',#2632);
#560=VERTEX_POINT('',#2634);
#561=VERTEX_POINT('',#2638);
#562=VERTEX_POINT('',#2640);
#563=VERTEX_POINT('',#2642);
#564=VERTEX_POINT('',#2646);
#565=VERTEX_POINT('',#2648);
#566=VERTEX_POINT('',#2652);
#567=VERTEX_POINT('',#2660);
#568=VERTEX_POINT('',#2664);
#569=VERTEX_POINT('',#2685);
#570=VERTEX_POINT('',#2694);
#571=VERTEX_POINT('',#2720);
#572=VERTEX_POINT('',#2729);
#573=VERTEX_POINT('',#2742);
#574=VERTEX_POINT('',#2743);
#575=VERTEX_POINT('',#2745);
#576=VERTEX_POINT('',#2750);
#577=VERTEX_POINT('',#2754);
#578=VERTEX_POINT('',#3168);
#579=VERTEX_POINT('',#3255);
#580=VERTEX_POINT('',#3380);
#581=VERTEX_POINT('',#3918);
#582=VERTEX_POINT('',#4004);
#583=VERTEX_POINT('',#4010);
#584=VERTEX_POINT('',#4014);
#585=VERTEX_POINT('',#4019);
#586=VERTEX_POINT('',#4021);
#587=VERTEX_POINT('',#4025);
#588=VERTEX_POINT('',#4026);
#589=VERTEX_POINT('',#4028);
#590=VERTEX_POINT('',#4030);
#591=VERTEX_POINT('',#4034);
#592=VERTEX_POINT('',#4036);
#593=VERTEX_POINT('',#4040);
#594=VERTEX_POINT('',#4042);
#595=VERTEX_POINT('',#4044);
#596=VERTEX_POINT('',#4046);
#597=VERTEX_POINT('',#4048);
#598=VERTEX_POINT('',#4050);
#599=VERTEX_POINT('',#4052);
#600=VERTEX_POINT('',#4056);
#601=VERTEX_POINT('',#4057);
#602=VERTEX_POINT('',#4062);
#603=VERTEX_POINT('',#4066);
#604=VERTEX_POINT('',#4068);
#605=VERTEX_POINT('',#4071);
#606=VERTEX_POINT('',#4073);
#607=VERTEX_POINT('',#4087);
#608=VERTEX_POINT('',#4088);
#609=VERTEX_POINT('',#4090);
#610=VERTEX_POINT('',#4092);
#611=VERTEX_POINT('',#4096);
#612=VERTEX_POINT('',#4098);
#613=VERTEX_POINT('',#4102);
#614=VERTEX_POINT('',#4103);
#615=VERTEX_POINT('',#4105);
#616=VERTEX_POINT('',#4107);
#617=VERTEX_POINT('',#4111);
#618=VERTEX_POINT('',#4113);
#619=VERTEX_POINT('',#4117);
#620=VERTEX_POINT('',#4119);
#621=VERTEX_POINT('',#4123);
#622=VERTEX_POINT('',#4125);
#623=VERTEX_POINT('',#4129);
#624=VERTEX_POINT('',#4131);
#625=VERTEX_POINT('',#4135);
#626=VERTEX_POINT('',#4139);
#627=VERTEX_POINT('',#4142);
#628=VERTEX_POINT('',#4146);
#629=EDGE_CURVE('',#509,#510,#293,.T.);
#630=EDGE_CURVE('',#509,#511,#251,.T.);
#631=EDGE_CURVE('',#511,#512,#220,.F.);
#632=EDGE_CURVE('',#512,#510,#252,.T.);
#633=EDGE_CURVE('',#513,#514,#294,.T.);
#634=EDGE_CURVE('',#513,#509,#253,.T.);
#635=EDGE_CURVE('',#510,#514,#254,.T.);
#636=EDGE_CURVE('',#515,#516,#295,.T.);
#637=EDGE_CURVE('',#515,#513,#255,.T.);
#638=EDGE_CURVE('',#514,#516,#256,.T.);
#639=EDGE_CURVE('',#517,#518,#296,.T.);
#640=EDGE_CURVE('',#517,#515,#257,.T.);
#641=EDGE_CURVE('',#516,#518,#258,.T.);
#642=EDGE_CURVE('',#519,#520,#297,.T.);
#643=EDGE_CURVE('',#519,#517,#259,.T.);
#644=EDGE_CURVE('',#518,#520,#260,.T.);
#645=EDGE_CURVE('',#521,#522,#298,.T.);
#646=EDGE_CURVE('',#521,#519,#261,.T.);
#647=EDGE_CURVE('',#520,#522,#262,.T.);
#648=EDGE_CURVE('',#523,#524,#299,.T.);
#649=EDGE_CURVE('',#523,#521,#263,.T.);
#650=EDGE_CURVE('',#522,#524,#264,.T.);
#651=EDGE_CURVE('',#525,#526,#300,.T.);
#652=EDGE_CURVE('',#525,#523,#265,.T.);
#653=EDGE_CURVE('',#524,#526,#266,.T.);
#654=EDGE_CURVE('',#527,#528,#301,.T.);
#655=EDGE_CURVE('',#527,#529,#267,.T.);
#656=EDGE_CURVE('',#529,#530,#302,.T.);
#657=EDGE_CURVE('',#531,#530,#221,.T.);
#658=EDGE_CURVE('',#532,#531,#303,.T.);
#659=EDGE_CURVE('',#528,#532,#268,.T.);
#660=EDGE_CURVE('',#533,#534,#304,.T.);
#661=EDGE_CURVE('',#533,#527,#269,.T.);
#662=EDGE_CURVE('',#534,#528,#270,.T.);
#663=EDGE_CURVE('',#535,#536,#305,.T.);
#664=EDGE_CURVE('',#535,#533,#271,.T.);
#665=EDGE_CURVE('',#536,#534,#272,.T.);
#666=EDGE_CURVE('',#537,#538,#306,.T.);
#667=EDGE_CURVE('',#537,#535,#273,.T.);
#668=EDGE_CURVE('',#538,#536,#274,.T.);
#669=EDGE_CURVE('',#539,#540,#307,.T.);
#670=EDGE_CURVE('',#539,#537,#275,.T.);
#671=EDGE_CURVE('',#540,#538,#276,.T.);
#672=EDGE_CURVE('',#541,#542,#308,.T.);
#673=EDGE_CURVE('',#541,#539,#277,.T.);
#674=EDGE_CURVE('',#542,#540,#278,.T.);
#675=EDGE_CURVE('',#543,#544,#309,.T.);
#676=EDGE_CURVE('',#543,#541,#279,.T.);
#677=EDGE_CURVE('',#544,#542,#280,.T.);
#678=EDGE_CURVE('',#545,#546,#310,.T.);
#679=EDGE_CURVE('',#546,#547,#311,.T.);
#680=EDGE_CURVE('',#547,#548,#312,.F.);
#681=EDGE_CURVE('',#548,#545,#313,.T.);
#682=EDGE_CURVE('',#549,#546,#314,.T.);
#683=EDGE_CURVE('',#550,#549,#315,.T.);
#684=EDGE_CURVE('',#547,#550,#316,.T.);
#685=EDGE_CURVE('',#545,#551,#317,.T.);
#686=EDGE_CURVE('',#551,#552,#318,.T.);
#687=EDGE_CURVE('',#552,#553,#319,.T.);
#688=EDGE_CURVE('',#549,#553,#320,.T.);
#689=EDGE_CURVE('',#553,#554,#321,.T.);
#690=EDGE_CURVE('',#554,#550,#322,.F.);
#691=EDGE_CURVE('',#555,#556,#323,.T.);
#692=EDGE_CURVE('',#556,#557,#324,.T.);
#693=EDGE_CURVE('',#557,#558,#325,.F.);
#694=EDGE_CURVE('',#558,#555,#326,.T.);
#695=EDGE_CURVE('',#559,#556,#327,.T.);
#696=EDGE_CURVE('',#560,#559,#328,.T.);
#697=EDGE_CURVE('',#557,#560,#329,.T.);
#698=EDGE_CURVE('',#555,#561,#330,.T.);
#699=EDGE_CURVE('',#562,#561,#331,.T.);
#700=EDGE_CURVE('',#562,#563,#332,.T.);
#701=EDGE_CURVE('',#563,#559,#333,.T.);
#702=EDGE_CURVE('',#561,#564,#334,.T.);
#703=EDGE_CURVE('',#564,#565,#335,.F.);
#704=EDGE_CURVE('',#565,#562,#336,.T.);
#705=EDGE_CURVE('',#566,#565,#337,.T.);
#706=EDGE_CURVE('',#566,#563,#338,.T.);
#707=EDGE_CURVE('',#560,#566,#339,.T.);
#708=EDGE_CURVE('',#564,#558,#340,.T.);
#709=EDGE_CURVE('',#567,#548,#341,.T.);
#710=EDGE_CURVE('',#567,#551,#342,.T.);
#711=EDGE_CURVE('',#568,#552,#343,.T.);
#712=EDGE_CURVE('',#554,#568,#344,.T.);
#713=EDGE_CURVE('',#568,#567,#345,.T.);
#714=EDGE_CURVE('',#569,#532,#281,.T.);
#715=EDGE_CURVE('',#570,#531,#282,.T.);
#716=EDGE_CURVE('',#569,#570,#346,.T.);
#717=EDGE_CURVE('',#529,#571,#283,.T.);
#718=EDGE_CURVE('',#572,#571,#347,.T.);
#719=EDGE_CURVE('',#530,#572,#284,.T.);
#720=EDGE_CURVE('',#570,#572,#222,.T.);
#721=EDGE_CURVE('',#573,#574,#223,.T.);
#722=EDGE_CURVE('',#574,#575,#224,.T.);
#723=EDGE_CURVE('',#575,#575,#225,.T.);
#724=EDGE_CURVE('',#574,#573,#226,.T.);
#725=EDGE_CURVE('',#573,#576,#348,.T.);
#726=EDGE_CURVE('',#576,#576,#227,.T.);
#727=EDGE_CURVE('',#577,#577,#228,.T.);
#728=EDGE_CURVE('',#578,#569,#285,.T.);
#729=EDGE_CURVE('',#526,#578,#286,.T.);
#730=EDGE_CURVE('',#579,#512,#287,.T.);
#731=EDGE_CURVE('',#579,#544,#288,.T.);
#732=EDGE_CURVE('',#580,#579,#229,.T.);
#733=EDGE_CURVE('',#580,#543,#289,.T.);
#734=EDGE_CURVE('',#511,#580,#290,.T.);
#735=EDGE_CURVE('',#581,#525,#291,.T.);
#736=EDGE_CURVE('',#571,#581,#292,.T.);
#737=EDGE_CURVE('',#581,#578,#230,.F.);
#738=EDGE_CURVE('',#569,#582,#231,.T.);
#739=EDGE_CURVE('',#582,#571,#232,.T.);
#740=EDGE_CURVE('',#577,#582,#349,.T.);
#741=EDGE_CURVE('',#583,#583,#233,.T.);
#742=EDGE_CURVE('',#584,#584,#234,.T.);
#743=EDGE_CURVE('',#584,#583,#350,.T.);
#744=EDGE_CURVE('',#585,#585,#235,.T.);
#745=EDGE_CURVE('',#585,#586,#351,.T.);
#746=EDGE_CURVE('',#586,#586,#236,.T.);
#747=EDGE_CURVE('',#587,#588,#237,.T.);
#748=EDGE_CURVE('',#588,#589,#352,.T.);
#749=EDGE_CURVE('',#589,#590,#238,.T.);
#750=EDGE_CURVE('',#590,#587,#353,.T.);
#751=EDGE_CURVE('',#588,#591,#354,.T.);
#752=EDGE_CURVE('',#591,#592,#355,.T.);
#753=EDGE_CURVE('',#592,#589,#356,.T.);
#754=EDGE_CURVE('',#593,#587,#357,.T.);
#755=EDGE_CURVE('',#594,#593,#358,.T.);
#756=EDGE_CURVE('',#594,#595,#359,.T.);
#757=EDGE_CURVE('',#596,#595,#239,.T.);
#758=EDGE_CURVE('',#597,#596,#360,.T.);
#759=EDGE_CURVE('',#597,#598,#361,.T.);
#760=EDGE_CURVE('',#599,#598,#240,.T.);
#761=EDGE_CURVE('',#591,#599,#362,.T.);
#762=EDGE_CURVE('',#600,#601,#241,.T.);
#763=EDGE_CURVE('',#601,#596,#363,.T.);
#764=EDGE_CURVE('',#595,#600,#364,.T.);
#765=EDGE_CURVE('',#601,#602,#365,.T.);
#766=EDGE_CURVE('',#602,#597,#366,.T.);
#767=EDGE_CURVE('',#592,#603,#367,.T.);
#768=EDGE_CURVE('',#604,#603,#242,.T.);
#769=EDGE_CURVE('',#602,#604,#368,.T.);
#770=EDGE_CURVE('',#605,#600,#369,.T.);
#771=EDGE_CURVE('',#606,#605,#370,.T.);
#772=EDGE_CURVE('',#606,#590,#371,.T.);
#773=EDGE_CURVE('',#598,#604,#372,.T.);
#774=EDGE_CURVE('',#603,#599,#373,.T.);
#775=EDGE_CURVE('',#605,#594,#374,.T.);
#776=EDGE_CURVE('',#593,#606,#375,.T.);
#777=EDGE_CURVE('',#607,#608,#376,.T.);
#778=EDGE_CURVE('',#607,#609,#377,.T.);
#779=EDGE_CURVE('',#610,#609,#378,.T.);
#780=EDGE_CURVE('',#610,#608,#379,.T.);
#781=EDGE_CURVE('',#611,#610,#243,.T.);
#782=EDGE_CURVE('',#609,#612,#244,.T.);
#783=EDGE_CURVE('',#612,#611,#380,.T.);
#784=EDGE_CURVE('',#613,#614,#381,.T.);
#785=EDGE_CURVE('',#613,#615,#382,.T.);
#786=EDGE_CURVE('',#616,#615,#383,.T.);
#787=EDGE_CURVE('',#616,#614,#384,.T.);
#788=EDGE_CURVE('',#617,#616,#245,.T.);
#789=EDGE_CURVE('',#615,#618,#246,.T.);
#790=EDGE_CURVE('',#618,#617,#385,.T.);
#791=EDGE_CURVE('',#619,#618,#386,.T.);
#792=EDGE_CURVE('',#620,#619,#387,.T.);
#793=EDGE_CURVE('',#620,#617,#388,.T.);
#794=EDGE_CURVE('',#621,#612,#389,.T.);
#795=EDGE_CURVE('',#622,#621,#390,.T.);
#796=EDGE_CURVE('',#622,#611,#391,.T.);
#797=EDGE_CURVE('',#614,#623,#392,.T.);
#798=EDGE_CURVE('',#624,#623,#393,.T.);
#799=EDGE_CURVE('',#613,#624,#394,.T.);
#800=EDGE_CURVE('',#607,#625,#395,.T.);
#801=EDGE_CURVE('',#623,#625,#247,.T.);
#802=EDGE_CURVE('',#621,#620,#396,.T.);
#803=EDGE_CURVE('',#626,#626,#248,.T.);
#804=EDGE_CURVE('',#626,#627,#397,.T.);
#805=EDGE_CURVE('',#627,#627,#249,.T.);
#806=EDGE_CURVE('',#625,#628,#398,.T.);
#807=EDGE_CURVE('',#628,#624,#250,.T.);
#808=EDGE_CURVE('',#608,#628,#399,.T.);
#809=EDGE_CURVE('',#619,#622,#400,.T.);
#810=ORIENTED_EDGE('',*,*,#629,.F.);
#811=ORIENTED_EDGE('',*,*,#630,.T.);
#812=ORIENTED_EDGE('',*,*,#631,.T.);
#813=ORIENTED_EDGE('',*,*,#632,.T.);
#814=ORIENTED_EDGE('',*,*,#633,.F.);
#815=ORIENTED_EDGE('',*,*,#634,.T.);
#816=ORIENTED_EDGE('',*,*,#629,.T.);
#817=ORIENTED_EDGE('',*,*,#635,.T.);
#818=ORIENTED_EDGE('',*,*,#636,.F.);
#819=ORIENTED_EDGE('',*,*,#637,.T.);
#820=ORIENTED_EDGE('',*,*,#633,.T.);
#821=ORIENTED_EDGE('',*,*,#638,.T.);
#822=ORIENTED_EDGE('',*,*,#639,.F.);
#823=ORIENTED_EDGE('',*,*,#640,.T.);
#824=ORIENTED_EDGE('',*,*,#636,.T.);
#825=ORIENTED_EDGE('',*,*,#641,.T.);
#826=ORIENTED_EDGE('',*,*,#642,.F.);
#827=ORIENTED_EDGE('',*,*,#643,.T.);
#828=ORIENTED_EDGE('',*,*,#639,.T.);
#829=ORIENTED_EDGE('',*,*,#644,.T.);
#830=ORIENTED_EDGE('',*,*,#645,.F.);
#831=ORIENTED_EDGE('',*,*,#646,.T.);
#832=ORIENTED_EDGE('',*,*,#642,.T.);
#833=ORIENTED_EDGE('',*,*,#647,.T.);
#834=ORIENTED_EDGE('',*,*,#648,.F.);
#835=ORIENTED_EDGE('',*,*,#649,.T.);
#836=ORIENTED_EDGE('',*,*,#645,.T.);
#837=ORIENTED_EDGE('',*,*,#650,.T.);
#838=ORIENTED_EDGE('',*,*,#651,.F.);
#839=ORIENTED_EDGE('',*,*,#652,.T.);
#840=ORIENTED_EDGE('',*,*,#648,.T.);
#841=ORIENTED_EDGE('',*,*,#653,.T.);
#842=ORIENTED_EDGE('',*,*,#654,.F.);
#843=ORIENTED_EDGE('',*,*,#655,.T.);
#844=ORIENTED_EDGE('',*,*,#656,.T.);
#845=ORIENTED_EDGE('',*,*,#657,.F.);
#846=ORIENTED_EDGE('',*,*,#658,.F.);
#847=ORIENTED_EDGE('',*,*,#659,.F.);
#848=ORIENTED_EDGE('',*,*,#660,.F.);
#849=ORIENTED_EDGE('',*,*,#661,.T.);
#850=ORIENTED_EDGE('',*,*,#654,.T.);
#851=ORIENTED_EDGE('',*,*,#662,.F.);
#852=ORIENTED_EDGE('',*,*,#663,.F.);
#853=ORIENTED_EDGE('',*,*,#664,.T.);
#854=ORIENTED_EDGE('',*,*,#660,.T.);
#855=ORIENTED_EDGE('',*,*,#665,.F.);
#856=ORIENTED_EDGE('',*,*,#666,.F.);
#857=ORIENTED_EDGE('',*,*,#667,.T.);
#858=ORIENTED_EDGE('',*,*,#663,.T.);
#859=ORIENTED_EDGE('',*,*,#668,.F.);
#860=ORIENTED_EDGE('',*,*,#669,.F.);
#861=ORIENTED_EDGE('',*,*,#670,.T.);
#862=ORIENTED_EDGE('',*,*,#666,.T.);
#863=ORIENTED_EDGE('',*,*,#671,.F.);
#864=ORIENTED_EDGE('',*,*,#672,.F.);
#865=ORIENTED_EDGE('',*,*,#673,.T.);
#866=ORIENTED_EDGE('',*,*,#669,.T.);
#867=ORIENTED_EDGE('',*,*,#674,.F.);
#868=ORIENTED_EDGE('',*,*,#675,.F.);
#869=ORIENTED_EDGE('',*,*,#676,.T.);
#870=ORIENTED_EDGE('',*,*,#672,.T.);
#871=ORIENTED_EDGE('',*,*,#677,.F.);
#872=ORIENTED_EDGE('',*,*,#678,.T.);
#873=ORIENTED_EDGE('',*,*,#679,.T.);
#874=ORIENTED_EDGE('',*,*,#680,.T.);
#875=ORIENTED_EDGE('',*,*,#681,.T.);
#876=ORIENTED_EDGE('',*,*,#679,.F.);
#877=ORIENTED_EDGE('',*,*,#682,.F.);
#878=ORIENTED_EDGE('',*,*,#683,.F.);
#879=ORIENTED_EDGE('',*,*,#684,.F.);
#880=ORIENTED_EDGE('',*,*,#678,.F.);
#881=ORIENTED_EDGE('',*,*,#685,.T.);
#882=ORIENTED_EDGE('',*,*,#686,.T.);
#883=ORIENTED_EDGE('',*,*,#687,.T.);
#884=ORIENTED_EDGE('',*,*,#688,.F.);
#885=ORIENTED_EDGE('',*,*,#682,.T.);
#886=ORIENTED_EDGE('',*,*,#688,.T.);
#887=ORIENTED_EDGE('',*,*,#689,.T.);
#888=ORIENTED_EDGE('',*,*,#690,.T.);
#889=ORIENTED_EDGE('',*,*,#683,.T.);
#890=ORIENTED_EDGE('',*,*,#691,.T.);
#891=ORIENTED_EDGE('',*,*,#692,.T.);
#892=ORIENTED_EDGE('',*,*,#693,.T.);
#893=ORIENTED_EDGE('',*,*,#694,.T.);
#894=ORIENTED_EDGE('',*,*,#692,.F.);
#895=ORIENTED_EDGE('',*,*,#695,.F.);
#896=ORIENTED_EDGE('',*,*,#696,.F.);
#897=ORIENTED_EDGE('',*,*,#697,.F.);
#898=ORIENTED_EDGE('',*,*,#691,.F.);
#899=ORIENTED_EDGE('',*,*,#698,.T.);
#900=ORIENTED_EDGE('',*,*,#699,.F.);
#901=ORIENTED_EDGE('',*,*,#700,.T.);
#902=ORIENTED_EDGE('',*,*,#701,.T.);
#903=ORIENTED_EDGE('',*,*,#695,.T.);
#904=ORIENTED_EDGE('',*,*,#699,.T.);
#905=ORIENTED_EDGE('',*,*,#702,.T.);
#906=ORIENTED_EDGE('',*,*,#703,.T.);
#907=ORIENTED_EDGE('',*,*,#704,.T.);
#908=ORIENTED_EDGE('',*,*,#704,.F.);
#909=ORIENTED_EDGE('',*,*,#705,.F.);
#910=ORIENTED_EDGE('',*,*,#706,.T.);
#911=ORIENTED_EDGE('',*,*,#700,.F.);
#912=ORIENTED_EDGE('',*,*,#707,.F.);
#913=ORIENTED_EDGE('',*,*,#696,.T.);
#914=ORIENTED_EDGE('',*,*,#701,.F.);
#915=ORIENTED_EDGE('',*,*,#706,.F.);
#916=ORIENTED_EDGE('',*,*,#694,.F.);
#917=ORIENTED_EDGE('',*,*,#708,.F.);
#918=ORIENTED_EDGE('',*,*,#702,.F.);
#919=ORIENTED_EDGE('',*,*,#698,.F.);
#920=ORIENTED_EDGE('',*,*,#681,.F.);
#921=ORIENTED_EDGE('',*,*,#709,.F.);
#922=ORIENTED_EDGE('',*,*,#710,.T.);
#923=ORIENTED_EDGE('',*,*,#685,.F.);
#924=ORIENTED_EDGE('',*,*,#689,.F.);
#925=ORIENTED_EDGE('',*,*,#687,.F.);
#926=ORIENTED_EDGE('',*,*,#711,.F.);
#927=ORIENTED_EDGE('',*,*,#712,.F.);
#928=ORIENTED_EDGE('',*,*,#713,.F.);
#929=ORIENTED_EDGE('',*,*,#711,.T.);
#930=ORIENTED_EDGE('',*,*,#686,.F.);
#931=ORIENTED_EDGE('',*,*,#710,.F.);
#932=ORIENTED_EDGE('',*,*,#714,.T.);
#933=ORIENTED_EDGE('',*,*,#658,.T.);
#934=ORIENTED_EDGE('',*,*,#715,.F.);
#935=ORIENTED_EDGE('',*,*,#716,.F.);
#936=ORIENTED_EDGE('',*,*,#717,.T.);
#937=ORIENTED_EDGE('',*,*,#718,.F.);
#938=ORIENTED_EDGE('',*,*,#719,.F.);
#939=ORIENTED_EDGE('',*,*,#656,.F.);
#940=ORIENTED_EDGE('',*,*,#719,.T.);
#941=ORIENTED_EDGE('',*,*,#720,.F.);
#942=ORIENTED_EDGE('',*,*,#715,.T.);
#943=ORIENTED_EDGE('',*,*,#657,.T.);
#944=ORIENTED_EDGE('',*,*,#721,.T.);
#945=ORIENTED_EDGE('',*,*,#722,.T.);
#946=ORIENTED_EDGE('',*,*,#723,.T.);
#947=ORIENTED_EDGE('',*,*,#722,.F.);
#948=ORIENTED_EDGE('',*,*,#724,.T.);
#949=ORIENTED_EDGE('',*,*,#721,.F.);
#950=ORIENTED_EDGE('',*,*,#725,.T.);
#951=ORIENTED_EDGE('',*,*,#726,.F.);
#952=ORIENTED_EDGE('',*,*,#725,.F.);
#953=ORIENTED_EDGE('',*,*,#724,.F.);
#954=ORIENTED_EDGE('',*,*,#723,.F.);
#955=ORIENTED_EDGE('',*,*,#727,.T.);
#956=ORIENTED_EDGE('',*,*,#728,.F.);
#957=ORIENTED_EDGE('',*,*,#729,.F.);
#958=ORIENTED_EDGE('',*,*,#653,.F.);
#959=ORIENTED_EDGE('',*,*,#650,.F.);
#960=ORIENTED_EDGE('',*,*,#647,.F.);
#961=ORIENTED_EDGE('',*,*,#644,.F.);
#962=ORIENTED_EDGE('',*,*,#641,.F.);
#963=ORIENTED_EDGE('',*,*,#638,.F.);
#964=ORIENTED_EDGE('',*,*,#635,.F.);
#965=ORIENTED_EDGE('',*,*,#632,.F.);
#966=ORIENTED_EDGE('',*,*,#730,.F.);
#967=ORIENTED_EDGE('',*,*,#731,.T.);
#968=ORIENTED_EDGE('',*,*,#677,.T.);
#969=ORIENTED_EDGE('',*,*,#674,.T.);
#970=ORIENTED_EDGE('',*,*,#671,.T.);
#971=ORIENTED_EDGE('',*,*,#668,.T.);
#972=ORIENTED_EDGE('',*,*,#665,.T.);
#973=ORIENTED_EDGE('',*,*,#662,.T.);
#974=ORIENTED_EDGE('',*,*,#659,.T.);
#975=ORIENTED_EDGE('',*,*,#714,.F.);
#976=ORIENTED_EDGE('',*,*,#675,.T.);
#977=ORIENTED_EDGE('',*,*,#731,.F.);
#978=ORIENTED_EDGE('',*,*,#732,.F.);
#979=ORIENTED_EDGE('',*,*,#733,.T.);
#980=ORIENTED_EDGE('',*,*,#717,.F.);
#981=ORIENTED_EDGE('',*,*,#655,.F.);
#982=ORIENTED_EDGE('',*,*,#661,.F.);
#983=ORIENTED_EDGE('',*,*,#664,.F.);
#984=ORIENTED_EDGE('',*,*,#667,.F.);
#985=ORIENTED_EDGE('',*,*,#670,.F.);
#986=ORIENTED_EDGE('',*,*,#673,.F.);
#987=ORIENTED_EDGE('',*,*,#676,.F.);
#988=ORIENTED_EDGE('',*,*,#733,.F.);
#989=ORIENTED_EDGE('',*,*,#734,.F.);
#990=ORIENTED_EDGE('',*,*,#630,.F.);
#991=ORIENTED_EDGE('',*,*,#634,.F.);
#992=ORIENTED_EDGE('',*,*,#637,.F.);
#993=ORIENTED_EDGE('',*,*,#640,.F.);
#994=ORIENTED_EDGE('',*,*,#643,.F.);
#995=ORIENTED_EDGE('',*,*,#646,.F.);
#996=ORIENTED_EDGE('',*,*,#649,.F.);
#997=ORIENTED_EDGE('',*,*,#652,.F.);
#998=ORIENTED_EDGE('',*,*,#735,.F.);
#999=ORIENTED_EDGE('',*,*,#736,.F.);
#1000=ORIENTED_EDGE('',*,*,#726,.T.);
#1001=ORIENTED_EDGE('',*,*,#737,.T.);
#1002=ORIENTED_EDGE('',*,*,#728,.T.);
#1003=ORIENTED_EDGE('',*,*,#738,.T.);
#1004=ORIENTED_EDGE('',*,*,#739,.T.);
#1005=ORIENTED_EDGE('',*,*,#736,.T.);
#1006=ORIENTED_EDGE('',*,*,#727,.F.);
#1007=ORIENTED_EDGE('',*,*,#740,.T.);
#1008=ORIENTED_EDGE('',*,*,#738,.F.);
#1009=ORIENTED_EDGE('',*,*,#716,.T.);
#1010=ORIENTED_EDGE('',*,*,#720,.T.);
#1011=ORIENTED_EDGE('',*,*,#718,.T.);
#1012=ORIENTED_EDGE('',*,*,#739,.F.);
#1013=ORIENTED_EDGE('',*,*,#740,.F.);
#1014=ORIENTED_EDGE('',*,*,#730,.T.);
#1015=ORIENTED_EDGE('',*,*,#631,.F.);
#1016=ORIENTED_EDGE('',*,*,#734,.T.);
#1017=ORIENTED_EDGE('',*,*,#732,.T.);
#1018=ORIENTED_EDGE('',*,*,#741,.T.);
#1019=ORIENTED_EDGE('',*,*,#651,.T.);
#1020=ORIENTED_EDGE('',*,*,#729,.T.);
#1021=ORIENTED_EDGE('',*,*,#737,.F.);
#1022=ORIENTED_EDGE('',*,*,#735,.T.);
#1023=ORIENTED_EDGE('',*,*,#742,.F.);
#1024=ORIENTED_EDGE('',*,*,#743,.T.);
#1025=ORIENTED_EDGE('',*,*,#741,.F.);
#1026=ORIENTED_EDGE('',*,*,#743,.F.);
#1027=ORIENTED_EDGE('',*,*,#742,.T.);
#1028=ORIENTED_EDGE('',*,*,#707,.T.);
#1029=ORIENTED_EDGE('',*,*,#705,.T.);
#1030=ORIENTED_EDGE('',*,*,#703,.F.);
#1031=ORIENTED_EDGE('',*,*,#708,.T.);
#1032=ORIENTED_EDGE('',*,*,#693,.F.);
#1033=ORIENTED_EDGE('',*,*,#697,.T.);
#1034=ORIENTED_EDGE('',*,*,#709,.T.);
#1035=ORIENTED_EDGE('',*,*,#680,.F.);
#1036=ORIENTED_EDGE('',*,*,#684,.T.);
#1037=ORIENTED_EDGE('',*,*,#690,.F.);
#1038=ORIENTED_EDGE('',*,*,#712,.T.);
#1039=ORIENTED_EDGE('',*,*,#713,.T.);
#1040=ORIENTED_EDGE('',*,*,#744,.F.);
#1041=ORIENTED_EDGE('',*,*,#745,.T.);
#1042=ORIENTED_EDGE('',*,*,#746,.F.);
#1043=ORIENTED_EDGE('',*,*,#745,.F.);
#1044=ORIENTED_EDGE('',*,*,#747,.T.);
#1045=ORIENTED_EDGE('',*,*,#748,.T.);
#1046=ORIENTED_EDGE('',*,*,#749,.T.);
#1047=ORIENTED_EDGE('',*,*,#750,.T.);
#1048=ORIENTED_EDGE('',*,*,#748,.F.);
#1049=ORIENTED_EDGE('',*,*,#751,.T.);
#1050=ORIENTED_EDGE('',*,*,#752,.T.);
#1051=ORIENTED_EDGE('',*,*,#753,.T.);
#1052=ORIENTED_EDGE('',*,*,#747,.F.);
#1053=ORIENTED_EDGE('',*,*,#754,.F.);
#1054=ORIENTED_EDGE('',*,*,#755,.F.);
#1055=ORIENTED_EDGE('',*,*,#756,.T.);
#1056=ORIENTED_EDGE('',*,*,#757,.F.);
#1057=ORIENTED_EDGE('',*,*,#758,.F.);
#1058=ORIENTED_EDGE('',*,*,#759,.T.);
#1059=ORIENTED_EDGE('',*,*,#760,.F.);
#1060=ORIENTED_EDGE('',*,*,#761,.F.);
#1061=ORIENTED_EDGE('',*,*,#751,.F.);
#1062=ORIENTED_EDGE('',*,*,#746,.T.);
#1063=ORIENTED_EDGE('',*,*,#762,.T.);
#1064=ORIENTED_EDGE('',*,*,#763,.T.);
#1065=ORIENTED_EDGE('',*,*,#757,.T.);
#1066=ORIENTED_EDGE('',*,*,#764,.T.);
#1067=ORIENTED_EDGE('',*,*,#763,.F.);
#1068=ORIENTED_EDGE('',*,*,#765,.T.);
#1069=ORIENTED_EDGE('',*,*,#766,.T.);
#1070=ORIENTED_EDGE('',*,*,#758,.T.);
#1071=ORIENTED_EDGE('',*,*,#749,.F.);
#1072=ORIENTED_EDGE('',*,*,#753,.F.);
#1073=ORIENTED_EDGE('',*,*,#767,.T.);
#1074=ORIENTED_EDGE('',*,*,#768,.F.);
#1075=ORIENTED_EDGE('',*,*,#769,.F.);
#1076=ORIENTED_EDGE('',*,*,#765,.F.);
#1077=ORIENTED_EDGE('',*,*,#762,.F.);
#1078=ORIENTED_EDGE('',*,*,#770,.F.);
#1079=ORIENTED_EDGE('',*,*,#771,.F.);
#1080=ORIENTED_EDGE('',*,*,#772,.T.);
#1081=ORIENTED_EDGE('',*,*,#744,.T.);
#1082=ORIENTED_EDGE('',*,*,#760,.T.);
#1083=ORIENTED_EDGE('',*,*,#773,.T.);
#1084=ORIENTED_EDGE('',*,*,#768,.T.);
#1085=ORIENTED_EDGE('',*,*,#774,.T.);
#1086=ORIENTED_EDGE('',*,*,#773,.F.);
#1087=ORIENTED_EDGE('',*,*,#759,.F.);
#1088=ORIENTED_EDGE('',*,*,#766,.F.);
#1089=ORIENTED_EDGE('',*,*,#769,.T.);
#1090=ORIENTED_EDGE('',*,*,#774,.F.);
#1091=ORIENTED_EDGE('',*,*,#767,.F.);
#1092=ORIENTED_EDGE('',*,*,#752,.F.);
#1093=ORIENTED_EDGE('',*,*,#761,.T.);
#1094=ORIENTED_EDGE('',*,*,#771,.T.);
#1095=ORIENTED_EDGE('',*,*,#775,.T.);
#1096=ORIENTED_EDGE('',*,*,#755,.T.);
#1097=ORIENTED_EDGE('',*,*,#776,.T.);
#1098=ORIENTED_EDGE('',*,*,#750,.F.);
#1099=ORIENTED_EDGE('',*,*,#772,.F.);
#1100=ORIENTED_EDGE('',*,*,#776,.F.);
#1101=ORIENTED_EDGE('',*,*,#754,.T.);
#1102=ORIENTED_EDGE('',*,*,#764,.F.);
#1103=ORIENTED_EDGE('',*,*,#756,.F.);
#1104=ORIENTED_EDGE('',*,*,#775,.F.);
#1105=ORIENTED_EDGE('',*,*,#770,.T.);
#1106=ORIENTED_EDGE('',*,*,#777,.F.);
#1107=ORIENTED_EDGE('',*,*,#778,.T.);
#1108=ORIENTED_EDGE('',*,*,#779,.F.);
#1109=ORIENTED_EDGE('',*,*,#780,.T.);
#1110=ORIENTED_EDGE('',*,*,#781,.T.);
#1111=ORIENTED_EDGE('',*,*,#779,.T.);
#1112=ORIENTED_EDGE('',*,*,#782,.T.);
#1113=ORIENTED_EDGE('',*,*,#783,.T.);
#1114=ORIENTED_EDGE('',*,*,#784,.F.);
#1115=ORIENTED_EDGE('',*,*,#785,.T.);
#1116=ORIENTED_EDGE('',*,*,#786,.F.);
#1117=ORIENTED_EDGE('',*,*,#787,.T.);
#1118=ORIENTED_EDGE('',*,*,#788,.T.);
#1119=ORIENTED_EDGE('',*,*,#786,.T.);
#1120=ORIENTED_EDGE('',*,*,#789,.T.);
#1121=ORIENTED_EDGE('',*,*,#790,.T.);
#1122=ORIENTED_EDGE('',*,*,#790,.F.);
#1123=ORIENTED_EDGE('',*,*,#791,.F.);
#1124=ORIENTED_EDGE('',*,*,#792,.F.);
#1125=ORIENTED_EDGE('',*,*,#793,.T.);
#1126=ORIENTED_EDGE('',*,*,#783,.F.);
#1127=ORIENTED_EDGE('',*,*,#794,.F.);
#1128=ORIENTED_EDGE('',*,*,#795,.F.);
#1129=ORIENTED_EDGE('',*,*,#796,.T.);
#1130=ORIENTED_EDGE('',*,*,#784,.T.);
#1131=ORIENTED_EDGE('',*,*,#797,.T.);
#1132=ORIENTED_EDGE('',*,*,#798,.F.);
#1133=ORIENTED_EDGE('',*,*,#799,.F.);
#1134=ORIENTED_EDGE('',*,*,#800,.T.);
#1135=ORIENTED_EDGE('',*,*,#801,.F.);
#1136=ORIENTED_EDGE('',*,*,#797,.F.);
#1137=ORIENTED_EDGE('',*,*,#787,.F.);
#1138=ORIENTED_EDGE('',*,*,#788,.F.);
#1139=ORIENTED_EDGE('',*,*,#793,.F.);
#1140=ORIENTED_EDGE('',*,*,#802,.F.);
#1141=ORIENTED_EDGE('',*,*,#794,.T.);
#1142=ORIENTED_EDGE('',*,*,#782,.F.);
#1143=ORIENTED_EDGE('',*,*,#778,.F.);
#1144=ORIENTED_EDGE('',*,*,#803,.T.);
#1145=ORIENTED_EDGE('',*,*,#803,.F.);
#1146=ORIENTED_EDGE('',*,*,#804,.T.);
#1147=ORIENTED_EDGE('',*,*,#805,.F.);
#1148=ORIENTED_EDGE('',*,*,#804,.F.);
#1149=ORIENTED_EDGE('',*,*,#801,.T.);
#1150=ORIENTED_EDGE('',*,*,#806,.T.);
#1151=ORIENTED_EDGE('',*,*,#807,.T.);
#1152=ORIENTED_EDGE('',*,*,#798,.T.);
#1153=ORIENTED_EDGE('',*,*,#799,.T.);
#1154=ORIENTED_EDGE('',*,*,#807,.F.);
#1155=ORIENTED_EDGE('',*,*,#808,.F.);
#1156=ORIENTED_EDGE('',*,*,#780,.F.);
#1157=ORIENTED_EDGE('',*,*,#781,.F.);
#1158=ORIENTED_EDGE('',*,*,#796,.F.);
#1159=ORIENTED_EDGE('',*,*,#809,.F.);
#1160=ORIENTED_EDGE('',*,*,#791,.T.);
#1161=ORIENTED_EDGE('',*,*,#789,.F.);
#1162=ORIENTED_EDGE('',*,*,#785,.F.);
#1163=ORIENTED_EDGE('',*,*,#805,.T.);
#1164=ORIENTED_EDGE('',*,*,#777,.T.);
#1165=ORIENTED_EDGE('',*,*,#808,.T.);
#1166=ORIENTED_EDGE('',*,*,#806,.F.);
#1167=ORIENTED_EDGE('',*,*,#800,.F.);
#1168=ORIENTED_EDGE('',*,*,#802,.T.);
#1169=ORIENTED_EDGE('',*,*,#792,.T.);
#1170=ORIENTED_EDGE('',*,*,#809,.T.);
#1171=ORIENTED_EDGE('',*,*,#795,.T.);
#1172=CYLINDRICAL_SURFACE('',#1285,5.933);
#1173=CYLINDRICAL_SURFACE('',#1287,5.933);
#1174=CYLINDRICAL_SURFACE('',#1288,5.933);
#1175=CYLINDRICAL_SURFACE('',#1289,5.933);
#1176=CYLINDRICAL_SURFACE('',#1290,5.933);
#1177=CYLINDRICAL_SURFACE('',#1291,5.933);
#1178=CYLINDRICAL_SURFACE('',#1292,5.933);
#1179=CYLINDRICAL_SURFACE('',#1293,5.933);
#1180=CYLINDRICAL_SURFACE('',#1294,5.21925);
#1181=CYLINDRICAL_SURFACE('',#1296,5.21925);
#1182=CYLINDRICAL_SURFACE('',#1297,5.21925);
#1183=CYLINDRICAL_SURFACE('',#1298,5.21925);
#1184=CYLINDRICAL_SURFACE('',#1299,5.21925);
#1185=CYLINDRICAL_SURFACE('',#1300,5.21925);
#1186=CYLINDRICAL_SURFACE('',#1301,5.21925);
#1187=CYLINDRICAL_SURFACE('',#1327,5.21925);
#1188=CYLINDRICAL_SURFACE('',#1333,5.5);
#1189=CYLINDRICAL_SURFACE('',#1336,5.933);
#1190=CYLINDRICAL_SURFACE('',#1337,5.2);
#1191=CYLINDRICAL_SURFACE('',#1340,0.5);
#1192=CYLINDRICAL_SURFACE('',#1343,0.25);
#1193=CYLINDRICAL_SURFACE('',#1350,0.25);
#1194=CYLINDRICAL_SURFACE('',#1355,1.5);
#1195=CYLINDRICAL_SURFACE('',#1362,0.25);
#1196=CYLINDRICAL_SURFACE('',#1366,0.25);
#1197=CYLINDRICAL_SURFACE('',#1375,0.5);
#1198=CYLINDRICAL_SURFACE('',#1377,1.5);
#1199=ADVANCED_FACE('',(#71),#1172,.T.);
#1200=ADVANCED_FACE('',(#72),#1173,.T.);
#1201=ADVANCED_FACE('',(#73),#1174,.T.);
#1202=ADVANCED_FACE('',(#74),#1175,.T.);
#1203=ADVANCED_FACE('',(#75),#1176,.T.);
#1204=ADVANCED_FACE('',(#76),#1177,.T.);
#1205=ADVANCED_FACE('',(#77),#1178,.T.);
#1206=ADVANCED_FACE('',(#78),#1179,.T.);
#1207=ADVANCED_FACE('',(#79),#1180,.T.);
#1208=ADVANCED_FACE('',(#80),#1181,.T.);
#1209=ADVANCED_FACE('',(#81),#1182,.T.);
#1210=ADVANCED_FACE('',(#82),#1183,.T.);
#1211=ADVANCED_FACE('',(#83),#1184,.T.);
#1212=ADVANCED_FACE('',(#84),#1185,.T.);
#1213=ADVANCED_FACE('',(#85),#1186,.T.);
#1214=ADVANCED_FACE('',(#86),#34,.T.);
#1215=ADVANCED_FACE('',(#87),#35,.T.);
#1216=ADVANCED_FACE('',(#88),#36,.T.);
#1217=ADVANCED_FACE('',(#89),#37,.T.);
#1218=ADVANCED_FACE('',(#90),#38,.T.);
#1219=ADVANCED_FACE('',(#91),#39,.T.);
#1220=ADVANCED_FACE('',(#92),#40,.T.);
#1221=ADVANCED_FACE('',(#93),#41,.T.);
#1222=ADVANCED_FACE('',(#94),#42,.T.);
#1223=ADVANCED_FACE('',(#95),#43,.T.);
#1224=ADVANCED_FACE('',(#96),#44,.T.);
#1225=ADVANCED_FACE('',(#97),#45,.T.);
#1226=ADVANCED_FACE('',(#98),#46,.T.);
#1227=ADVANCED_FACE('',(#99),#47,.T.);
#1228=ADVANCED_FACE('',(#100),#30,.T.);
#1229=ADVANCED_FACE('',(#101),#31,.T.);
#1230=ADVANCED_FACE('',(#102),#48,.T.);
#1231=ADVANCED_FACE('',(#103),#29,.T.);
#1232=ADVANCED_FACE('',(#104),#28,.T.);
#1233=ADVANCED_FACE('',(#105,#19),#49,.T.);
#1234=ADVANCED_FACE('',(#106),#32,.F.);
#1235=ADVANCED_FACE('',(#107),#1187,.T.);
#1236=ADVANCED_FACE('',(#108),#33,.F.);
#1237=ADVANCED_FACE('',(#109,#20),#50,.F.);
#1238=ADVANCED_FACE('',(#110),#1188,.F.);
#1239=ADVANCED_FACE('',(#111,#21),#51,.F.);
#1240=ADVANCED_FACE('',(#112),#1189,.T.);
#1241=ADVANCED_FACE('',(#113),#1190,.T.);
#1242=ADVANCED_FACE('',(#114,#22,#23),#52,.F.);
#1243=ADVANCED_FACE('',(#115),#1191,.F.);
#1244=ADVANCED_FACE('',(#116),#1192,.T.);
#1245=ADVANCED_FACE('',(#117),#53,.T.);
#1246=ADVANCED_FACE('',(#118,#24),#54,.T.);
#1247=ADVANCED_FACE('',(#119),#1193,.T.);
#1248=ADVANCED_FACE('',(#120),#55,.T.);
#1249=ADVANCED_FACE('',(#121,#25),#56,.T.);
#1250=ADVANCED_FACE('',(#122),#1194,.T.);
#1251=ADVANCED_FACE('',(#123),#57,.T.);
#1252=ADVANCED_FACE('',(#124),#58,.T.);
#1253=ADVANCED_FACE('',(#125),#59,.F.);
#1254=ADVANCED_FACE('',(#126),#60,.T.);
#1255=ADVANCED_FACE('',(#127),#61,.T.);
#1256=ADVANCED_FACE('',(#128),#62,.T.);
#1257=ADVANCED_FACE('',(#129),#1195,.T.);
#1258=ADVANCED_FACE('',(#130),#63,.T.);
#1259=ADVANCED_FACE('',(#131),#1196,.T.);
#1260=ADVANCED_FACE('',(#132),#64,.T.);
#1261=ADVANCED_FACE('',(#133),#65,.T.);
#1262=ADVANCED_FACE('',(#134),#66,.T.);
#1263=ADVANCED_FACE('',(#135,#26),#67,.T.);
#1264=ADVANCED_FACE('',(#136),#1197,.F.);
#1265=ADVANCED_FACE('',(#137),#1198,.T.);
#1266=ADVANCED_FACE('',(#138,#27),#68,.T.);
#1267=ADVANCED_FACE('',(#139),#69,.T.);
#1268=ADVANCED_FACE('',(#140),#70,.F.);
#1269=CLOSED_SHELL('',(#1199,#1200,#1201,#1202,#1203,#1204,#1205,#1206,
#1207,#1208,#1209,#1210,#1211,#1212,#1213,#1214,#1215,#1216,#1217,#1218,
#1219,#1220,#1221,#1222,#1223,#1224,#1225,#1226,#1227,#1228,#1229,#1230,
#1231,#1232,#1233,#1234,#1235,#1236,#1237,#1238,#1239,#1240,#1241,#1242));
#1270=CLOSED_SHELL('',(#1243,#1244,#1245,#1246,#1247,#1248,#1249,#1250,
#1251,#1252,#1253,#1254,#1255));
#1271=CLOSED_SHELL('',(#1256,#1257,#1258,#1259,#1260,#1261,#1262,#1263,
#1264,#1265,#1266,#1267,#1268));
#1272=DERIVED_UNIT_ELEMENT(#1274,1.);
#1273=DERIVED_UNIT_ELEMENT(#4159,-3.);
#1274=(
MASS_UNIT()
NAMED_UNIT(*)
SI_UNIT(.KILO.,.GRAM.)
);
#1275=DERIVED_UNIT((#1272,#1273));
#1276=MEASURE_REPRESENTATION_ITEM('density measure',
POSITIVE_RATIO_MEASURE(7850.),#1275);
#1277=PROPERTY_DEFINITION_REPRESENTATION(#1282,#1279);
#1278=PROPERTY_DEFINITION_REPRESENTATION(#1283,#1280);
#1279=REPRESENTATION('material name',(#1281),#4156);
#1280=REPRESENTATION('density',(#1276),#4156);
#1281=DESCRIPTIVE_REPRESENTATION_ITEM('Steel','Steel');
#1282=PROPERTY_DEFINITION('material property','material name',#4166);
#1283=PROPERTY_DEFINITION('material property','density of part',#4166);
#1284=AXIS2_PLACEMENT_3D('',#1686,#1382,#1383);
#1285=AXIS2_PLACEMENT_3D('',#1687,#1384,#1385);
#1286=AXIS2_PLACEMENT_3D('',#1709,#1387,#1388);
#1287=AXIS2_PLACEMENT_3D('',#1720,#1389,#1390);
#1288=AXIS2_PLACEMENT_3D('',#1804,#1392,#1393);
#1289=AXIS2_PLACEMENT_3D('',#1894,#1395,#1396);
#1290=AXIS2_PLACEMENT_3D('',#1984,#1398,#1399);
#1291=AXIS2_PLACEMENT_3D('',#2068,#1401,#1402);
#1292=AXIS2_PLACEMENT_3D('',#2158,#1404,#1405);
#1293=AXIS2_PLACEMENT_3D('',#2242,#1407,#1408);
#1294=AXIS2_PLACEMENT_3D('',#2332,#1410,#1411);
#1295=AXIS2_PLACEMENT_3D('',#2356,#1414,#1415);
#1296=AXIS2_PLACEMENT_3D('',#2372,#1417,#1418);
#1297=AXIS2_PLACEMENT_3D('',#2409,#1420,#1421);
#1298=AXIS2_PLACEMENT_3D('',#2446,#1423,#1424);
#1299=AXIS2_PLACEMENT_3D('',#2483,#1426,#1427);
#1300=AXIS2_PLACEMENT_3D('',#2520,#1429,#1430);
#1301=AXIS2_PLACEMENT_3D('',#2558,#1432,#1433);
#1302=AXIS2_PLACEMENT_3D('',#2595,#1435,#1436);
#1303=AXIS2_PLACEMENT_3D('',#2604,#1441,#1442);
#1304=AXIS2_PLACEMENT_3D('',#2610,#1446,#1447);
#1305=AXIS2_PLACEMENT_3D('',#2618,#1452,#1453);
#1306=AXIS2_PLACEMENT_3D('',#2622,#1456,#1457);
#1307=AXIS2_PLACEMENT_3D('',#2631,#1462,#1463);
#1308=AXIS2_PLACEMENT_3D('',#2637,#1467,#1468);
#1309=AXIS2_PLACEMENT_3D('',#2645,#1473,#1474);
#1310=AXIS2_PLACEMENT_3D('',#2651,#1478,#1479);
#1311=AXIS2_PLACEMENT_3D('',#2655,#1482,#1483);
#1312=AXIS2_PLACEMENT_3D('',#2657,#1485,#1486);
#1313=AXIS2_PLACEMENT_3D('',#2659,#1488,#1489);
#1314=AXIS2_PLACEMENT_3D('',#2663,#1492,#1493);
#1315=AXIS2_PLACEMENT_3D('',#2667,#1496,#1497);
#1316=AXIS2_PLACEMENT_3D('',#2739,#1501,#1502);
#1317=AXIS2_PLACEMENT_3D('',#2740,#1503,#1504);
#1318=AXIS2_PLACEMENT_3D('',#2741,#1505,#1506);
#1319=AXIS2_PLACEMENT_3D('',#2744,#1507,#1508);
#1320=AXIS2_PLACEMENT_3D('',#2746,#1509,#1510);
#1321=AXIS2_PLACEMENT_3D('',#2747,#1511,#1512);
#1322=AXIS2_PLACEMENT_3D('',#2748,#1513,#1514);
#1323=AXIS2_PLACEMENT_3D('',#2749,#1515,#1516);
#1324=AXIS2_PLACEMENT_3D('',#2752,#1518,#1519);
#1325=AXIS2_PLACEMENT_3D('',#2753,#1520,#1521);
#1326=AXIS2_PLACEMENT_3D('',#2755,#1522,#1523);
#1327=AXIS2_PLACEMENT_3D('',#3379,#1524,#1525);
#1328=AXIS2_PLACEMENT_3D('',#3381,#1526,#1527);
#1329=AXIS2_PLACEMENT_3D('',#4002,#1528,#1529);
#1330=AXIS2_PLACEMENT_3D('',#4003,#1530,#1531);
#1331=AXIS2_PLACEMENT_3D('',#4005,#1532,#1533);
#1332=AXIS2_PLACEMENT_3D('',#4006,#1534,#1535);
#1333=AXIS2_PLACEMENT_3D('',#4007,#1536,#1537);
#1334=AXIS2_PLACEMENT_3D('',#4009,#1539,#1540);
#1335=AXIS2_PLACEMENT_3D('',#4011,#1541,#1542);
#1336=AXIS2_PLACEMENT_3D('',#4012,#1543,#1544);
#1337=AXIS2_PLACEMENT_3D('',#4013,#1545,#1546);
#1338=AXIS2_PLACEMENT_3D('',#4015,#1547,#1548);
#1339=AXIS2_PLACEMENT_3D('',#4017,#1550,#1551);
#1340=AXIS2_PLACEMENT_3D('',#4018,#1552,#1553);
#1341=AXIS2_PLACEMENT_3D('',#4020,#1554,#1555);
#1342=AXIS2_PLACEMENT_3D('',#4023,#1557,#1558);
#1343=AXIS2_PLACEMENT_3D('',#4024,#1559,#1560);
#1344=AXIS2_PLACEMENT_3D('',#4027,#1561,#1562);
#1345=AXIS2_PLACEMENT_3D('',#4031,#1564,#1565);
#1346=AXIS2_PLACEMENT_3D('',#4033,#1567,#1568);
#1347=AXIS2_PLACEMENT_3D('',#4039,#1572,#1573);
#1348=AXIS2_PLACEMENT_3D('',#4047,#1577,#1578);
#1349=AXIS2_PLACEMENT_3D('',#4053,#1581,#1582);
#1350=AXIS2_PLACEMENT_3D('',#4055,#1584,#1585);
#1351=AXIS2_PLACEMENT_3D('',#4058,#1586,#1587);
#1352=AXIS2_PLACEMENT_3D('',#4061,#1590,#1591);
#1353=AXIS2_PLACEMENT_3D('',#4065,#1594,#1595);
#1354=AXIS2_PLACEMENT_3D('',#4069,#1597,#1598);
#1355=AXIS2_PLACEMENT_3D('',#4076,#1603,#1604);
#1356=AXIS2_PLACEMENT_3D('',#4079,#1607,#1608);
#1357=AXIS2_PLACEMENT_3D('',#4080,#1609,#1610);
#1358=AXIS2_PLACEMENT_3D('',#4081,#1611,#1612);
#1359=AXIS2_PLACEMENT_3D('',#4084,#1615,#1616);
#1360=AXIS2_PLACEMENT_3D('',#4085,#1617,#1618);
#1361=AXIS2_PLACEMENT_3D('',#4086,#1619,#1620);
#1362=AXIS2_PLACEMENT_3D('',#4095,#1625,#1626);
#1363=AXIS2_PLACEMENT_3D('',#4097,#1627,#1628);
#1364=AXIS2_PLACEMENT_3D('',#4099,#1629,#1630);
#1365=AXIS2_PLACEMENT_3D('',#4101,#1632,#1633);
#1366=AXIS2_PLACEMENT_3D('',#4110,#1638,#1639);
#1367=AXIS2_PLACEMENT_3D('',#4112,#1640,#1641);
#1368=AXIS2_PLACEMENT_3D('',#4114,#1642,#1643);
#1369=AXIS2_PLACEMENT_3D('',#4116,#1645,#1646);
#1370=AXIS2_PLACEMENT_3D('',#4122,#1650,#1651);
#1371=AXIS2_PLACEMENT_3D('',#4128,#1655,#1656);
#1372=AXIS2_PLACEMENT_3D('',#4134,#1660,#1661);
#1373=AXIS2_PLACEMENT_3D('',#4137,#1663,#1664);
#1374=AXIS2_PLACEMENT_3D('',#4140,#1666,#1667);
#1375=AXIS2_PLACEMENT_3D('',#4141,#1668,#1669);
#1376=AXIS2_PLACEMENT_3D('',#4144,#1671,#1672);
#1377=AXIS2_PLACEMENT_3D('',#4145,#1673,#1674);
#1378=AXIS2_PLACEMENT_3D('',#4148,#1676,#1677);
#1379=AXIS2_PLACEMENT_3D('',#4149,#1678,#1679);
#1380=AXIS2_PLACEMENT_3D('',#4152,#1682,#1683);
#1381=AXIS2_PLACEMENT_3D('',#4153,#1684,#1685);
#1382=DIRECTION('axis',(0.,0.,1.));
#1383=DIRECTION('refdir',(1.,0.,0.));
#1384=DIRECTION('center_axis',(0.,0.,1.));
#1385=DIRECTION('ref_axis',(1.,0.,0.));
#1386=DIRECTION('',(0.,0.,-1.));
#1387=DIRECTION('center_axis',(0.,0.,-1.));
#1388=DIRECTION('ref_axis',(1.,0.,0.));
#1389=DIRECTION('center_axis',(0.,0.,1.));
#1390=DIRECTION('ref_axis',(1.,0.,0.));
#1391=DIRECTION('',(0.,0.,-1.));
#1392=DIRECTION('center_axis',(0.,0.,1.));
#1393=DIRECTION('ref_axis',(1.,0.,0.));
#1394=DIRECTION('',(0.,0.,-1.));
#1395=DIRECTION('center_axis',(0.,0.,1.));
#1396=DIRECTION('ref_axis',(1.,0.,0.));
#1397=DIRECTION('',(0.,0.,-1.));
#1398=DIRECTION('center_axis',(0.,0.,1.));
#1399=DIRECTION('ref_axis',(1.,0.,0.));
#1400=DIRECTION('',(0.,0.,-1.));
#1401=DIRECTION('center_axis',(0.,0.,1.));
#1402=DIRECTION('ref_axis',(1.,0.,0.));
#1403=DIRECTION('',(0.,0.,-1.));
#1404=DIRECTION('center_axis',(0.,0.,1.));
#1405=DIRECTION('ref_axis',(1.,0.,0.));
#1406=DIRECTION('',(0.,0.,-1.));
#1407=DIRECTION('center_axis',(0.,0.,1.));
#1408=DIRECTION('ref_axis',(1.,0.,0.));
#1409=DIRECTION('',(0.,0.,-1.));
#1410=DIRECTION('center_axis',(0.,0.,1.));
#1411=DIRECTION('ref_axis',(1.,2.04712204193103E-14,0.));
#1412=DIRECTION('',(0.,0.,1.));
#1413=DIRECTION('',(0.,0.,1.));
#1414=DIRECTION('center_axis',(0.,0.,1.));
#1415=DIRECTION('ref_axis',(1.,2.04712204193103E-14,0.));
#1416=DIRECTION('',(0.,0.,1.));
#1417=DIRECTION('center_axis',(0.,0.,1.));
#1418=DIRECTION('ref_axis',(1.,2.04712204193103E-14,0.));
#1419=DIRECTION('',(0.,0.,1.));
#1420=DIRECTION('center_axis',(0.,0.,1.));
#1421=DIRECTION('ref_axis',(1.,2.04712204193103E-14,0.));
#1422=DIRECTION('',(0.,0.,1.));
#1423=DIRECTION('center_axis',(0.,0.,1.));
#1424=DIRECTION('ref_axis',(1.,2.04712204193103E-14,0.));
#1425=DIRECTION('',(0.,0.,1.));
#1426=DIRECTION('center_axis',(0.,0.,1.));
#1427=DIRECTION('ref_axis',(1.,2.04712204193103E-14,0.));
#1428=DIRECTION('',(0.,0.,1.));
#1429=DIRECTION('center_axis',(0.,0.,1.));
#1430=DIRECTION('ref_axis',(1.,2.04712204193103E-14,0.));
#1431=DIRECTION('',(0.,0.,1.));
#1432=DIRECTION('center_axis',(0.,0.,1.));
#1433=DIRECTION('ref_axis',(1.,2.04712204193103E-14,0.));
#1434=DIRECTION('',(0.,0.,1.));
#1435=DIRECTION('center_axis',(0.707106781186547,-0.707106781186548,0.));
#1436=DIRECTION('ref_axis',(0.,0.,-1.));
#1437=DIRECTION('',(0.707106781186548,0.707106781186547,0.));
#1438=DIRECTION('',(0.,0.,1.));
#1439=DIRECTION('',(0.707106781186548,0.707106781186547,0.));
#1440=DIRECTION('',(0.,0.,-1.));
#1441=DIRECTION('center_axis',(1.,0.,0.));
#1442=DIRECTION('ref_axis',(0.,-1.,0.));
#1443=DIRECTION('',(0.,-1.,0.));
#1444=DIRECTION('',(0.,0.,-1.));
#1445=DIRECTION('',(0.,1.,0.));
#1446=DIRECTION('center_axis',(0.,0.,-1.));
#1447=DIRECTION('ref_axis',(-1.,0.,0.));
#1448=DIRECTION('',(-1.,0.,0.));
#1449=DIRECTION('',(0.,1.,0.));
#1450=DIRECTION('',(1.,0.,0.));
#1451=DIRECTION('',(-0.707106781186548,0.707106781186548,0.));
#1452=DIRECTION('center_axis',(0.707106781186548,0.707106781186548,0.));
#1453=DIRECTION('ref_axis',(0.,0.,-1.));
#1454=DIRECTION('',(0.,0.,1.));
#1455=DIRECTION('',(-0.707106781186548,0.707106781186548,0.));
#1456=DIRECTION('center_axis',(-0.707106781186548,-0.707106781186548,0.));
#1457=DIRECTION('ref_axis',(0.,0.,1.));
#1458=DIRECTION('',(0.707106781186548,-0.707106781186548,0.));
#1459=DIRECTION('',(0.,0.,1.));
#1460=DIRECTION('',(0.707106781186548,-0.707106781186548,0.));
#1461=DIRECTION('',(0.,0.,-1.));
#1462=DIRECTION('center_axis',(0.,-1.,0.));
#1463=DIRECTION('ref_axis',(-1.,0.,0.));
#1464=DIRECTION('',(-1.,0.,0.));
#1465=DIRECTION('',(0.,0.,-1.));
#1466=DIRECTION('',(1.,0.,0.));
#1467=DIRECTION('center_axis',(0.,0.,-1.));
#1468=DIRECTION('ref_axis',(-1.,0.,0.));
#1469=DIRECTION('',(0.,1.,0.));
#1470=DIRECTION('',(-0.707106781186548,-0.707106781186547,0.));
#1471=DIRECTION('',(1.,0.,0.));
#1472=DIRECTION('',(0.,-1.,0.));
#1473=DIRECTION('center_axis',(-0.707106781186547,0.707106781186548,0.));
#1474=DIRECTION('ref_axis',(0.,0.,1.));
#1475=DIRECTION('',(0.,0.,1.));
#1476=DIRECTION('',(-0.707106781186548,-0.707106781186547,0.));
#1477=DIRECTION('',(0.,0.,-1.));
#1478=DIRECTION('center_axis',(0.,1.,0.));
#1479=DIRECTION('ref_axis',(1.,0.,0.));
#1480=DIRECTION('',(-1.,0.,0.));
#1481=DIRECTION('',(0.,0.,-1.));
#1482=DIRECTION('center_axis',(1.,0.,0.));
#1483=DIRECTION('ref_axis',(0.,-1.,0.));
#1484=DIRECTION('',(0.,1.,0.));
#1485=DIRECTION('center_axis',(-1.,0.,0.));
#1486=DIRECTION('ref_axis',(0.,1.,0.));
#1487=DIRECTION('',(0.,-1.,0.));
#1488=DIRECTION('center_axis',(0.,-1.,0.));
#1489=DIRECTION('ref_axis',(-1.,0.,0.));
#1490=DIRECTION('',(1.,0.,0.));
#1491=DIRECTION('',(0.,0.,-1.));
#1492=DIRECTION('center_axis',(0.,1.,0.));
#1493=DIRECTION('ref_axis',(1.,0.,0.));
#1494=DIRECTION('',(0.,0.,-1.));
#1495=DIRECTION('',(-1.,0.,0.));
#1496=DIRECTION('center_axis',(-1.,0.,0.));
#1497=DIRECTION('ref_axis',(0.,1.,0.));
#1498=DIRECTION('',(0.,-1.,0.));
#1499=DIRECTION('',(0.,0.,1.));
#1500=DIRECTION('',(0.,0.,-1.));
#1501=DIRECTION('center_axis',(0.,0.,1.));
#1502=DIRECTION('ref_axis',(1.,0.,0.));
#1503=DIRECTION('center_axis',(0.,0.,-1.));
#1504=DIRECTION('ref_axis',(1.,0.,0.));
#1505=DIRECTION('center_axis',(0.,0.,-1.));
#1506=DIRECTION('ref_axis',(-1.,0.,0.));
#1507=DIRECTION('center_axis',(0.,0.,1.));
#1508=DIRECTION('ref_axis',(1.,6.12323399573677E-17,0.));
#1509=DIRECTION('center_axis',(-1.22464679914735E-16,-1.,0.));
#1510=DIRECTION('ref_axis',(1.,-1.22464679914735E-16,0.));
#1511=DIRECTION('center_axis',(0.,0.,-1.));
#1512=DIRECTION('ref_axis',(1.,0.,0.));
#1513=DIRECTION('center_axis',(0.,0.,1.));
#1514=DIRECTION('ref_axis',(1.,6.12323399573677E-17,0.));
#1515=DIRECTION('center_axis',(0.,0.,-1.));
#1516=DIRECTION('ref_axis',(1.,0.,0.));
#1517=DIRECTION('',(-0.0293990516018928,-3.60034544422258E-18,-0.999567754464353));
#1518=DIRECTION('center_axis',(0.,0.,-1.));
#1519=DIRECTION('ref_axis',(1.,0.,0.));
#1520=DIRECTION('center_axis',(0.,0.,1.));
#1521=DIRECTION('ref_axis',(1.,0.,0.));
#1522=DIRECTION('center_axis',(0.,0.,-1.));
#1523=DIRECTION('ref_axis',(1.,0.,0.));
#1524=DIRECTION('center_axis',(0.,0.,1.));
#1525=DIRECTION('ref_axis',(0.889028222900755,0.45785239858051,0.));
#1526=DIRECTION('center_axis',(0.,0.,-1.));
#1527=DIRECTION('ref_axis',(1.,2.04712204193103E-14,0.));
#1528=DIRECTION('center_axis',(0.,0.,1.));
#1529=DIRECTION('ref_axis',(1.,0.,0.));
#1530=DIRECTION('center_axis',(0.,0.,-1.));
#1531=DIRECTION('ref_axis',(1.,0.,0.));
#1532=DIRECTION('center_axis',(0.,0.,1.));
#1533=DIRECTION('ref_axis',(1.,0.,0.));
#1534=DIRECTION('center_axis',(0.,0.,1.));
#1535=DIRECTION('ref_axis',(1.,0.,0.));
#1536=DIRECTION('center_axis',(0.,0.,1.));
#1537=DIRECTION('ref_axis',(1.,0.,0.));
#1538=DIRECTION('',(0.,0.,-1.));
#1539=DIRECTION('center_axis',(0.,0.,1.));
#1540=DIRECTION('ref_axis',(1.,0.,0.));
#1541=DIRECTION('center_axis',(0.,0.,1.));
#1542=DIRECTION('ref_axis',(1.,0.,0.));
#1543=DIRECTION('center_axis',(0.,0.,1.));
#1544=DIRECTION('ref_axis',(1.,0.,0.));
#1545=DIRECTION('center_axis',(0.,0.,-1.));
#1546=DIRECTION('ref_axis',(1.,0.,0.));
#1547=DIRECTION('center_axis',(0.,0.,-1.));
#1548=DIRECTION('ref_axis',(1.,0.,0.));
#1549=DIRECTION('',(0.,0.,1.));
#1550=DIRECTION('center_axis',(0.,0.,1.));
#1551=DIRECTION('ref_axis',(1.,0.,0.));
#1552=DIRECTION('center_axis',(1.,0.,0.));
#1553=DIRECTION('ref_axis',(0.,-1.,0.));
#1554=DIRECTION('center_axis',(1.,0.,0.));
#1555=DIRECTION('ref_axis',(0.,-1.,0.));
#1556=DIRECTION('',(1.,0.,0.));
#1557=DIRECTION('center_axis',(-1.,0.,0.));
#1558=DIRECTION('ref_axis',(0.,-1.,0.));
#1559=DIRECTION('center_axis',(1.,0.,0.));
#1560=DIRECTION('ref_axis',(0.,0.707106781186555,-0.70710678118654));
#1561=DIRECTION('center_axis',(-1.,0.,0.));
#1562=DIRECTION('ref_axis',(0.,0.707106781186555,-0.70710678118654));
#1563=DIRECTION('',(-1.,0.,0.));
#1564=DIRECTION('center_axis',(1.,0.,0.));
#1565=DIRECTION('ref_axis',(0.,0.707106781186555,-0.70710678118654));
#1566=DIRECTION('',(1.,0.,0.));
#1567=DIRECTION('center_axis',(0.,0.,-1.));
#1568=DIRECTION('ref_axis',(-1.,0.,0.));
#1569=DIRECTION('',(0.,-1.,0.));
#1570=DIRECTION('',(-1.,0.,0.));
#1571=DIRECTION('',(0.,1.,0.));
#1572=DIRECTION('center_axis',(1.,0.,0.));
#1573=DIRECTION('ref_axis',(0.,-1.,0.));
#1574=DIRECTION('',(0.,0.,-1.));
#1575=DIRECTION('',(0.,1.,0.));
#1576=DIRECTION('',(0.,0.,-1.));
#1577=DIRECTION('center_axis',(-1.,0.,0.));
#1578=DIRECTION('ref_axis',(0.,-0.707106781186555,-0.70710678118654));
#1579=DIRECTION('',(0.,-1.,0.));
#1580=DIRECTION('',(0.,0.,-1.));
#1581=DIRECTION('center_axis',(-1.,0.,0.));
#1582=DIRECTION('ref_axis',(0.,-0.707106781186548,-0.707106781186547));
#1583=DIRECTION('',(0.,0.,-1.));
#1584=DIRECTION('center_axis',(-1.,0.,0.));
#1585=DIRECTION('ref_axis',(0.,-0.707106781186555,-0.70710678118654));
#1586=DIRECTION('center_axis',(1.,0.,0.));
#1587=DIRECTION('ref_axis',(0.,-0.707106781186555,-0.70710678118654));
#1588=DIRECTION('',(1.,0.,0.));
#1589=DIRECTION('',(-1.,0.,0.));
#1590=DIRECTION('center_axis',(0.,0.,-1.));
#1591=DIRECTION('ref_axis',(-1.,0.,0.));
#1592=DIRECTION('',(0.,1.,0.));
#1593=DIRECTION('',(1.,0.,0.));
#1594=DIRECTION('center_axis',(-1.,0.,0.));
#1595=DIRECTION('ref_axis',(0.,1.,0.));
#1596=DIRECTION('',(0.,0.,-1.));
#1597=DIRECTION('center_axis',(1.,0.,0.));
#1598=DIRECTION('ref_axis',(0.,0.707106781186548,-0.707106781186547));
#1599=DIRECTION('',(0.,0.,-1.));
#1600=DIRECTION('',(0.,0.,-1.));
#1601=DIRECTION('',(0.,-1.,0.));
#1602=DIRECTION('',(0.,0.,-1.));
#1603=DIRECTION('center_axis',(1.,0.,0.));
#1604=DIRECTION('ref_axis',(0.,0.707106781186548,-0.707106781186547));
#1605=DIRECTION('',(-1.,0.,0.));
#1606=DIRECTION('',(1.,0.,0.));
#1607=DIRECTION('center_axis',(0.,-1.,0.));
#1608=DIRECTION('ref_axis',(-1.,0.,0.));
#1609=DIRECTION('center_axis',(0.,1.,0.));
#1610=DIRECTION('ref_axis',(1.,0.,0.));
#1611=DIRECTION('center_axis',(0.,0.,-1.));
#1612=DIRECTION('ref_axis',(-1.,0.,0.));
#1613=DIRECTION('',(1.,0.,0.));
#1614=DIRECTION('',(-1.,0.,0.));
#1615=DIRECTION('center_axis',(0.,1.,0.));
#1616=DIRECTION('ref_axis',(1.,0.,0.));
#1617=DIRECTION('center_axis',(0.,-1.,0.));
#1618=DIRECTION('ref_axis',(-1.,0.,0.));
#1619=DIRECTION('center_axis',(0.,0.,-1.));
#1620=DIRECTION('ref_axis',(-1.,0.,0.));
#1621=DIRECTION('',(1.,0.,0.));
#1622=DIRECTION('',(0.,1.,0.));
#1623=DIRECTION('',(-1.,0.,0.));
#1624=DIRECTION('',(0.,-1.,0.));
#1625=DIRECTION('center_axis',(1.,0.,0.));
#1626=DIRECTION('ref_axis',(0.,0.707106781186555,-0.70710678118654));
#1627=DIRECTION('center_axis',(-1.,0.,0.));
#1628=DIRECTION('ref_axis',(0.,0.707106781186555,-0.70710678118654));
#1629=DIRECTION('center_axis',(1.,0.,0.));
#1630=DIRECTION('ref_axis',(0.,0.707106781186555,-0.70710678118654));
#1631=DIRECTION('',(1.,0.,0.));
#1632=DIRECTION('center_axis',(0.,0.,-1.));
#1633=DIRECTION('ref_axis',(-1.,0.,0.));
#1634=DIRECTION('',(-1.,0.,0.));
#1635=DIRECTION('',(0.,-1.,0.));
#1636=DIRECTION('',(1.,0.,0.));
#1637=DIRECTION('',(0.,1.,0.));
#1638=DIRECTION('center_axis',(-1.,0.,0.));
#1639=DIRECTION('ref_axis',(0.,-0.707106781186555,-0.70710678118654));
#1640=DIRECTION('center_axis',(1.,0.,0.));
#1641=DIRECTION('ref_axis',(0.,-0.707106781186555,-0.70710678118654));
#1642=DIRECTION('center_axis',(-1.,0.,0.));
#1643=DIRECTION('ref_axis',(0.,-0.707106781186555,-0.70710678118654));
#1644=DIRECTION('',(-1.,0.,0.));
#1645=DIRECTION('center_axis',(0.,-1.,0.));
#1646=DIRECTION('ref_axis',(-1.,0.,0.));
#1647=DIRECTION('',(0.,0.,-1.));
#1648=DIRECTION('',(1.,0.,0.));
#1649=DIRECTION('',(0.,0.,-1.));
#1650=DIRECTION('center_axis',(0.,1.,0.));
#1651=DIRECTION('ref_axis',(1.,0.,0.));
#1652=DIRECTION('',(0.,0.,-1.));
#1653=DIRECTION('',(-1.,0.,0.));
#1654=DIRECTION('',(0.,0.,-1.));
#1655=DIRECTION('center_axis',(0.,-1.,0.));
#1656=DIRECTION('ref_axis',(-1.,0.,0.));
#1657=DIRECTION('',(0.,0.,-1.));
#1658=DIRECTION('',(-1.,0.,0.));
#1659=DIRECTION('',(0.,0.,-1.));
#1660=DIRECTION('center_axis',(-1.,0.,0.));
#1661=DIRECTION('ref_axis',(0.,1.,0.));
#1662=DIRECTION('',(0.,0.,-1.));
#1663=DIRECTION('center_axis',(1.,0.,0.));
#1664=DIRECTION('ref_axis',(0.,0.707106781186548,-0.707106781186547));
#1665=DIRECTION('',(0.,-1.,0.));
#1666=DIRECTION('center_axis',(1.,0.,0.));
#1667=DIRECTION('ref_axis',(0.,-1.,0.));
#1668=DIRECTION('center_axis',(1.,0.,0.));
#1669=DIRECTION('ref_axis',(0.,-1.,0.));
#1670=DIRECTION('',(1.,0.,0.));
#1671=DIRECTION('center_axis',(-1.,0.,0.));
#1672=DIRECTION('ref_axis',(0.,-1.,0.));
#1673=DIRECTION('center_axis',(-1.,0.,0.));
#1674=DIRECTION('ref_axis',(0.,-0.707106781186548,-0.707106781186547));
#1675=DIRECTION('',(1.,0.,0.));
#1676=DIRECTION('center_axis',(-1.,0.,0.));
#1677=DIRECTION('ref_axis',(0.,-0.707106781186548,-0.707106781186547));
#1678=DIRECTION('center_axis',(1.,0.,0.));
#1679=DIRECTION('ref_axis',(0.,-1.,0.));
#1680=DIRECTION('',(0.,0.,-1.));
#1681=DIRECTION('',(0.,1.,0.));
#1682=DIRECTION('center_axis',(0.,1.,0.));
#1683=DIRECTION('ref_axis',(1.,0.,0.));
#1684=DIRECTION('center_axis',(0.,0.,-1.));
#1685=DIRECTION('ref_axis',(-1.,0.,0.));
#1686=CARTESIAN_POINT('',(0.,0.,0.));
#1687=CARTESIAN_POINT('Origin',(0.,0.,0.));
#1688=CARTESIAN_POINT('',(-5.93305051038371,0.000152235148233593,0.402142796092805));
#1689=CARTESIAN_POINT('',(-5.93295293553909,9.84769790580794E-5,0.222857203907194));
#1690=CARTESIAN_POINT('',(-5.933,-7.26582945934125E-16,0.));
#1691=CARTESIAN_POINT('',(2.58382255839975,5.34081922430488,0.));
#1692=CARTESIAN_POINT('Ctrl Pts',(-5.93305051038371,0.000152235148233593,
0.402142796092805));
#1693=CARTESIAN_POINT('Ctrl Pts',(-5.933268029344,0.211483574870285,0.395056179307414));
#1694=CARTESIAN_POINT('Ctrl Pts',(-5.92219538981104,0.422792165230612,0.387969562522023));
#1695=CARTESIAN_POINT('Ctrl Pts',(-5.89965972348722,0.632870982474848,0.380882945736633));
#1696=CARTESIAN_POINT('Ctrl Pts',(-5.79459058691011,1.61233170148915,0.347842666554519));
#1697=CARTESIAN_POINT('Ctrl Pts',(-5.44034394875973,2.56506023203699,0.314802387372405));
#1698=CARTESIAN_POINT('Ctrl Pts',(-4.87998689263464,3.37523713832951,0.281762108190291));
#1699=CARTESIAN_POINT('Ctrl Pts',(-4.31962983650954,4.18541404462204,0.248721829008177));
#1700=CARTESIAN_POINT('Ctrl Pts',(-3.55316236240973,4.85303932665925,0.215681549826063));
#1701=CARTESIAN_POINT('Ctrl Pts',(-2.67376563058785,5.29693494998138,0.18264127064395));
#1702=CARTESIAN_POINT('Ctrl Pts',(-1.79436889876597,5.7408305733035,0.149600991461836));
#1703=CARTESIAN_POINT('Ctrl Pts',(-0.802042909222021,5.96099653791056,0.116560712279723));
#1704=CARTESIAN_POINT('Ctrl Pts',(0.182571282682292,5.9306918055798,0.0835204330976091));
#1705=CARTESIAN_POINT('Ctrl Pts',(1.01221927373618,5.9051566665331,0.0556802887317395));
#1706=CARTESIAN_POINT('Ctrl Pts',(1.83639192375962,5.70178847896082,0.0278401443658699));
#1707=CARTESIAN_POINT('Ctrl Pts',(2.58403928942733,5.34097883428046,3.21232709247929E-16));
#1708=CARTESIAN_POINT('',(-2.58382255839975,5.34081922430488,0.));
#1709=CARTESIAN_POINT('Origin',(0.,0.,0.));
#1710=CARTESIAN_POINT('Ctrl Pts',(-2.58382255839975,5.34081922430488,2.77555756156289E-16));
#1711=CARTESIAN_POINT('Ctrl Pts',(-3.47081811030212,4.91170170132715,0.0330402791821138));
#1712=CARTESIAN_POINT('Ctrl Pts',(-4.24840870577094,4.25757909849208,0.0660805583642272));
#1713=CARTESIAN_POINT('Ctrl Pts',(-4.82234738942978,3.45711474257983,0.0991208375463407));
#1714=CARTESIAN_POINT('Ctrl Pts',(-5.39628607308861,2.65665038666758,0.132161116728454));
#1715=CARTESIAN_POINT('Ctrl Pts',(-5.76657284493746,1.70984427767814,0.165201395910568));
#1716=CARTESIAN_POINT('Ctrl Pts',(-5.88815221271001,0.732246539732647,0.198241675092682));
#1717=CARTESIAN_POINT('Ctrl Pts',(-5.91834506120421,0.48947129808733,0.206446851364186));
#1718=CARTESIAN_POINT('Ctrl Pts',(-5.93319961320076,0.244797073432932,0.21465202763569));
#1719=CARTESIAN_POINT('Ctrl Pts',(-5.93295293553909,9.84769790580794E-5,
0.222857203907194));
#1720=CARTESIAN_POINT('Origin',(0.,0.,0.));
#1721=CARTESIAN_POINT('',(-5.93317356909928,-0.000140234348853241,1.65214279609281));
#1722=CARTESIAN_POINT('',(-5.93327272833502,-0.000123582643812026,1.47285720390719));
#1723=CARTESIAN_POINT('',(-5.933,-7.26582945934125E-16,0.));
#1724=CARTESIAN_POINT('Ctrl Pts',(-5.93317356909928,-0.000140234348853241,
1.65214279609281));
#1725=CARTESIAN_POINT('Ctrl Pts',(-5.93235897477006,0.813032896604783,1.62487286282611));
#1726=CARTESIAN_POINT('Ctrl Pts',(-5.76384714701681,1.62653319818307,1.59760292955942));
#1727=CARTESIAN_POINT('Ctrl Pts',(-5.43885143334224,2.37179345609991,1.57033299629272));
#1728=CARTESIAN_POINT('Ctrl Pts',(-5.0450862925264,3.27475155079319,1.53729271711061));
#1729=CARTESIAN_POINT('Ctrl Pts',(-4.42160639828133,4.07753482741243,1.5042524379285));
#1730=CARTESIAN_POINT('Ctrl Pts',(-3.64421003483096,4.68254656445068,1.47121215874638));
#1731=CARTESIAN_POINT('Ctrl Pts',(-2.86681367138058,5.28755830148894,1.43817187956427));
#1732=CARTESIAN_POINT('Ctrl Pts',(-1.93550083872489,5.69479849894621,1.40513160038216));
#1733=CARTESIAN_POINT('Ctrl Pts',(-0.963493976357514,5.85475776442393,1.37209132120004));
#1734=CARTESIAN_POINT('Ctrl Pts',(0.00851288600985128,6.01471702990165,
1.33905104201793));
#1735=CARTESIAN_POINT('Ctrl Pts',(1.0212137780889,5.92739536339981,1.30601076283581));
#1736=CARTESIAN_POINT('Ctrl Pts',(1.95149167416442,5.60340872465983,1.2729704836537));
#1737=CARTESIAN_POINT('Ctrl Pts',(2.88176957023994,5.27942208591985,1.23993020447159));
#1738=CARTESIAN_POINT('Ctrl Pts',(3.72962447031195,4.71877047494172,1.20688992528947));
#1739=CARTESIAN_POINT('Ctrl Pts',(4.39198016165331,3.989613941117,1.17384964610736));
#1740=CARTESIAN_POINT('Ctrl Pts',(5.05433585299466,3.26045740729228,1.14080936692525));
#1741=CARTESIAN_POINT('Ctrl Pts',(5.53119233560538,2.36279595062095,1.10776908774313));
#1742=CARTESIAN_POINT('Ctrl Pts',(5.76457676336837,1.40576094456078,1.07472880856102));
#1743=CARTESIAN_POINT('Ctrl Pts',(5.99796119113137,0.448725938500619,1.04168852937891));
#1744=CARTESIAN_POINT('Ctrl Pts',(5.98787356404665,-0.567682616948386,1.00864825019679));
#1745=CARTESIAN_POINT('Ctrl Pts',(5.73554026713,-1.51989700461356,0.975607971014678));
#1746=CARTESIAN_POINT('Ctrl Pts',(5.48320697021335,-2.47211139227874,0.942567691832564));
#1747=CARTESIAN_POINT('Ctrl Pts',(4.98862800346476,-3.36013161216008,0.90952741265045));
#1748=CARTESIAN_POINT('Ctrl Pts',(4.3119307812738,-4.07599831789979,0.876487133468337));
#1749=CARTESIAN_POINT('Ctrl Pts',(3.63523355908283,-4.7918650236395,0.843446854286223));
#1750=CARTESIAN_POINT('Ctrl Pts',(2.77641808144948,-5.33557821523758,0.81040657510411));
#1751=CARTESIAN_POINT('Ctrl Pts',(1.83989308108789,-5.64103731002189,0.777366295921996));
#1752=CARTESIAN_POINT('Ctrl Pts',(0.9033680807263,-5.9464964048062,0.744326016739883));
#1753=CARTESIAN_POINT('Ctrl Pts',(-0.110866442363531,-6.01370140277674,
0.711285737557769));
#1754=CARTESIAN_POINT('Ctrl Pts',(-1.07950703372279,-5.83448154677335,0.678245458375655));
#1755=CARTESIAN_POINT('Ctrl Pts',(-2.04814762508205,-5.65526169076996,0.645205179193542));
#1756=CARTESIAN_POINT('Ctrl Pts',(-2.97119428471073,-5.22961698079262,0.612164900011428));
#1757=CARTESIAN_POINT('Ctrl Pts',(-3.73642947881384,-4.6092951725849,0.579124620829315));
#1758=CARTESIAN_POINT('Ctrl Pts',(-4.50166467291696,-3.98897336437718,0.546084341647201));
#1759=CARTESIAN_POINT('Ctrl Pts',(-5.10908840149451,-3.17397445793907,0.513044062465086));
#1760=CARTESIAN_POINT('Ctrl Pts',(-5.48485444828135,-2.26337855097964,0.480003783282973));
#1761=CARTESIAN_POINT('Ctrl Pts',(-5.78002462722271,-1.54809104935779,0.45405012088625));
#1762=CARTESIAN_POINT('Ctrl Pts',(-5.93225388008308,-0.773816840800703,
0.428096458489528));
#1763=CARTESIAN_POINT('Ctrl Pts',(-5.93305051038371,0.000152235148233593,
0.402142796092805));
#1764=CARTESIAN_POINT('Ctrl Pts',(-5.93295293553909,9.84769790580794E-5,
0.222857203907194));
#1765=CARTESIAN_POINT('Ctrl Pts',(-5.93220630135226,-0.740545553560432,
0.247692306817804));
#1766=CARTESIAN_POINT('Ctrl Pts',(-5.79311309297809,-1.48141286094827,0.272527409728413));
#1767=CARTESIAN_POINT('Ctrl Pts',(-5.52224693586635,-2.17052235839634,0.297362512639023));
#1768=CARTESIAN_POINT('Ctrl Pts',(-5.16189032755389,-3.08730415167829,0.330402791821137));
#1769=CARTESIAN_POINT('Ctrl Pts',(-4.56830514723272,-3.91247837134063,0.36344307100325));
#1770=CARTESIAN_POINT('Ctrl Pts',(-3.81364299715725,-4.54563020122388,0.396483350185364));
#1771=CARTESIAN_POINT('Ctrl Pts',(-3.05898084708178,-5.17878203110713,0.429523629367478));
#1772=CARTESIAN_POINT('Ctrl Pts',(-2.14324172725202,-5.61991147121127,0.462563908549591));
#1773=CARTESIAN_POINT('Ctrl Pts',(-1.17776103902961,-5.81543784243167,0.495604187731705));
#1774=CARTESIAN_POINT('Ctrl Pts',(-0.212280350807208,-6.01096421365208,
0.528644466913819));
#1775=CARTESIAN_POINT('Ctrl Pts',(0.802941905807838,-5.96088751598874,0.561684746095932));
#1776=CARTESIAN_POINT('Ctrl Pts',(1.74448539663133,-5.67127086935286,0.594725025278046));
#1777=CARTESIAN_POINT('Ctrl Pts',(2.68602888745482,-5.38165422271698,0.62776530446016));
#1778=CARTESIAN_POINT('Ctrl Pts',(3.55389361248676,-4.85249762710857,0.660805583642274));
#1779=CARTESIAN_POINT('Ctrl Pts',(4.24256906041824,-4.14814489156151,0.693845862824388));
#1780=CARTESIAN_POINT('Ctrl Pts',(4.9312445083497,-3.44379215601446,0.726886142006501));
#1781=CARTESIAN_POINT('Ctrl Pts',(5.44073067918071,-2.56424328052876,0.759926421188614));
#1782=CARTESIAN_POINT('Ctrl Pts',(5.7090886806429,-1.61642113180451,0.792966700370728));
#1783=CARTESIAN_POINT('Ctrl Pts',(5.97744668210508,-0.668598983080254,0.826006979552841));
#1784=CARTESIAN_POINT('Ctrl Pts',(6.00467651419844,0.34749643888256,0.859047258734955));
#1785=CARTESIAN_POINT('Ctrl Pts',(5.78746733745005,1.30833211917399,0.892087537917069));
#1786=CARTESIAN_POINT('Ctrl Pts',(5.57025816070166,2.26916779946541,0.925127817099183));
#1787=CARTESIAN_POINT('Ctrl Pts',(5.10860997511153,3.17474373808544,0.958168096281296));
#1788=CARTESIAN_POINT('Ctrl Pts',(4.45864692699571,3.91496809341898,0.99120837546341));
#1789=CARTESIAN_POINT('Ctrl Pts',(3.80868387887989,4.65519244875252,1.02424865464552));
#1790=CARTESIAN_POINT('Ctrl Pts',(2.97040596823838,5.23006522079957,1.05728893382764));
#1791=CARTESIAN_POINT('Ctrl Pts',(2.04572499394154,5.5696965743107,1.09032921300975));
#1792=CARTESIAN_POINT('Ctrl Pts',(1.1210440196447,5.90932792782184,1.12336949219186));
#1793=CARTESIAN_POINT('Ctrl Pts',(0.109959981692533,6.01371786279707,1.15640977137398));
#1794=CARTESIAN_POINT('Ctrl Pts',(-0.864606603193708,5.87017582791438,1.18945005055609));
#1795=CARTESIAN_POINT('Ctrl Pts',(-1.83917318807994,5.72663379303169,1.22249032973821));
#1796=CARTESIAN_POINT('Ctrl Pts',(-2.77722231990024,5.33515978829107,1.25553060892032));
#1797=CARTESIAN_POINT('Ctrl Pts',(-3.56471263641957,4.74334623494673,1.28857088810243));
#1798=CARTESIAN_POINT('Ctrl Pts',(-4.3522029529389,4.15153268160238,1.32161116728455));
#1799=CARTESIAN_POINT('Ctrl Pts',(-4.98913445415727,3.3593795796543,1.35465144646666));
#1800=CARTESIAN_POINT('Ctrl Pts',(-5.3980734896517,2.4631914257977,1.38769172564877));
#1801=CARTESIAN_POINT('Ctrl Pts',(-5.7494374348982,1.69317883690039,1.41608021840158));
#1802=CARTESIAN_POINT('Ctrl Pts',(-5.93248834617531,0.846363467831,1.44446871115439));
#1803=CARTESIAN_POINT('Ctrl Pts',(-5.93327272833502,-0.000123582643812026,
1.47285720390719));
#1804=CARTESIAN_POINT('Origin',(0.,0.,0.));
#1805=CARTESIAN_POINT('',(-5.93252781621475,5.69993907351129E-5,2.9021427960928));
#1806=CARTESIAN_POINT('',(-5.93250215905551,2.72370569847511E-5,2.72285720390719));
#1807=CARTESIAN_POINT('',(-5.933,-7.26582945934125E-16,0.));
#1808=CARTESIAN_POINT('Ctrl Pts',(-5.93252781621475,5.69993907351129E-5,
2.9021427960928));
#1809=CARTESIAN_POINT('Ctrl Pts',(-5.93267288003911,0.429977574077764,2.88772982552692));
#1810=CARTESIAN_POINT('Ctrl Pts',(-5.88657735450351,0.859867506108763,2.87331685496104));
#1811=CARTESIAN_POINT('Ctrl Pts',(-5.79391534782786,1.27947413152619,2.85890388439516));
#1812=CARTESIAN_POINT('Ctrl Pts',(-5.58149705722332,2.24137993623752,2.82586360521304));
#1813=CARTESIAN_POINT('Ctrl Pts',(-5.12436757131437,3.14924600697111,2.79282332603093));
#1814=CARTESIAN_POINT('Ctrl Pts',(-4.47810146592878,3.8927003958547,2.75978304684882));
#1815=CARTESIAN_POINT('Ctrl Pts',(-3.83183536054317,4.6361547847383,2.7267427676667));
#1816=CARTESIAN_POINT('Ctrl Pts',(-2.99643263568091,5.2151974917719,2.69370248848459));
#1817=CARTESIAN_POINT('Ctrl Pts',(-2.07345565717212,5.55943259234063,2.66066220930247));
#1818=CARTESIAN_POINT('Ctrl Pts',(-1.15047867866335,5.90366769290936,2.62762193012036));
#1819=CARTESIAN_POINT('Ctrl Pts',(-0.139927446508054,6.01309518701323,2.59458165093825));
#1820=CARTESIAN_POINT('Ctrl Pts',(0.835342354393927,5.87441165241246,2.56154137175613));
#1821=CARTESIAN_POINT('Ctrl Pts',(1.81061215529591,5.73572811781169,2.52850109257402));
#1822=CARTESIAN_POINT('Ctrl Pts',(2.75060052494459,5.34893355450626,2.49546081339191));
#1823=CARTESIAN_POINT('Ctrl Pts',(3.5410303131306,4.76105171496012,2.46242053420979));
#1824=CARTESIAN_POINT('Ctrl Pts',(4.33146010131662,4.17316987541398,2.42938025502768));
#1825=CARTESIAN_POINT('Ctrl Pts',(4.97233130803997,3.38420075962714,2.39633997584556));
#1826=CARTESIAN_POINT('Ctrl Pts',(5.38573133616645,2.49006166302768,2.36329969666345));
#1827=CARTESIAN_POINT('Ctrl Pts',(5.79913136429295,1.5959225664282,2.33025941748134));
#1828=CARTESIAN_POINT('Ctrl Pts',(5.98506021382256,0.596613489016113,2.29721913829923));
#1829=CARTESIAN_POINT('Ctrl Pts',(5.9209139677789,-0.386376626109614,2.26417885911711));
#1830=CARTESIAN_POINT('Ctrl Pts',(5.85676772173523,-1.36936674123533,2.231138579935));
#1831=CARTESIAN_POINT('Ctrl Pts',(5.54254638011831,-2.33603789407468,2.19809830075288));
#1832=CARTESIAN_POINT('Ctrl Pts',(5.01645075542229,-3.168869030022,2.16505802157077));
#1833=CARTESIAN_POINT('Ctrl Pts',(4.49035513072627,-4.00170016596932,2.13201774238866));
#1834=CARTESIAN_POINT('Ctrl Pts',(3.75238522295116,-4.70069128502461,2.09897746320654));
#1835=CARTESIAN_POINT('Ctrl Pts',(2.89225820384319,-5.18086398136798,2.06593718402443));
#1836=CARTESIAN_POINT('Ctrl Pts',(2.03213118473522,-5.66103667771134,2.03289690484232));
#1837=CARTESIAN_POINT('Ctrl Pts',(1.0498470542944,-5.92239095134279,1.9998566256602));
#1838=CARTESIAN_POINT('Ctrl Pts',(0.0648249827465757,-5.9331531947562,1.96681634647809));
#1839=CARTESIAN_POINT('Ctrl Pts',(-0.920197088801237,-5.94391543816961,
1.93377606729597));
#1840=CARTESIAN_POINT('Ctrl Pts',(-1.90795710145604,-5.70408565136499,1.90073578811386));
#1841=CARTESIAN_POINT('Ctrl Pts',(-2.77837016589802,-5.24282064662111,1.86769550893175));
#1842=CARTESIAN_POINT('Ctrl Pts',(-3.64878323034,-4.78155564187723,1.83465522974963));
#1843=CARTESIAN_POINT('Ctrl Pts',(-4.40184934656915,-4.09885541919408,1.80161495056752));
#1844=CARTESIAN_POINT('Ctrl Pts',(-4.94601605237256,-3.27771785245535,1.76857467138541));
#1845=CARTESIAN_POINT('Ctrl Pts',(-5.49018275817597,-2.45658028571662,1.73553439220329));
#1846=CARTESIAN_POINT('Ctrl Pts',(-5.82545005355364,-1.49700537492231,1.70249411302118));
#1847=CARTESIAN_POINT('Ctrl Pts',(-5.91105850754917,-0.51565146314149,1.66945383383906));
#1848=CARTESIAN_POINT('Ctrl Pts',(-5.92600966429078,-0.344262126350071,
1.66368348792365));
#1849=CARTESIAN_POINT('Ctrl Pts',(-5.93334593809682,-0.172208504881019,
1.65791314200823));
#1850=CARTESIAN_POINT('Ctrl Pts',(-5.93317356909928,-0.000140234348853241,
1.65214279609281));
#1851=CARTESIAN_POINT('Ctrl Pts',(-5.93327272833502,-0.000123582643812026,
1.47285720390719));
#1852=CARTESIAN_POINT('Ctrl Pts',(-5.93340125852216,-0.1388303822006,1.4775089903365));
#1853=CARTESIAN_POINT('Ctrl Pts',(-5.92863581323678,-0.277528366188469,
1.48216077676581));
#1854=CARTESIAN_POINT('Ctrl Pts',(-5.9189149999811,-0.415878173697504,1.48681256319511));
#1855=CARTESIAN_POINT('Ctrl Pts',(-5.84987090504558,-1.39853641357098,1.51985284237723));
#1856=CARTESIAN_POINT('Ctrl Pts',(-5.53083614540407,-2.36362968755283,1.55289312155934));
#1857=CARTESIAN_POINT('Ctrl Pts',(-5.0005967110569,-3.19382873849261,1.58593340074146));
#1858=CARTESIAN_POINT('Ctrl Pts',(-4.47035727670974,-4.02402778943239,1.61897367992357));
#1859=CARTESIAN_POINT('Ctrl Pts',(-3.72891316765693,-4.71933261733012,1.65201395910568));
#1860=CARTESIAN_POINT('Ctrl Pts',(-2.86640392649093,-5.19521298492344,1.6850542382878));
#1861=CARTESIAN_POINT('Ctrl Pts',(-2.00389468532491,-5.67109335251676,1.71809451746991));
#1862=CARTESIAN_POINT('Ctrl Pts',(-1.0203203120457,-5.92754925980567,1.75113479665203));
#1863=CARTESIAN_POINT('Ctrl Pts',(-0.0352568344815598,-5.93340260021854,
1.78417507583414));
#1864=CARTESIAN_POINT('Ctrl Pts',(0.949806643082568,-5.9392559406314,1.81721535501625));
#1865=CARTESIAN_POINT('Ctrl Pts',(1.93635922493163,-5.69450671416823,1.85025563419836));
#1866=CARTESIAN_POINT('Ctrl Pts',(2.80446281213751,-5.22890980797377,1.88329591338048));
#1867=CARTESIAN_POINT('Ctrl Pts',(3.67256639934338,-4.76331290177931,1.91633619256259));
#1868=CARTESIAN_POINT('Ctrl Pts',(4.42222099190608,-4.07686831585355,1.94937647174471));
#1869=CARTESIAN_POINT('Ctrl Pts',(4.96228887685181,-3.2530291350213,1.98241675092682));
#1870=CARTESIAN_POINT('Ctrl Pts',(5.50235676179755,-2.42918995418904,2.01545703010893));
#1871=CARTESIAN_POINT('Ctrl Pts',(5.83283793912631,-1.46795617845029,2.04849730929105));
#1872=CARTESIAN_POINT('Ctrl Pts',(5.91355484016941,-0.486187825543604,2.08153758847316));
#1873=CARTESIAN_POINT('Ctrl Pts',(5.99427174121251,0.495580527363079,2.11457786765527));
#1874=CARTESIAN_POINT('Ctrl Pts',(5.82522436596996,1.49788345743769,2.14761814683739));
#1875=CARTESIAN_POINT('Ctrl Pts',(5.42696430101597,2.39886805064858,2.1806584260195));
#1876=CARTESIAN_POINT('Ctrl Pts',(5.028704236062,3.29985264385947,2.21369870520162));
#1877=CARTESIAN_POINT('Ctrl Pts',(4.40123148139659,4.09951890020665,2.24673898438373));
#1878=CARTESIAN_POINT('Ctrl Pts',(3.62082974490324,4.70064904115301,2.27977926356584));
#1879=CARTESIAN_POINT('Ctrl Pts',(2.84042800840989,5.30177918209938,2.31281954274795));
#1880=CARTESIAN_POINT('Ctrl Pts',(1.90709729008858,5.70437320764492,2.34585982193007));
#1881=CARTESIAN_POINT('Ctrl Pts',(0.934305349917222,5.85948657838214,2.37890010111218));
#1882=CARTESIAN_POINT('Ctrl Pts',(-0.0384865902541219,6.01459994911936,
2.4119403802943));
#1883=CARTESIAN_POINT('Ctrl Pts',(-1.05073975227552,5.92223266504827,2.44498065947641));
#1884=CARTESIAN_POINT('Ctrl Pts',(-1.97939154263771,5.5936140884363,2.47802093865853));
#1885=CARTESIAN_POINT('Ctrl Pts',(-2.9080433329999,5.26499551182432,2.51106121784064));
#1886=CARTESIAN_POINT('Ctrl Pts',(-3.7530937517029,4.70012564267148,2.54410149702275));
#1887=CARTESIAN_POINT('Ctrl Pts',(-4.41180753440191,3.96767737205171,2.57714177620487));
#1888=CARTESIAN_POINT('Ctrl Pts',(-5.07052131710094,3.23522910143194,2.61018205538698));
#1889=CARTESIAN_POINT('Ctrl Pts',(-5.54289846379599,2.33520242934522,2.64322233456909));
#1890=CARTESIAN_POINT('Ctrl Pts',(-5.7715106957029,1.37701624489927,2.67626261375121));
#1891=CARTESIAN_POINT('Ctrl Pts',(-5.87897642656264,0.926593370531267,2.6917941438032));
#1892=CARTESIAN_POINT('Ctrl Pts',(-5.93257646293869,0.463318759370949,2.7073256738552));
#1893=CARTESIAN_POINT('Ctrl Pts',(-5.93250215905551,2.72370569847511E-5,
2.72285720390719));
#1894=CARTESIAN_POINT('Origin',(0.,0.,0.));
#1895=CARTESIAN_POINT('',(-5.93347522858034,4.80860385622742E-5,4.15214279609281));
#1896=CARTESIAN_POINT('',(-5.93341894200247,7.95342305746327E-5,3.97285720390719));
#1897=CARTESIAN_POINT('',(-5.933,-7.26582945934125E-16,0.));
#1898=CARTESIAN_POINT('Ctrl Pts',(-5.93347522858034,4.80860385622742E-5,
4.15214279609281));
#1899=CARTESIAN_POINT('Ctrl Pts',(-5.93349522603437,0.046440482073222,4.15058678822773));
#1900=CARTESIAN_POINT('Ctrl Pts',(-5.93296245057093,0.0928324176071138,
4.14903078036266));
#1901=CARTESIAN_POINT('Ctrl Pts',(-5.93187401429408,0.139211312696946,4.14747477249759));
#1902=CARTESIAN_POINT('Ctrl Pts',(-5.90876215267275,1.12402101470698,4.11443449331548));
#1903=CARTESIAN_POINT('Ctrl Pts',(-5.63511228811401,2.10295100245044,4.08139421413336));
#1904=CARTESIAN_POINT('Ctrl Pts',(-5.14419283934159,2.95698987869537,4.04835393495125));
#1905=CARTESIAN_POINT('Ctrl Pts',(-4.65327339056918,3.81102875494026,4.01531365576913));
#1906=CARTESIAN_POINT('Ctrl Pts',(-3.94508435758312,4.54017651968663,3.98227337658702));
#1907=CARTESIAN_POINT('Ctrl Pts',(-3.10572236361003,5.05578853505688,3.94923309740491));
#1908=CARTESIAN_POINT('Ctrl Pts',(-2.26636036963695,5.57140055042714,3.91619281822279));
#1909=CARTESIAN_POINT('Ctrl Pts',(-1.29582541467685,5.87347681642128,3.88315253904068));
#1910=CARTESIAN_POINT('Ctrl Pts',(-0.312108287139954,5.92529303310298,3.85011225985857));
#1911=CARTESIAN_POINT('Ctrl Pts',(0.671608840396944,5.97710924978467,3.81707198067645));
#1912=CARTESIAN_POINT('Ctrl Pts',(1.66850814051064,5.7786654171539,3.78403170149434));
#1913=CARTESIAN_POINT('Ctrl Pts',(2.55739363382413,5.35408693548358,3.75099142231223));
#1914=CARTESIAN_POINT('Ctrl Pts',(3.44627912713762,4.92950845381325,3.71795114313011));
#1915=CARTESIAN_POINT('Ctrl Pts',(4.22715081365091,4.27879532310337,3.684910863948));
#1916=CARTESIAN_POINT('Ctrl Pts',(4.80507582621887,3.48105665212836,3.65187058476589));
#1917=CARTESIAN_POINT('Ctrl Pts',(5.38300083878685,2.68331798115335,3.61883030558377));
#1918=CARTESIAN_POINT('Ctrl Pts',(5.75797917740949,1.73855376991321,3.58579002640166));
#1919=CARTESIAN_POINT('Ctrl Pts',(5.88442362280664,0.761621781723206,3.55274974721955));
#1920=CARTESIAN_POINT('Ctrl Pts',(6.01086806820379,-0.215310206466796,3.51970946803743));
#1921=CARTESIAN_POINT('Ctrl Pts',(5.88877862037545,-1.22440997160667,3.48666918885532));
#1922=CARTESIAN_POINT('Ctrl Pts',(5.53299805250789,-2.14299828790974,3.4536289096732));
#1923=CARTESIAN_POINT('Ctrl Pts',(5.17721748464033,-3.0615866042128,3.42058863049109));
#1924=CARTESIAN_POINT('Ctrl Pts',(4.58774579673356,-3.88966347167905,3.38754835130898));
#1925=CARTESIAN_POINT('Ctrl Pts',(3.83624679527508,-4.52655715050432,3.35450807212686));
#1926=CARTESIAN_POINT('Ctrl Pts',(3.08474779381661,-5.16345082932958,3.32146779294475));
#1927=CARTESIAN_POINT('Ctrl Pts',(2.17122147880644,-5.60916131951385,3.28842751376263));
#1928=CARTESIAN_POINT('Ctrl Pts',(1.2067279306576,-5.80950228611806,3.25538723458052));
#1929=CARTESIAN_POINT('Ctrl Pts',(0.242234382508751,-6.00984325272227,3.22234695539841));
#1930=CARTESIAN_POINT('Ctrl Pts',(-0.773226398778776,-5.9648146957464,3.18930667621629));
#1931=CARTESIAN_POINT('Ctrl Pts',(-1.71620185998014,-5.67989086927212,3.15626639703418));
#1932=CARTESIAN_POINT('Ctrl Pts',(-2.65917732118149,-5.39496704279784,3.12322611785207));
#1933=CARTESIAN_POINT('Ctrl Pts',(-3.52966746229667,-4.87014794682514,3.09018583866995));
#1934=CARTESIAN_POINT('Ctrl Pts',(-4.2218442371244,-4.16923738212394,3.05714555948784));
#1935=CARTESIAN_POINT('Ctrl Pts',(-4.91402101195213,-3.46832681742274,3.02410528030572));
#1936=CARTESIAN_POINT('Ctrl Pts',(-5.4278844204924,-2.59132478399303,2.99106500112361));
#1937=CARTESIAN_POINT('Ctrl Pts',(-5.70096257711247,-1.64485099793363,2.9580247219415));
#1938=CARTESIAN_POINT('Ctrl Pts',(-5.8549174233072,-1.1112520167348,2.93939741332527));
#1939=CARTESIAN_POINT('Ctrl Pts',(-5.93234033587453,-0.555571917532129,
2.92077010470904));
#1940=CARTESIAN_POINT('Ctrl Pts',(-5.93252781621475,5.69993907351129E-5,
2.9021427960928));
#1941=CARTESIAN_POINT('Ctrl Pts',(-5.93250215905551,2.72370569847511E-5,
2.72285720390719));
#1942=CARTESIAN_POINT('Ctrl Pts',(-5.93241839602343,-0.522242945671308,
2.74036595303731));
#1943=CARTESIAN_POINT('Ctrl Pts',(-5.86412456656162,-1.04453461931885,2.75787470216743));
#1944=CARTESIAN_POINT('Ctrl Pts',(-5.72789480327359,-1.54846071050037,2.77538345129755));
#1945=CARTESIAN_POINT('Ctrl Pts',(-5.47081936181858,-2.49940578464895,2.80842373047966));
#1946=CARTESIAN_POINT('Ctrl Pts',(-4.97182116178977,-3.38495023614092,2.84146400966177));
#1947=CARTESIAN_POINT('Ctrl Pts',(-4.29156488170944,-4.09743582199885,2.87450428884389));
#1948=CARTESIAN_POINT('Ctrl Pts',(-3.61130860162911,-4.80992140785677,2.907544568026));
#1949=CARTESIAN_POINT('Ctrl Pts',(-2.74979424149726,-5.34934812808066,2.94058484720812));
#1950=CARTESIAN_POINT('Ctrl Pts',(-1.81175863542672,-5.65013629006299,2.97362512639023));
#1951=CARTESIAN_POINT('Ctrl Pts',(-0.873723029356192,-5.95092445204533,
3.00666540557235));
#1952=CARTESIAN_POINT('Ctrl Pts',(0.140833822653021,-6.01307405578613,3.03970568475446));
#1953=CARTESIAN_POINT('Ctrl Pts',(1.10856926071636,-5.82902939120397,3.07274596393657));
#1954=CARTESIAN_POINT('Ctrl Pts',(2.07630469877971,-5.64498472662181,3.10578624311868));
#1955=CARTESIAN_POINT('Ctrl Pts',(2.99721872289718,-5.21474579371669,3.1388265223008));
#1956=CARTESIAN_POINT('Ctrl Pts',(3.75935310713552,-4.59061800471328,3.17186680148291));
#1957=CARTESIAN_POINT('Ctrl Pts',(4.52148749137384,-3.96649021570988,3.20490708066502));
#1958=CARTESIAN_POINT('Ctrl Pts',(5.12484223573303,-3.14847357060817,3.23794735984714));
#1959=CARTESIAN_POINT('Ctrl Pts',(5.49606572972836,-2.23601675839693,3.27098763902925));
#1960=CARTESIAN_POINT('Ctrl Pts',(5.86728922372369,-1.32355994618569,3.30402791821137));
#1961=CARTESIAN_POINT('Ctrl Pts',(6.00638146735517,-0.316662966864929,3.33706819739348));
#1962=CARTESIAN_POINT('Ctrl Pts',(5.89643260755266,0.662262752928366,3.37010847657559));
#1963=CARTESIAN_POINT('Ctrl Pts',(5.78648374775016,1.64118847272165,3.40314875575771));
#1964=CARTESIAN_POINT('Ctrl Pts',(5.42749378451366,2.59214293298748,3.43618903493982));
#1965=CARTESIAN_POINT('Ctrl Pts',(4.86310618331255,3.3995158036335,3.46922931412193));
#1966=CARTESIAN_POINT('Ctrl Pts',(4.29871858211144,4.20688867427953,3.50226959330405));
#1967=CARTESIAN_POINT('Ctrl Pts',(3.52893334294572,4.87067995530575,3.53530987248616));
#1968=CARTESIAN_POINT('Ctrl Pts',(2.64733552095587,5.3101905887465,3.56835015166828));
#1969=CARTESIAN_POINT('Ctrl Pts',(1.76573769896602,5.74970122218723,3.60139043085039));
#1970=CARTESIAN_POINT('Ctrl Pts',(0.772327294152043,5.96493120804248,3.6344307100325));
#1971=CARTESIAN_POINT('Ctrl Pts',(-0.212123869370011,5.92971440403078,3.66747098921462));
#1972=CARTESIAN_POINT('Ctrl Pts',(-1.19657503289207,5.89449760001909,3.70051126839673));
#1973=CARTESIAN_POINT('Ctrl Pts',(-2.17206695512221,5.60883400614045,3.73355154757884));
#1974=CARTESIAN_POINT('Ctrl Pts',(-3.02000621456283,5.10745258551936,3.76659182676096));
#1975=CARTESIAN_POINT('Ctrl Pts',(-3.86794547400345,4.60607116489829,3.79963210594307));
#1976=CARTESIAN_POINT('Ctrl Pts',(-4.58833207065456,3.88897191753478,3.83267238512518));
#1977=CARTESIAN_POINT('Ctrl Pts',(-5.09358648760684,3.04333470761855,3.8657126643073));
#1978=CARTESIAN_POINT('Ctrl Pts',(-5.59884090455912,2.1976974977023,3.89875294348941));
#1979=CARTESIAN_POINT('Ctrl Pts',(-5.88896314181257,1.22352232523332,3.93179322267153));
#1980=CARTESIAN_POINT('Ctrl Pts',(-5.92868218585662,0.239242530568738,3.96483350185364));
#1981=CARTESIAN_POINT('Ctrl Pts',(-5.9318973904811,0.159566369579592,3.96750806920482));
#1982=CARTESIAN_POINT('Ctrl Pts',(-5.93347178046021,0.0798239961277696,
3.97018263655601));
#1983=CARTESIAN_POINT('Ctrl Pts',(-5.93341894200247,7.95342305746327E-5,
3.97285720390719));
#1984=CARTESIAN_POINT('Origin',(0.,0.,0.));
#1985=CARTESIAN_POINT('',(-5.93268848835701,-0.000124482717854535,5.4021427960928));
#1986=CARTESIAN_POINT('',(-5.93277311891264,-0.000140139611155466,5.2228572039072));
#1987=CARTESIAN_POINT('',(-5.933,-7.26582945934125E-16,0.));
#1988=CARTESIAN_POINT('Ctrl Pts',(-5.93268848835701,-0.000124482717854535,
5.4021427960928));
#1989=CARTESIAN_POINT('Ctrl Pts',(-5.93219332252098,0.64828160913131,5.38040347174643));
#1990=CARTESIAN_POINT('Ctrl Pts',(-5.82621630446123,1.29684562472805,5.35866414740005));
#1991=CARTESIAN_POINT('Ctrl Pts',(-5.61752487899592,1.91047725579289,5.33692482305368));
#1992=CARTESIAN_POINT('Ctrl Pts',(-5.30034745202418,2.84309871551825,5.30388454387157));
#1993=CARTESIAN_POINT('Ctrl Pts',(-4.74590883891744,3.69502946010531,5.27084426468945));
#1994=CARTESIAN_POINT('Ctrl Pts',(-4.02161377224219,4.36269776376408,5.23780398550734));
#1995=CARTESIAN_POINT('Ctrl Pts',(-3.29731870556695,5.03036606742283,5.20476370632522));
#1996=CARTESIAN_POINT('Ctrl Pts',(-2.40316718532322,5.5137719301533,5.17172342714311));
#1997=CARTESIAN_POINT('Ctrl Pts',(-1.44786384115113,5.7541462797297,5.138683147961));
#1998=CARTESIAN_POINT('Ctrl Pts',(-0.492560496979051,5.99452062930611,5.10564286877888));
#1999=CARTESIAN_POINT('Ctrl Pts',(0.523894671121388,5.99186346572845,5.07260258959677));
#2000=CARTESIAN_POINT('Ctrl Pts',(1.47792821939643,5.74649782818647,5.03956231041466));
#2001=CARTESIAN_POINT('Ctrl Pts',(2.43196176767147,5.50113219064449,5.00652203123254));
#2002=CARTESIAN_POINT('Ctrl Pts',(3.32357369612111,5.01305807913818,4.97348175205043));
#2003=CARTESIAN_POINT('Ctrl Pts',(4.0443681207475,4.34161209862437,4.94044147286832));
#2004=CARTESIAN_POINT('Ctrl Pts',(4.76516254537389,3.67016611811054,4.90740119368621));
#2005=CARTESIAN_POINT('Ctrl Pts',(5.31513946617701,2.81534826858922,4.87436091450409));
#2006=CARTESIAN_POINT('Ctrl Pts',(5.62743657164369,1.88108126968698,4.84132063532198));
#2007=CARTESIAN_POINT('Ctrl Pts',(5.93973367711038,0.946814270784735,4.80828035613986));
#2008=CARTESIAN_POINT('Ctrl Pts',(6.0143509672406,-0.066901877498414,4.77524007695775));
#2009=CARTESIAN_POINT('Ctrl Pts',(5.84221699865513,-1.0368267221022,4.74219979777564));
#2010=CARTESIAN_POINT('Ctrl Pts',(5.67008303006965,-2.00675156670599,4.70915951859352));
#2011=CARTESIAN_POINT('Ctrl Pts',(5.25119780276847,-2.93288510763043,4.67611923941141));
#2012=CARTESIAN_POINT('Ctrl Pts',(4.63648642560013,-3.70263456693552,4.64307896022929));
#2013=CARTESIAN_POINT('Ctrl Pts',(4.02177504843181,-4.4723840262406,4.61003868104718));
#2014=CARTESIAN_POINT('Ctrl Pts',(3.21123752139632,-5.08574940392635,4.57699840186507));
#2015=CARTESIAN_POINT('Ctrl Pts',(2.30341327510587,-5.4681620673775,4.54395812268295));
#2016=CARTESIAN_POINT('Ctrl Pts',(1.39558902881541,-5.85057473082866,4.51091784350084));
#2017=CARTESIAN_POINT('Ctrl Pts',(0.390478063269971,-6.00203468004523,4.47787756431873));
#2018=CARTESIAN_POINT('Ctrl Pts',(-0.58972532583984,-5.90412848362086,4.44483728513661));
#2019=CARTESIAN_POINT('Ctrl Pts',(-1.56992871494965,-5.80622228719649,4.4117970059545));
#2020=CARTESIAN_POINT('Ctrl Pts',(-2.52522452762384,-5.45894994513118,4.37875672677239));
#2021=CARTESIAN_POINT('Ctrl Pts',(-3.33947464279181,-4.90453037723192,4.34571644759027));
#2022=CARTESIAN_POINT('Ctrl Pts',(-4.15372475795977,-4.35011080933266,4.31267616840816));
#2023=CARTESIAN_POINT('Ctrl Pts',(-4.82692917562151,-3.58854401559945,4.27963588922604));
#2024=CARTESIAN_POINT('Ctrl Pts',(-5.27724445511042,-2.71241591059455,4.24659561004393));
#2025=CARTESIAN_POINT('Ctrl Pts',(-5.70635246474593,-1.87754842008638,4.21511133872689));
#2026=CARTESIAN_POINT('Ctrl Pts',(-5.93307059999052,-0.938655899070182,
4.18362706740985));
#2027=CARTESIAN_POINT('Ctrl Pts',(-5.93347522858034,4.80860385622742E-5,
4.15214279609281));
#2028=CARTESIAN_POINT('Ctrl Pts',(-5.93341894200247,7.95342305746327E-5,
3.97285720390719));
#2029=CARTESIAN_POINT('Ctrl Pts',(-5.93281904034707,-0.90529955409576,4.00322291573812));
#2030=CARTESIAN_POINT('Ctrl Pts',(-5.72246604253142,-1.81094784733095,4.03358862756905));
#2031=CARTESIAN_POINT('Ctrl Pts',(-5.32224322990823,-2.62302048238717,4.06395433939998));
#2032=CARTESIAN_POINT('Ctrl Pts',(-4.88676937908112,-3.50661928381831,4.09699461858209));
#2033=CARTESIAN_POINT('Ctrl Pts',(-4.22650582659225,-4.27943246982039,4.1300348977642));
#2034=CARTESIAN_POINT('Ctrl Pts',(-3.42172275407552,-4.84750686885211,4.16307517694632));
#2035=CARTESIAN_POINT('Ctrl Pts',(-2.61693968155879,-5.41558126788383,4.19611545612843));
#2036=CARTESIAN_POINT('Ctrl Pts',(-1.66763708901418,-5.77891687994521,4.22915573531055));
#2037=CARTESIAN_POINT('Ctrl Pts',(-0.689224484117619,-5.89334192626047,
4.26219601449267));
#2038=CARTESIAN_POINT('Ctrl Pts',(0.289188120778946,-6.00776697257573,4.29523629367478));
#2039=CARTESIAN_POINT('Ctrl Pts',(1.29671073802747,-5.87328145314487,4.32827657285689));
#2040=CARTESIAN_POINT('Ctrl Pts',(2.21085588034816,-5.50623516803056,4.361316852039));
#2041=CARTESIAN_POINT('Ctrl Pts',(3.12500102266884,-5.13918888291625,4.39435713122112));
#2042=CARTESIAN_POINT('Ctrl Pts',(3.94576869006169,-4.53958183211848,4.42739741040323));
#2043=CARTESIAN_POINT('Ctrl Pts',(4.57337574366873,-3.78031000799526,4.46043768958535));
#2044=CARTESIAN_POINT('Ctrl Pts',(5.20098279727577,-3.02103818387204,4.49347796876746));
#2045=CARTESIAN_POINT('Ctrl Pts',(5.635429237097,-2.10210158642336,4.52651824794957));
#2046=CARTESIAN_POINT('Ctrl Pts',(5.82389813191884,-1.13521804000768,4.55955852713169));
#2047=CARTESIAN_POINT('Ctrl Pts',(6.01236702674067,-0.168334493592,4.5925988063138));
#2048=CARTESIAN_POINT('Ctrl Pts',(5.9548583765631,0.84649600179066,4.62563908549591));
#2049=CARTESIAN_POINT('Ctrl Pts',(5.65836367709701,1.78589751862637,4.65867936467802));
#2050=CARTESIAN_POINT('Ctrl Pts',(5.36186897763091,2.72529903546209,4.69171964386014));
#2051=CARTESIAN_POINT('Ctrl Pts',(4.82638822887627,3.58927157375085,4.72475992304226));
#2052=CARTESIAN_POINT('Ctrl Pts',(4.11702140008322,4.27277945143245,4.75780020222437));
#2053=CARTESIAN_POINT('Ctrl Pts',(3.40765457129017,4.95628732911406,4.79084048140648));
#2054=CARTESIAN_POINT('Ctrl Pts',(2.5244016624587,5.45933054618853,4.82388076058859));
#2055=CARTESIAN_POINT('Ctrl Pts',(1.57464232699131,5.72075265951728,4.85692103977071));
#2056=CARTESIAN_POINT('Ctrl Pts',(0.624882991523918,5.98217477284603,4.88996131895282));
#2057=CARTESIAN_POINT('Ctrl Pts',(-0.391382770579403,6.00197578242906,4.92300159813494));
#2058=CARTESIAN_POINT('Ctrl Pts',(-1.3506045422089,5.7777484213049,4.95604187731705));
#2059=CARTESIAN_POINT('Ctrl Pts',(-2.3098263138384,5.55352106018074,4.98908215649917));
#2060=CARTESIAN_POINT('Ctrl Pts',(-3.21200409499409,5.0852653283494,5.02212243568128));
#2061=CARTESIAN_POINT('Ctrl Pts',(-3.94745747989491,4.42990845207306,5.05516271486339));
#2062=CARTESIAN_POINT('Ctrl Pts',(-4.68291086479571,3.77455157579673,5.08820299404551));
#2063=CARTESIAN_POINT('Ctrl Pts',(-5.25163985344164,2.93209355507542,5.12124327322762));
#2064=CARTESIAN_POINT('Ctrl Pts',(-5.58450239028989,2.00495448880345,5.15428355240973));
#2065=CARTESIAN_POINT('Ctrl Pts',(-5.81478292628438,1.3635423216545,5.17714143624222));
#2066=CARTESIAN_POINT('Ctrl Pts',(-5.93217467706602,0.681600692643102,5.19999932007471));
#2067=CARTESIAN_POINT('Ctrl Pts',(-5.93277311891264,-0.000140139611155466,
5.2228572039072));
#2068=CARTESIAN_POINT('Origin',(0.,0.,0.));
#2069=CARTESIAN_POINT('',(-5.93288407914554,0.000150915599258089,6.6521427960928));
#2070=CARTESIAN_POINT('',(-5.93278788919159,0.000142143635682611,6.47285720390719));
#2071=CARTESIAN_POINT('',(-5.933,-7.26582945934125E-16,0.));
#2072=CARTESIAN_POINT('Ctrl Pts',(-5.93288407914554,0.000150915599258089,
6.6521427960928));
#2073=CARTESIAN_POINT('Ctrl Pts',(-5.93314213905594,0.265054849016684,6.64326043444724));
#2074=CARTESIAN_POINT('Ctrl Pts',(-5.91572649896237,0.529925108289792,6.63437807280168));
#2075=CARTESIAN_POINT('Ctrl Pts',(-5.88036124190034,0.792376662825738,6.62549571115611));
#2076=CARTESIAN_POINT('Ctrl Pts',(-5.74881087125533,1.76863421455229,6.592455431974));
#2077=CARTESIAN_POINT('Ctrl Pts',(-5.36889818567594,2.71142502942762,6.55941515279189));
#2078=CARTESIAN_POINT('Ctrl Pts',(-4.78681028751,3.50613125573362,6.52637487360978));
#2079=CARTESIAN_POINT('Ctrl Pts',(-4.20472238934405,4.30083748203962,6.49333459442766));
#2080=CARTESIAN_POINT('Ctrl Pts',(-3.42045927859154,4.9474591197763,6.46029431524554));
#2081=CARTESIAN_POINT('Ctrl Pts',(-2.52936612781598,5.36738447500228,6.42725403606343));
#2082=CARTESIAN_POINT('Ctrl Pts',(-1.63827297704044,5.78730983022825,6.39421375688132));
#2083=CARTESIAN_POINT('Ctrl Pts',(-0.640349786241857,5.98053890294352,6.36117347769921));
#2084=CARTESIAN_POINT('Ctrl Pts',(0.343082987801819,5.92358026657205,6.3281331985171));
#2085=CARTESIAN_POINT('Ctrl Pts',(1.3265157618455,5.86662163020058,6.29509291933498));
#2086=CARTESIAN_POINT('Ctrl Pts',(2.29545811913427,5.55947528474238,6.26205264015286));
#2087=CARTESIAN_POINT('Ctrl Pts',(3.13211288803975,5.03948191460345,6.22901236097075));
#2088=CARTESIAN_POINT('Ctrl Pts',(3.96876765694523,4.51948854446453,6.19597208178863));
#2089=CARTESIAN_POINT('Ctrl Pts',(4.67313483746743,3.78664814964489,6.16293180260653));
#2090=CARTESIAN_POINT('Ctrl Pts',(5.1595824402223,2.93005429191846,6.12989152342441));
#2091=CARTESIAN_POINT('Ctrl Pts',(5.64603004297716,2.07346043419204,6.0968512442423));
#2092=CARTESIAN_POINT('Ctrl Pts',(5.91455806796471,1.09311311355879,6.06381096506018));
#2093=CARTESIAN_POINT('Ctrl Pts',(5.93252077355899,0.108196036578012,6.03077068587806));
#2094=CARTESIAN_POINT('Ctrl Pts',(5.95048347915327,-0.876721040402799,5.99773040669595));
#2095=CARTESIAN_POINT('Ctrl Pts',(5.71788086535429,-1.86620787373115,5.96469012751384));
#2096=CARTESIAN_POINT('Ctrl Pts',(5.2629911159082,-2.73996963941419,5.93164984833173));
#2097=CARTESIAN_POINT('Ctrl Pts',(4.8081013664621,-3.61373140509724,5.89860956914962));
#2098=CARTESIAN_POINT('Ctrl Pts',(4.13092448136888,-4.37176810313494,5.8655692899675));
#2099=CARTESIAN_POINT('Ctrl Pts',(3.31378684584217,-4.92192298307923,5.83252901078538));
#2100=CARTESIAN_POINT('Ctrl Pts',(2.49664921031548,-5.4720778630235,5.79948873160327));
#2101=CARTESIAN_POINT('Ctrl Pts',(1.5395508243553,-5.81435092487439,5.76644845242116));
#2102=CARTESIAN_POINT('Ctrl Pts',(0.55884895316722,-5.90713102602135,5.73340817323905));
#2103=CARTESIAN_POINT('Ctrl Pts',(-0.421852918020865,-5.99991112716831,
5.70036789405693));
#2104=CARTESIAN_POINT('Ctrl Pts',(-1.42615827443685,-5.84319826761133,5.66732761487482));
#2105=CARTESIAN_POINT('Ctrl Pts',(-2.33197076066096,-5.45604449051347,5.6342873356927));
#2106=CARTESIAN_POINT('Ctrl Pts',(-3.23778324688508,-5.06889071341562,5.60124705651059));
#2107=CARTESIAN_POINT('Ctrl Pts',(-4.04510286291732,-4.45129601877688,5.56820677732848));
#2108=CARTESIAN_POINT('Ctrl Pts',(-4.6557813890487,-3.67834320971112,5.53516649814636));
#2109=CARTESIAN_POINT('Ctrl Pts',(-5.26645991518009,-2.90539040064534,5.50212621896425));
#2110=CARTESIAN_POINT('Ctrl Pts',(-5.68049735141062,-1.97707947715255,5.46908593978213));
#2111=CARTESIAN_POINT('Ctrl Pts',(-5.84755794910751,-1.00626792797432,5.43604566060002));
#2112=CARTESIAN_POINT('Ctrl Pts',(-5.90469863666036,-0.674215725545694,
5.42474470576428));
#2113=CARTESIAN_POINT('Ctrl Pts',(-5.93294589501143,-0.337191442226556,
5.41344375092854));
#2114=CARTESIAN_POINT('Ctrl Pts',(-5.93268848835701,-0.000124482717854535,
5.4021427960928));
#2115=CARTESIAN_POINT('Ctrl Pts',(-5.93277311891264,-0.000140139611155466,
5.2228572039072));
#2116=CARTESIAN_POINT('Ctrl Pts',(-5.93303970402265,-0.303832061876071,
5.23303959925682));
#2117=CARTESIAN_POINT('Ctrl Pts',(-5.91012989696475,-0.607484138156383,
5.24322199460645));
#2118=CARTESIAN_POINT('Ctrl Pts',(-5.86369854615727,-0.907495900332174,
5.25340438995608));
#2119=CARTESIAN_POINT('Ctrl Pts',(-5.71303608012582,-1.88098711137314,5.28644466913819));
#2120=CARTESIAN_POINT('Ctrl Pts',(-5.31471506301235,-2.81614942163247,5.3194849483203));
#2121=CARTESIAN_POINT('Ctrl Pts',(-4.71716055216219,-3.5992923991323,5.35252522750241));
#2122=CARTESIAN_POINT('Ctrl Pts',(-4.11960604131201,-4.38243537663214,5.38556550668453));
#2123=CARTESIAN_POINT('Ctrl Pts',(-3.32281803672512,-5.01355902137249,5.41860578586664));
#2124=CARTESIAN_POINT('Ctrl Pts',(-2.42366439913806,-5.41593577599267,5.45164606504875));
#2125=CARTESIAN_POINT('Ctrl Pts',(-1.52451076155098,-5.81831253061285,5.48468634423087));
#2126=CARTESIAN_POINT('Ctrl Pts',(-0.522991490963725,-5.99194239511286,
5.51772662341298));
#2127=CARTESIAN_POINT('Ctrl Pts',(0.459135769850841,-5.91571667629291,5.5507669025951));
#2128=CARTESIAN_POINT('Ctrl Pts',(1.44126303066541,-5.83949095747297,5.58380718177721));
#2129=CARTESIAN_POINT('Ctrl Pts',(2.40399828170729,-5.51340965533306,5.61684746095932));
#2130=CARTESIAN_POINT('Ctrl Pts',(3.23029896750725,-4.97711543264251,5.64988774014144));
#2131=CARTESIAN_POINT('Ctrl Pts',(4.05659965330719,-4.44082120995197,5.68292801932355));
#2132=CARTESIAN_POINT('Ctrl Pts',(4.74646577386523,-3.69431406671079,5.71596829850567));
#2133=CARTESIAN_POINT('Ctrl Pts',(5.21602827629857,-2.82834907148682,5.74900857768778));
#2134=CARTESIAN_POINT('Ctrl Pts',(5.68559077873191,-1.96238407626284,5.7820488568699));
#2135=CARTESIAN_POINT('Ctrl Pts',(5.93484966304055,-0.97696122905608,5.815089136052));
#2136=CARTESIAN_POINT('Ctrl Pts',(5.93350179369339,0.00811871688381705,
5.84812941523412));
#2137=CARTESIAN_POINT('Ctrl Pts',(5.93215392434624,0.993198662823708,5.88116969441623));
#2138=CARTESIAN_POINT('Ctrl Pts',(5.68019930134329,1.97793570749672,5.91420997359835));
#2139=CARTESIAN_POINT('Ctrl Pts',(5.20826878909574,2.84261247268385,5.94725025278046));
#2140=CARTESIAN_POINT('Ctrl Pts',(4.73633827684819,3.70728923787098,5.98029053196257));
#2141=CARTESIAN_POINT('Ctrl Pts',(4.04443187535605,4.45190572357224,6.01333081114468));
#2142=CARTESIAN_POINT('Ctrl Pts',(3.21666668045487,4.98593671401654,6.04637109032679));
#2143=CARTESIAN_POINT('Ctrl Pts',(2.38890148555367,5.51996770446085,6.07941136950891));
#2144=CARTESIAN_POINT('Ctrl Pts',(1.42527749724343,5.8434131996482,6.11245164869103));
#2145=CARTESIAN_POINT('Ctrl Pts',(0.442945317396494,5.9169509796113,6.14549192787315));
#2146=CARTESIAN_POINT('Ctrl Pts',(-0.539386862450446,5.9904887595744,6.17853220705526));
#2147=CARTESIAN_POINT('Ctrl Pts',(-1.54042723383409,5.81411882431325,6.21157248623737));
#2148=CARTESIAN_POINT('Ctrl Pts',(-2.43847637516599,5.40928298548745,6.24461276541949));
#2149=CARTESIAN_POINT('Ctrl Pts',(-3.33652551649788,5.00444714666164,6.2776530446016));
#2150=CARTESIAN_POINT('Ctrl Pts',(-4.13158342777803,4.3711454042712,6.31069332378371));
#2151=CARTESIAN_POINT('Ctrl Pts',(-4.72699258080068,3.58637011341299,6.34373360296583));
#2152=CARTESIAN_POINT('Ctrl Pts',(-5.32240173382331,2.8015948225548,6.37677388214794));
#2153=CARTESIAN_POINT('Ctrl Pts',(-5.71816212858847,1.86534598322886,6.40981416133005));
#2154=CARTESIAN_POINT('Ctrl Pts',(-5.8661600101394,0.891446119946633,6.44285444051217));
#2155=CARTESIAN_POINT('Ctrl Pts',(-5.91095730537072,0.596657578083805,6.45285536164384));
#2156=CARTESIAN_POINT('Ctrl Pts',(-5.93305447888811,0.29841943113192,6.46285628277552));
#2157=CARTESIAN_POINT('Ctrl Pts',(-5.93278788919159,0.000142143635682611,
6.47285720390719));
#2158=CARTESIAN_POINT('Origin',(0.,0.,0.));
#2159=CARTESIAN_POINT('',(-5.93332799084454,-0.000110447721702323,7.90214279609281));
#2160=CARTESIAN_POINT('',(-5.93340770248019,-8.42550382597454E-5,7.72285720390719));
#2161=CARTESIAN_POINT('',(-5.933,-7.26582945934125E-16,0.));
#2162=CARTESIAN_POINT('Ctrl Pts',(-5.93332799084454,-0.000110447721702323,
7.90214279609281));
#2163=CARTESIAN_POINT('Ctrl Pts',(-5.93258617795118,0.866545535949891,7.87307711796594));
#2164=CARTESIAN_POINT('Ctrl Pts',(-5.74041631612794,1.73351966402582,7.84401143983908));
#2165=CARTESIAN_POINT('Ctrl Pts',(-5.37263903850159,2.51818562697344,7.81494576171221));
#2166=CARTESIAN_POINT('Ctrl Pts',(-4.95456986851447,3.41015113926358,7.7819054825301));
#2167=CARTESIAN_POINT('Ctrl Pts',(-4.30958248859905,4.19575883398671,7.74886520334798));
#2168=CARTESIAN_POINT('Ctrl Pts',(-3.51608990570263,4.77950006774512,7.71582492416587));
#2169=CARTESIAN_POINT('Ctrl Pts',(-2.7225973228062,5.36324130150353,7.68278464498375));
#2170=CARTESIAN_POINT('Ctrl Pts',(-1.78059953692877,5.74511607429722,7.64974436580164));
#2171=CARTESIAN_POINT('Ctrl Pts',(-0.804617991712086,5.87869875003174,7.61670408661952));
#2172=CARTESIAN_POINT('Ctrl Pts',(0.171363553504595,6.01228142576626,7.58366380743741));
#2173=CARTESIAN_POINT('Ctrl Pts',(1.18132885806052,5.89757200444162,7.5506235282553));
#2174=CARTESIAN_POINT('Ctrl Pts',(2.1024934714239,5.54851604620435,7.51758324907319));
#2175=CARTESIAN_POINT('Ctrl Pts',(3.02365808478727,5.19946008796708,7.48454296989107));
#2176=CARTESIAN_POINT('Ctrl Pts',(3.8560220069581,4.61605759281718,7.45150269070896));
#2177=CARTESIAN_POINT('Ctrl Pts',(4.4983923075563,3.86923451840639,7.41846241152684));
#2178=CARTESIAN_POINT('Ctrl Pts',(5.14076260815451,3.12241144399561,7.38542213234473));
#2179=CARTESIAN_POINT('Ctrl Pts',(5.5931392871801,2.21216779032395,7.35238185316262));
#2180=CARTESIAN_POINT('Ctrl Pts',(5.80052558188657,1.2491645546168,7.3193415739805));
#2181=CARTESIAN_POINT('Ctrl Pts',(6.00791187659305,0.286161318909646,7.28630129479839));
#2182=CARTESIAN_POINT('Ctrl Pts',(5.97030778698041,-0.729601498832989,7.25326101561627));
#2183=CARTESIAN_POINT('Ctrl Pts',(5.6922849526104,-1.67463462572406,7.22022073643416));
#2184=CARTESIAN_POINT('Ctrl Pts',(5.41426211824038,-2.61966775261515,7.18718045725205));
#2185=CARTESIAN_POINT('Ctrl Pts',(4.89582053911297,-3.49397118865467,7.15414017806993));
#2186=CARTESIAN_POINT('Ctrl Pts',(4.19998868261889,-4.19125329426737,7.12109989888782));
#2187=CARTESIAN_POINT('Ctrl Pts',(3.50415682612482,-4.88853539988005,7.08805961970571));
#2188=CARTESIAN_POINT('Ctrl Pts',(2.63093469226409,-5.40879617506592,7.05501934052359));
#2189=CARTESIAN_POINT('Ctrl Pts',(1.68648246358003,-5.6887859874644,7.02197906134148));
#2190=CARTESIAN_POINT('Ctrl Pts',(0.742030234895983,-5.96877579986288,6.98893878215936));
#2191=CARTESIAN_POINT('Ctrl Pts',(-0.273652088611388,-6.00849464947397,
6.95589850297725));
#2192=CARTESIAN_POINT('Ctrl Pts',(-1.23708502015274,-5.80311379898096,6.92285822379514));
#2193=CARTESIAN_POINT('Ctrl Pts',(-2.2005179516941,-5.59773294848794,6.88981794461303));
#2194=CARTESIAN_POINT('Ctrl Pts',(-3.11170149126944,-5.14725239789082,6.85677766543091));
#2195=CARTESIAN_POINT('Ctrl Pts',(-3.85986037657742,-4.50643839238602,6.82373738624879));
#2196=CARTESIAN_POINT('Ctrl Pts',(-4.60801926188538,-3.86562438688123,6.79069710706668));
#2197=CARTESIAN_POINT('Ctrl Pts',(-5.19315349292599,-3.03447692646879,6.75765682788458));
#2198=CARTESIAN_POINT('Ctrl Pts',(-5.54412658059098,-2.11404105197369,6.72461654870246));
#2199=CARTESIAN_POINT('Ctrl Pts',(-5.80074604989466,-1.44104994826132,6.70045863116591));
#2200=CARTESIAN_POINT('Ctrl Pts',(-5.93218221737906,-0.720324970653639,
6.67630071362936));
#2201=CARTESIAN_POINT('Ctrl Pts',(-5.93288407914554,0.000150915599258089,
6.6521427960928));
#2202=CARTESIAN_POINT('Ctrl Pts',(-5.93278788919159,0.000142143635682611,
6.47285720390719));
#2203=CARTESIAN_POINT('Ctrl Pts',(-5.93217374021572,-0.687006283439985,
6.49589656195763));
#2204=CARTESIAN_POINT('Ctrl Pts',(-5.81287191451829,-1.37436243495945,6.51893592000806));
#2205=CARTESIAN_POINT('Ctrl Pts',(-5.57899479478677,-2.02022932586098,6.5419752780585));
#2206=CARTESIAN_POINT('Ctrl Pts',(-5.24359632954649,-2.94645402114778,6.57501555724062));
#2207=CARTESIAN_POINT('Ctrl Pts',(-4.67256403072922,-3.78735252448286,6.60805583642273));
#2208=CARTESIAN_POINT('Ctrl Pts',(-3.93531997406828,-4.44069433208656,6.64109611560485));
#2209=CARTESIAN_POINT('Ctrl Pts',(-3.19807591740731,-5.09403613969028,6.67413639478696));
#2210=CARTESIAN_POINT('Ctrl Pts',(-2.29462010290266,-5.55982125156262,6.70717667396907));
#2211=CARTESIAN_POINT('Ctrl Pts',(-1.33478831060796,-5.78142280197458,6.74021695315119));
#2212=CARTESIAN_POINT('Ctrl Pts',(-0.374956518313262,-6.00302435238654,
6.7732572323333));
#2213=CARTESIAN_POINT('Ctrl Pts',(0.64125125177148,-5.98044234133811,6.80629751151542));
#2214=CARTESIAN_POINT('Ctrl Pts',(1.59029163279713,-5.7164221303172,6.83933779069753));
#2215=CARTESIAN_POINT('Ctrl Pts',(2.53933201382277,-5.4524019192963,6.87237806987964));
#2216=CARTESIAN_POINT('Ctrl Pts',(3.42120500578931,-4.94694350830293,6.90541834906176));
#2217=CARTESIAN_POINT('Ctrl Pts',(4.12869871584458,-4.26149696270142,6.93845862824387));
#2218=CARTESIAN_POINT('Ctrl Pts',(4.83619242589985,-3.57605041709991,6.97149890742598));
#2219=CARTESIAN_POINT('Ctrl Pts',(5.36930685404384,-2.71061573689025,7.0045391866081));
#2220=CARTESIAN_POINT('Ctrl Pts',(5.66322971158281,-1.77040636102754,7.03757946579021));
#2221=CARTESIAN_POINT('Ctrl Pts',(5.95715256912178,-0.830196985164827,7.07061974497232));
#2222=CARTESIAN_POINT('Ctrl Pts',(6.01188385605573,0.184787086350939,7.10366002415444));
#2223=CARTESIAN_POINT('Ctrl Pts',(5.82076972888769,1.15115125530771,7.13670030333655));
#2224=CARTESIAN_POINT('Ctrl Pts',(5.62965560171966,2.11751542426448,7.16974058251866));
#2225=CARTESIAN_POINT('Ctrl Pts',(5.19269606044963,3.03525969066225,7.20278086170078));
#2226=CARTESIAN_POINT('Ctrl Pts',(4.56301356142956,3.79281118532671,7.23582114088289));
#2227=CARTESIAN_POINT('Ctrl Pts',(3.93333106240948,4.55036267999118,7.268861420065));
#2228=CARTESIAN_POINT('Ctrl Pts',(3.11092560563935,5.14772140292232,7.30190169924712));
#2229=CARTESIAN_POINT('Ctrl Pts',(2.19577944083752,5.51226469760769,7.33494197842923));
#2230=CARTESIAN_POINT('Ctrl Pts',(1.28063327603569,5.87680799229305,7.36798225761135));
#2231=CARTESIAN_POINT('Ctrl Pts',(0.272746403202154,6.00853585873262,7.40102253679346));
#2232=CARTESIAN_POINT('Ctrl Pts',(-0.705349406740565,5.89143375281683,7.43406281597558));
#2233=CARTESIAN_POINT('Ctrl Pts',(-1.68344521668327,5.77433164690105,7.46710309515769));
#2234=CARTESIAN_POINT('Ctrl Pts',(-2.63174996373516,5.4083995686299,7.50014337433981));
#2235=CARTESIAN_POINT('Ctrl Pts',(-3.43497545127055,4.83812495687051,7.53318365352192));
#2236=CARTESIAN_POINT('Ctrl Pts',(-4.23820093880593,4.26785034511111,7.56622393270403));
#2237=CARTESIAN_POINT('Ctrl Pts',(-4.89634716682481,3.49323319986346,7.59926421188614));
#2238=CARTESIAN_POINT('Ctrl Pts',(-5.32940136297806,2.60844600518324,7.63230449106826));
#2239=CARTESIAN_POINT('Ctrl Pts',(-5.72502183228279,1.80014088239824,7.66248872868123));
#2240=CARTESIAN_POINT('Ctrl Pts',(-5.93278281684805,0.899888974342412,7.69267296629421));
#2241=CARTESIAN_POINT('Ctrl Pts',(-5.93340770248019,-8.42550382597454E-5,
7.72285720390719));
#2242=CARTESIAN_POINT('Origin',(0.,0.,0.));
#2243=CARTESIAN_POINT('',(-5.93248313938809,-4.1682319703992E-6,9.15214279609281));
#2244=CARTESIAN_POINT('',(-5.93249991531575,-2.19891634861683E-5,8.9728572039072));
#2245=CARTESIAN_POINT('',(-5.933,-7.26582945934125E-16,0.));
#2246=CARTESIAN_POINT('Ctrl Pts',(-5.93248353301332,-4.16505757244723E-6,
9.15214279609281));
#2247=CARTESIAN_POINT('Ctrl Pts',(-5.93251491157094,0.483496009655266,9.13593408066675));
#2248=CARTESIAN_POINT('Ctrl Pts',(-5.87409813607138,0.966993147245862,9.11972536524069));
#2249=CARTESIAN_POINT('Ctrl Pts',(-5.75715639079907,1.43588903237984,9.10351664981463));
#2250=CARTESIAN_POINT('Ctrl Pts',(-5.5187792085068,2.39169894975714,9.07047637063252));
#2251=CARTESIAN_POINT('Ctrl Pts',(-5.03722002964298,3.28683798189293,9.03743609145042));
#2252=CARTESIAN_POINT('Ctrl Pts',(-4.37105725650282,4.01251741758284,9.0043958122683));
#2253=CARTESIAN_POINT('Ctrl Pts',(-3.70489448336266,4.73819685327276,8.97135553308619));
#2254=CARTESIAN_POINT('Ctrl Pts',(-2.85412811594616,5.2944166925168,8.93831525390407));
#2255=CARTESIAN_POINT('Ctrl Pts',(-1.92217104787299,5.61353729606974,8.90527497472195));
#2256=CARTESIAN_POINT('Ctrl Pts',(-0.9902139797998,5.93265789962269,8.87223469553984));
#2257=CARTESIAN_POINT('Ctrl Pts',(0.0229337889300563,6.01467926748453,8.83919441635773));
#2258=CARTESIAN_POINT('Ctrl Pts',(0.994092079521885,5.84963919824775,8.80615413717562));
#2259=CARTESIAN_POINT('Ctrl Pts',(1.96525037011369,5.68459912901097,8.77311385799351));
#2260=CARTESIAN_POINT('Ctrl Pts',(2.89441918256746,5.27249762267557,8.74007357881139));
#2261=CARTESIAN_POINT('Ctrl Pts',(3.66864124104465,4.66343028015885,8.70703329962928));
#2262=CARTESIAN_POINT('Ctrl Pts',(4.44286329952188,4.05436293764209,8.67399302044716));
#2263=CARTESIAN_POINT('Ctrl Pts',(5.0621386040225,3.24832975894397,8.64095274126504));
#2264=CARTESIAN_POINT('Ctrl Pts',(5.45117773099277,2.3433250156551,8.60791246208293));
#2265=CARTESIAN_POINT('Ctrl Pts',(5.84021685796303,1.43832027236627,8.57487218290082));
#2266=CARTESIAN_POINT('Ctrl Pts',(5.99901980740296,0.4343439644867,8.54183190371871));
#2267=CARTESIAN_POINT('Ctrl Pts',(5.90828161482917,-0.546548806635877,8.5087916245366));
#2268=CARTESIAN_POINT('Ctrl Pts',(5.81754342225539,-1.52744157775847,8.47575134535448));
#2269=CARTESIAN_POINT('Ctrl Pts',(5.47726408766787,-2.48525081212407,8.44271106617236));
#2270=CARTESIAN_POINT('Ctrl Pts',(4.92881176900202,-3.3035321855921,8.40967078699025));
#2271=CARTESIAN_POINT('Ctrl Pts',(4.38035945033615,-4.12181355906016,8.37663050780814));
#2272=CARTESIAN_POINT('Ctrl Pts',(3.62373414759194,-4.80056707163064,8.34359022862603));
#2273=CARTESIAN_POINT('Ctrl Pts',(2.75092133100769,-5.25727498933631,8.31054994944391));
#2274=CARTESIAN_POINT('Ctrl Pts',(1.87810851442347,-5.71398290704195,8.2775096702618));
#2275=CARTESIAN_POINT('Ctrl Pts',(0.889108183999229,-5.94864522988278,8.24446939107968));
#2276=CARTESIAN_POINT('Ctrl Pts',(-0.0958441388517298,-5.93273320241742,
8.21142911189757));
#2277=CARTESIAN_POINT('Ctrl Pts',(-1.0807964617027,-5.91682117495207,8.17838883271545));
#2278=CARTESIAN_POINT('Ctrl Pts',(-2.06170077698039,-5.65033479718052,8.14534855353335));
#2279=CARTESIAN_POINT('Ctrl Pts',(-2.91930558243776,-5.165671686901,8.11230827435123));
#2280=CARTESIAN_POINT('Ctrl Pts',(-3.77691038789513,-4.68100857662149,8.07926799516912));
#2281=CARTESIAN_POINT('Ctrl Pts',(-4.51121568353218,-3.97816873383402,8.046227715987));
#2282=CARTESIAN_POINT('Ctrl Pts',(-5.03294985625689,-3.14259842143769,8.01318743680489));
#2283=CARTESIAN_POINT('Ctrl Pts',(-5.55468402898162,-2.30702810904136,7.98014715762277));
#2284=CARTESIAN_POINT('Ctrl Pts',(-5.863847078794,-1.33872732703617,7.94710687844066));
#2285=CARTESIAN_POINT('Ctrl Pts',(-5.92285312367078,-0.355415271104994,
7.91406659925855));
#2286=CARTESIAN_POINT('Ctrl Pts',(-5.92995129275526,-0.237127132145917,
7.9100919982033));
#2287=CARTESIAN_POINT('Ctrl Pts',(-5.93342943042892,-0.118621764478243,
7.90611739714806));
#2288=CARTESIAN_POINT('Ctrl Pts',(-5.93332799084454,-0.000110447721702323,
7.90214279609281));
#2289=CARTESIAN_POINT('Ctrl Pts',(-5.93340770248019,-8.42550382597454E-5,
7.72285720390719));
#2290=CARTESIAN_POINT('Ctrl Pts',(-5.93346682934515,-0.0852399905309499,
7.72571324547633));
#2291=CARTESIAN_POINT('Ctrl Pts',(-5.93167146653732,-0.17039323101322,7.72856928704546));
#2292=CARTESIAN_POINT('Ctrl Pts',(-5.9280052841503,-0.255465849010125,7.73142532861459));
#2293=CARTESIAN_POINT('Ctrl Pts',(-5.88559284488169,-1.23963326441048,7.76446560779671));
#2294=CARTESIAN_POINT('Ctrl Pts',(-5.59280580205687,-2.21301085109842,7.79750588697883));
#2295=CARTESIAN_POINT('Ctrl Pts',(-5.0852391371395,-3.05726223400978,7.83054616616094));
#2296=CARTESIAN_POINT('Ctrl Pts',(-4.57767247222213,-3.90151361692118,7.86358644534305));
#2297=CARTESIAN_POINT('Ctrl Pts',(-3.8553261852122,-4.616638796056,7.89662672452517));
#2298=CARTESIAN_POINT('Ctrl Pts',(-3.0060180389189,-5.11569789963392,7.92966700370728));
#2299=CARTESIAN_POINT('Ctrl Pts',(-2.15670989262562,-5.61475700321183,7.96270728288939));
#2300=CARTESIAN_POINT('Ctrl Pts',(-1.18043988704898,-5.89775003123285,7.99574756207151));
#2301=CARTESIAN_POINT('Ctrl Pts',(-0.195896036430383,-5.930272690821,8.02878784125362));
#2302=CARTESIAN_POINT('Ctrl Pts',(0.788647814188209,-5.96279535040916,8.06182812043574));
#2303=CARTESIAN_POINT('Ctrl Pts',(1.78146550984875,-5.74484764156445,8.09486839961786));
#2304=CARTESIAN_POINT('Ctrl Pts',(2.66185728160361,-5.30292610480588,8.12790867879997));
#2305=CARTESIAN_POINT('Ctrl Pts',(3.54224905335847,-4.86100456804731,8.16094895798208));
#2306=CARTESIAN_POINT('Ctrl Pts',(4.31021490120766,-4.19510920337488,8.19398923716418));
#2307=CARTESIAN_POINT('Ctrl Pts',(4.87239096312363,-3.38619487492832,8.2270295163463));
#2308=CARTESIAN_POINT('Ctrl Pts',(5.43456702503963,-2.57728054648174,8.26006979552841));
#2309=CARTESIAN_POINT('Ctrl Pts',(5.7909533010224,-1.62534725426101,8.29311007471054));
#2310=CARTESIAN_POINT('Ctrl Pts',(5.89822285497751,-0.646124315031928,8.32615035389265));
#2311=CARTESIAN_POINT('Ctrl Pts',(6.00549240893261,0.33309862419711,8.35919063307477));
#2312=CARTESIAN_POINT('Ctrl Pts',(5.86364524086008,1.3396112104345,8.39223091225687));
#2313=CARTESIAN_POINT('Ctrl Pts',(5.48992614482411,2.25104872375876,8.42527119143899));
#2314=CARTESIAN_POINT('Ctrl Pts',(5.11620704878813,3.16248623708305,8.4583114706211));
#2315=CARTESIAN_POINT('Ctrl Pts',(4.5106160247887,3.97884867749421,8.49135174980321));
#2316=CARTESIAN_POINT('Ctrl Pts',(3.74677652163641,4.60088851165924,8.52439202898533));
#2317=CARTESIAN_POINT('Ctrl Pts',(2.9829370184841,5.22292834582427,8.55743230816744));
#2318=CARTESIAN_POINT('Ctrl Pts',(2.06084903617892,5.65064557374316,8.59047258734955));
#2319=CARTESIAN_POINT('Ctrl Pts',(1.09261358638077,5.83204125805783,8.62351286653167));
#2320=CARTESIAN_POINT('Ctrl Pts',(0.124378136582657,6.0134369423725,8.65655314571378));
#2321=CARTESIAN_POINT('Ctrl Pts',(-0.890004780708421,5.94851108308296,8.6895934248959));
#2322=CARTESIAN_POINT('Ctrl Pts',(-1.82721377706578,5.64515709629214,8.72263370407801));
#2323=CARTESIAN_POINT('Ctrl Pts',(-2.76442277342315,5.34180310950132,8.75567398326013));
#2324=CARTESIAN_POINT('Ctrl Pts',(-3.62445784884679,4.8000209952092,8.78871426244223));
#2325=CARTESIAN_POINT('Ctrl Pts',(-4.30276176400587,4.08567642905487,8.82175454162435));
#2326=CARTESIAN_POINT('Ctrl Pts',(-4.98106567916497,3.37133186290052,8.85479482080646));
#2327=CARTESIAN_POINT('Ctrl Pts',(-5.47763843405948,2.48442484488394,8.88783509998858));
#2328=CARTESIAN_POINT('Ctrl Pts',(-5.73211070090797,1.5327799922472,8.92087537917069));
#2329=CARTESIAN_POINT('Ctrl Pts',(-5.8655632937539,1.03370999681832,8.93820265408286));
#2330=CARTESIAN_POINT('Ctrl Pts',(-5.93243205548717,0.516835439813646,8.95552992899503));
#2331=CARTESIAN_POINT('Ctrl Pts',(-5.93249991531575,-2.19891634861683E-5,
8.9728572039072));
#2332=CARTESIAN_POINT('Origin',(0.,0.,-2.3107734492731));
#2333=CARTESIAN_POINT('',(-5.2195385329876,-9.71606727751647E-5,8.3142265507269));
#2334=CARTESIAN_POINT('',(-5.21881007635458,-1.93438298098925E-5,8.56077344927311));
#2335=CARTESIAN_POINT('',(-5.21925,-1.0748359095413E-13,-2.3107734492731));
#2336=CARTESIAN_POINT('',(-4.94961781644969,1.65585447234465,9.5));
#2337=CARTESIAN_POINT('Ctrl Pts',(-5.21953853298759,-9.71606727750464E-5,
8.3142265507269));
#2338=CARTESIAN_POINT('Ctrl Pts',(-5.21962776921728,-0.104351364276613,
8.31820115178215));
#2339=CARTESIAN_POINT('Ctrl Pts',(-5.19113311933591,-1.0752068270521,8.35521603201951));
#2340=CARTESIAN_POINT('Ctrl Pts',(-4.61447587570015,-2.88130124972099,8.42527119143899));
#2341=CARTESIAN_POINT('Ctrl Pts',(-2.67657452010248,-4.73616228939833,8.52439202898532));
#2342=CARTESIAN_POINT('Ctrl Pts',(-0.0878749511593896,-5.4394451280217,
8.62351286653167));
#2343=CARTESIAN_POINT('Ctrl Pts',(2.52219077001041,-4.8201489902396,8.72263370407801));
#2344=CARTESIAN_POINT('Ctrl Pts',(4.51899674237564,-3.02885406162838,8.82175454162435));
#2345=CARTESIAN_POINT('Ctrl Pts',(5.41702619646929,-0.501104602773162,8.92087537917069));
#2346=CARTESIAN_POINT('Ctrl Pts',(4.99793014361353,2.14848414401626,9.01999621671703));
#2347=CARTESIAN_POINT('Ctrl Pts',(3.36360385016262,4.27568218948397,9.11911705426337));
#2348=CARTESIAN_POINT('Ctrl Pts',(0.911439182507404,5.36325717023959,9.21823789180971));
#2349=CARTESIAN_POINT('Ctrl Pts',(-1.76235391977302,5.14679499720088,9.31735872935605));
#2350=CARTESIAN_POINT('Ctrl Pts',(-3.88981532200625,3.75588876904159,9.41127943208615));
#2351=CARTESIAN_POINT('Ctrl Pts',(-4.71749066819114,2.34815148205474,9.47215985563414));
#2352=CARTESIAN_POINT('Ctrl Pts',(-4.94985147390634,1.65581614199726,9.50000000000001));
#2353=CARTESIAN_POINT('',(-4.94961781644969,1.65585447234465,10.5));
#2354=CARTESIAN_POINT('',(-4.94961781644969,1.65585447234465,9.5));
#2355=CARTESIAN_POINT('',(-0.0452951650158834,5.21905344967133,10.5));
#2356=CARTESIAN_POINT('Origin',(0.,0.,10.5));
#2357=CARTESIAN_POINT('',(-0.0452951650158837,5.21905344967133,9.5));
#2358=CARTESIAN_POINT('',(-0.0452951650158837,5.21905344967133,9.5));
#2359=CARTESIAN_POINT('Ctrl Pts',(-5.21881007635458,-1.93438298096843E-5,
8.56077344927311));
#2360=CARTESIAN_POINT('Ctrl Pts',(-5.21886421102191,-0.41233846647278,8.57648645354305));
#2361=CARTESIAN_POINT('Ctrl Pts',(-5.06909178368358,-1.6916168668245,8.62523973699511));
#2362=CARTESIAN_POINT('Ctrl Pts',(-4.03500791502407,-3.64883547936995,8.70703329962927));
#2363=CARTESIAN_POINT('Ctrl Pts',(-1.80077302858393,-5.13346530194466,8.80615413717562));
#2364=CARTESIAN_POINT('Ctrl Pts',(0.87132506462285,-5.36993316480581,8.90527497472197));
#2365=CARTESIAN_POINT('Ctrl Pts',(3.33153925593406,-4.30068671027744,9.00439581226829));
#2366=CARTESIAN_POINT('Ctrl Pts',(4.98175198428875,-2.18581885174861,9.10351664981465));
#2367=CARTESIAN_POINT('Ctrl Pts',(5.42057699246261,0.4606647776156,9.20263748736097));
#2368=CARTESIAN_POINT('Ctrl Pts',(4.54159847790235,2.99485733970477,9.30175832490733));
#2369=CARTESIAN_POINT('Ctrl Pts',(2.55797212725209,4.80144160123831,9.40087916245366));
#2370=CARTESIAN_POINT('Ctrl Pts',(0.821477702699236,5.22657600533264,9.46695972081789));
#2371=CARTESIAN_POINT('Ctrl Pts',(-0.0452951650159578,5.21905344967133,
9.5));
#2372=CARTESIAN_POINT('Origin',(0.,0.,-2.3107734492731));
#2373=CARTESIAN_POINT('',(-5.21914802462167,0.000132760195669606,7.0642265507269));
#2374=CARTESIAN_POINT('',(-5.21960865517777,-7.41190138869863E-5,7.3107734492731));
#2375=CARTESIAN_POINT('',(-5.21925,-1.0748359095413E-13,-2.3107734492731));
#2376=CARTESIAN_POINT('Ctrl Pts',(-5.21914802462166,0.000132760195669934,
7.0642265507269));
#2377=CARTESIAN_POINT('Ctrl Pts',(-5.2185305980205,-0.63366865044402,7.08838446826345));
#2378=CARTESIAN_POINT('Ctrl Pts',(-4.94476965937686,-2.13482582924869,7.14558266498212));
#2379=CARTESIAN_POINT('Ctrl Pts',(-3.53892511330463,-4.13174219854842,7.23582114088289));
#2380=CARTESIAN_POINT('Ctrl Pts',(-1.13422528745167,-5.32060311901225,7.33494197842923));
#2381=CARTESIAN_POINT('Ctrl Pts',(1.54625674539809,-5.21578130584892,7.43406281597557));
#2382=CARTESIAN_POINT('Ctrl Pts',(3.85077281929965,-3.84276375104245,7.53318365352192));
#2383=CARTESIAN_POINT('Ctrl Pts',(5.21898934307885,-1.53539401808316,7.63230449106825));
#2384=CARTESIAN_POINT('Ctrl Pts',(5.31823010393039,1.14530044669181,7.73142532861461));
#2385=CARTESIAN_POINT('Ctrl Pts',(4.12436512061454,3.54751982445644,7.83054616616094));
#2386=CARTESIAN_POINT('Ctrl Pts',(1.92767774451975,5.08717436995339,7.92966700370728));
#2387=CARTESIAN_POINT('Ctrl Pts',(-0.737716532812191,5.38990341794693,8.02878784125362));
#2388=CARTESIAN_POINT('Ctrl Pts',(-3.22373807871178,4.38209965531247,8.12790867879996));
#2389=CARTESIAN_POINT('Ctrl Pts',(-4.85766592676483,2.39194243669959,8.22305491529107));
#2390=CARTESIAN_POINT('Ctrl Pts',(-5.21888596144813,0.762298632817527,8.28516087260004));
#2391=CARTESIAN_POINT('Ctrl Pts',(-5.21953853298759,-9.71606727750464E-5,
8.3142265507269));
#2392=CARTESIAN_POINT('Ctrl Pts',(-5.21960865517777,-7.41190138864919E-5,
7.3107734492731));
#2393=CARTESIAN_POINT('Ctrl Pts',(-5.21966066898022,-0.0749854745625009,
7.31362949084224));
#2394=CARTESIAN_POINT('Ctrl Pts',(-5.19981017179722,-1.01648551730537,7.34952581159348));
#2395=CARTESIAN_POINT('Ctrl Pts',(-4.66241748004749,-2.80306048439517,7.41846241152684));
#2396=CARTESIAN_POINT('Ctrl Pts',(-2.75607708304269,-4.69034369248517,7.51758324907319));
#2397=CARTESIAN_POINT('Ctrl Pts',(-0.179607897164075,-5.43718914748202,
7.61670408661952));
#2398=CARTESIAN_POINT('Ctrl Pts',(2.44053221310541,-4.86200446213507,7.71582492416588));
#2399=CARTESIAN_POINT('Ctrl Pts',(4.46726696014074,-3.10464340597467,7.8149457617122));
#2400=CARTESIAN_POINT('Ctrl Pts',(5.40780416101199,-0.592401116025437,7.91406659925855));
#2401=CARTESIAN_POINT('Ctrl Pts',(5.03345602416929,2.06388111002525,8.01318743680489));
#2402=CARTESIAN_POINT('Ctrl Pts',(3.435243845503,4.21833905732812,8.11230827435122));
#2403=CARTESIAN_POINT('Ctrl Pts',(1.00176616053101,5.34712540916478,8.21142911189758));
#2404=CARTESIAN_POINT('Ctrl Pts',(-1.67528661600947,5.17577990549195,8.31054994944391));
#2405=CARTESIAN_POINT('Ctrl Pts',(-3.94500079133638,3.7459654945603,8.40967078699025));
#2406=CARTESIAN_POINT('Ctrl Pts',(-5.04775765722227,1.7763793787696,8.49307862026665));
#2407=CARTESIAN_POINT('Ctrl Pts',(-5.21875038017891,0.454659256572873,8.54344617436094));
#2408=CARTESIAN_POINT('Ctrl Pts',(-5.21881007635458,-1.93438298096843E-5,
8.56077344927311));
#2409=CARTESIAN_POINT('Origin',(0.,0.,-2.3107734492731));
#2410=CARTESIAN_POINT('',(-5.21897596373796,-0.000109507235034306,5.8142265507269));
#2411=CARTESIAN_POINT('',(-5.21906340648292,0.000125043514246359,6.0607734492731));
#2412=CARTESIAN_POINT('',(-5.21925,-1.0748359095413E-13,-2.3107734492731));
#2413=CARTESIAN_POINT('Ctrl Pts',(-5.21897596373796,-0.000109507235034507,
5.8142265507269));
#2414=CARTESIAN_POINT('Ctrl Pts',(-5.21920240393365,-0.296626737711318,
5.82552750556264));
#2415=CARTESIAN_POINT('Ctrl Pts',(-5.12170283632449,-1.45991563070783,5.86986873958049));
#2416=CARTESIAN_POINT('Ctrl Pts',(-4.26866779424532,-3.37250052857038,5.94725025278046));
#2417=CARTESIAN_POINT('Ctrl Pts',(-2.13807471857889,-5.00239153311777,6.0463710903268));
#2418=CARTESIAN_POINT('Ctrl Pts',(0.512382418522468,-5.41597164043753,6.14549192787314));
#2419=CARTESIAN_POINT('Ctrl Pts',(3.03825588098128,-4.51268055090513,6.24461276541948));
#2420=CARTESIAN_POINT('Ctrl Pts',(4.82538994006909,-2.5121497724289,6.34373360296583));
#2421=CARTESIAN_POINT('Ctrl Pts',(5.43925031023784,0.0991998760706045,6.44285444051216));
#2422=CARTESIAN_POINT('Ctrl Pts',(4.73057937087347,2.68642948329205,6.5419752780585));
#2423=CARTESIAN_POINT('Ctrl Pts',(2.87168754198059,4.62046482662379,6.64109611560484));
#2424=CARTESIAN_POINT('Ctrl Pts',(0.314556715276017,5.43105317831739,6.74021695315119));
#2425=CARTESIAN_POINT('Ctrl Pts',(-2.31905728113837,4.9211033193409,6.83933779069753));
#2426=CARTESIAN_POINT('Ctrl Pts',(-4.38880205147127,3.21460745750515,6.93845862824387));
#2427=CARTESIAN_POINT('Ctrl Pts',(-5.14706586999433,1.33290097469684,7.01342154825366));
#2428=CARTESIAN_POINT('Ctrl Pts',(-5.21937503948554,0.233168299465693,7.05534418908134));
#2429=CARTESIAN_POINT('Ctrl Pts',(-5.21914802462166,0.000132760195669934,
7.0642265507269));
#2430=CARTESIAN_POINT('Ctrl Pts',(-5.21906340648292,0.000125043514246359,
6.0607734492731));
#2431=CARTESIAN_POINT('Ctrl Pts',(-5.21852314067433,-0.604358258021984,
6.08381280732354));
#2432=CARTESIAN_POINT('Ctrl Pts',(-4.96306740226524,-2.076163674326,6.13989244455609));
#2433=CARTESIAN_POINT('Ctrl Pts',(-3.60811048234981,-4.07146455030152,6.22901236097075));
#2434=CARTESIAN_POINT('Ctrl Pts',(-1.22380485626516,-5.30071566026596,6.3281331985171));
#2435=CARTESIAN_POINT('Ctrl Pts',(1.45806387996344,-5.24111959023502,6.42725403606343));
#2436=CARTESIAN_POINT('Ctrl Pts',(3.78541038931187,-3.90716687917291,6.52637487360978));
#2437=CARTESIAN_POINT('Ctrl Pts',(5.1923499539961,-1.62320263443117,6.62549571115612));
#2438=CARTESIAN_POINT('Ctrl Pts',(5.33679101382924,1.05543664515353,6.72461654870245));
#2439=CARTESIAN_POINT('Ctrl Pts',(4.18361332002832,3.47745085165778,6.82373738624881));
#2440=CARTESIAN_POINT('Ctrl Pts',(2.01320727911438,5.05393720661735,6.92285822379513));
#2441=CARTESIAN_POINT('Ctrl Pts',(-0.646701819673624,5.40157954620006,7.02197906134148));
#2442=CARTESIAN_POINT('Ctrl Pts',(-3.14936803459891,4.43585006726023,7.12109989888782));
#2443=CARTESIAN_POINT('Ctrl Pts',(-4.83623150886693,2.45046549278154,7.21736469486502));
#2444=CARTESIAN_POINT('Ctrl Pts',(-5.21905894435098,0.791630798809367,7.28058921166012));
#2445=CARTESIAN_POINT('Ctrl Pts',(-5.21960865517777,-7.41190138864919E-5,
7.3107734492731));
#2446=CARTESIAN_POINT('Origin',(0.,0.,-2.3107734492731));
#2447=CARTESIAN_POINT('',(-5.21966805777312,4.23012062513715E-5,4.5642265507269));
#2448=CARTESIAN_POINT('',(-5.21905041309368,-0.000123280577418172,4.8107734492731));
#2449=CARTESIAN_POINT('',(-5.21925,-1.0748359095413E-13,-2.3107734492731));
#2450=CARTESIAN_POINT('Ctrl Pts',(-5.21966805777312,4.23012062514879E-5,
4.5642265507269));
#2451=CARTESIAN_POINT('Ctrl Pts',(-5.21931210669147,-0.825733996497914,
4.59571082204395));
#2452=CARTESIAN_POINT('Ctrl Pts',(-4.81056814130107,-2.51843780998661,4.6602353725431));
#2453=CARTESIAN_POINT('Ctrl Pts',(-3.06180781832132,-4.49673408558935,4.75780020222437));
#2454=CARTESIAN_POINT('Ctrl Pts',(-0.540691517815799,-5.41321875000416,
4.85692103977071));
#2455=CARTESIAN_POINT('Ctrl Pts',(2.11189169822483,-5.01350157153698,4.95604187731705));
#2456=CARTESIAN_POINT('Ctrl Pts',(4.25097714638593,-3.39477213576097,5.05516271486339));
#2457=CARTESIAN_POINT('Ctrl Pts',(5.35645501049768,-0.950617837697677,5.15428355240973));
#2458=CARTESIAN_POINT('Ctrl Pts',(5.15953290118761,1.72467527215912,5.25340438995607));
#2459=CARTESIAN_POINT('Ctrl Pts',(3.70809161824387,3.98062069325177,5.35252522750242));
#2460=CARTESIAN_POINT('Ctrl Pts',(1.35504313135992,5.26869458831966,5.45164606504875));
#2461=CARTESIAN_POINT('Ctrl Pts',(-1.32747851170844,5.27570709514724,5.5507669025951));
#2462=CARTESIAN_POINT('Ctrl Pts',(-3.6872292223264,3.99995315158276,5.64988774014143));
#2463=CARTESIAN_POINT('Ctrl Pts',(-4.98362128826104,2.00796299811952,5.73770762285204));
#2464=CARTESIAN_POINT('Ctrl Pts',(-5.21854036719495,0.570292227955229,5.79248722638053));
#2465=CARTESIAN_POINT('Ctrl Pts',(-5.21897596373796,-0.000109507235034507,
5.8142265507269));
#2466=CARTESIAN_POINT('Ctrl Pts',(-5.21905041309367,-0.000123280577417895,
4.8107734492731));
#2467=CARTESIAN_POINT('Ctrl Pts',(-5.21928492756113,-0.267280547606073,
4.82095584462273));
#2468=CARTESIAN_POINT('Ctrl Pts',(-5.13373554792965,-1.40117253909891,4.86417851915447));
#2469=CARTESIAN_POINT('Ctrl Pts',(-4.3249434727891,-3.3000225445266,4.94044147286832));
#2470=CARTESIAN_POINT('Ctrl Pts',(-2.22214431910287,-4.96561773219442,5.03956231041465));
#2471=CARTESIAN_POINT('Ctrl Pts',(0.420960073116498,-5.42384342086372,5.138683147961));
#2472=CARTESIAN_POINT('Ctrl Pts',(2.96170975742476,-4.56328392169279,5.23780398550734));
#2473=CARTESIAN_POINT('Ctrl Pts',(4.78233191302354,-2.59318073239824,5.33692482305369));
#2474=CARTESIAN_POINT('Ctrl Pts',(5.44014976163025,0.00744367108260957,
5.43604566060002));
#2475=CARTESIAN_POINT('Ctrl Pts',(4.77521760280259,2.60625817659901,5.53516649814637));
#2476=CARTESIAN_POINT('Ctrl Pts',(2.94921095221036,4.57137174123559,5.6342873356927));
#2477=CARTESIAN_POINT('Ctrl Pts',(0.406115805915979,5.42497509573916,5.73340817323905));
#2478=CARTESIAN_POINT('Ctrl Pts',(-2.23572472586089,4.95951810031773,5.83252901078539));
#2479=CARTESIAN_POINT('Ctrl Pts',(-4.33395799913691,3.28817470626516,5.93164984833173));
#2480=CARTESIAN_POINT('Ctrl Pts',(-5.1356385049811,1.39164222591868,6.00773132782763));
#2481=CARTESIAN_POINT('Ctrl Pts',(-5.21929792498513,0.26251906555451,6.05077252814142));
#2482=CARTESIAN_POINT('Ctrl Pts',(-5.21906340648292,0.000125043514246359,
6.0607734492731));
#2483=CARTESIAN_POINT('Origin',(0.,0.,-2.3107734492731));
#2484=CARTESIAN_POINT('',(-5.21883462072794,5.01422669848386E-5,3.3142265507269));
#2485=CARTESIAN_POINT('',(-5.21961854256639,6.99661271365976E-5,3.5607734492731));
#2486=CARTESIAN_POINT('',(-5.21925,-1.0748359095413E-13,-2.3107734492731));
#2487=CARTESIAN_POINT('Ctrl Pts',(-5.21883462072794,5.01422669846319E-5,
3.3142265507269));
#2488=CARTESIAN_POINT('Ctrl Pts',(-5.2186696945918,-0.488735670079158,3.33285385934313));
#2489=CARTESIAN_POINT('Ctrl Pts',(-5.0297525674367,-1.84463258066528,3.38452144714148));
#2490=CARTESIAN_POINT('Ctrl Pts',(-3.87081115314467,-3.8225783928555,3.46922931412193));
#2491=CARTESIAN_POINT('Ctrl Pts',(-1.5735050673455,-5.20762578877097,3.56835015166828));
#2492=CARTESIAN_POINT('Ctrl Pts',(1.10639229456325,-5.32646042352385,3.66747098921462));
#2493=CARTESIAN_POINT('Ctrl Pts',(3.51727492710168,-4.15018814513467,3.76659182676096));
#2494=CARTESIAN_POINT('Ctrl Pts',(5.07294664820773,-1.96481471321665,3.8657126643073));
#2495=CARTESIAN_POINT('Ctrl Pts',(5.39515228645723,0.698295323462768,3.96483350185364));
#2496=CARTESIAN_POINT('Ctrl Pts',(4.40554886802326,3.19161772840884,4.06395433939999));
#2497=CARTESIAN_POINT('Ctrl Pts',(2.34475438807998,4.90891142845482,4.16307517694632));
#2498=CARTESIAN_POINT('Ctrl Pts',(-0.28615746365696,5.43262353369235,4.26219601449266));
#2499=CARTESIAN_POINT('Ctrl Pts',(-2.84749130674249,4.6354156028193,4.36131685203901));
#2500=CARTESIAN_POINT('Ctrl Pts',(-4.71646936695447,2.71112546065555,4.46043768958534));
#2501=CARTESIAN_POINT('Ctrl Pts',(-5.2092649788258,0.948243527323985,4.52807425581464));
#2502=CARTESIAN_POINT('Ctrl Pts',(-5.21968564949939,0.0408536130221913,
4.56267054286183));
#2503=CARTESIAN_POINT('Ctrl Pts',(-5.21966805777312,4.23012062514879E-5,
4.5642265507269));
#2504=CARTESIAN_POINT('Ctrl Pts',(-5.21961854256639,6.99661271364675E-5,
3.5607734492731));
#2505=CARTESIAN_POINT('Ctrl Pts',(-5.21909081010136,-0.79639047660791,3.59113916110403));
#2506=CARTESIAN_POINT('Ctrl Pts',(-4.83269777830341,-2.45995692633558,3.65454515211707));
#2507=CARTESIAN_POINT('Ctrl Pts',(-3.13721725756178,-4.44445190277288,3.75099142231222));
#2508=CARTESIAN_POINT('Ctrl Pts',(-0.631917633692695,-5.4033290609987,3.85011225985857));
#2509=CARTESIAN_POINT('Ctrl Pts',(2.02703016004117,-5.04840901349012,3.94923309740491));
#2510=CARTESIAN_POINT('Ctrl Pts',(4.19311391937378,-3.46598910794001,4.04835393495125));
#2511=CARTESIAN_POINT('Ctrl Pts',(5.33965929997565,-1.04082822664857,4.14747477249759));
#2512=CARTESIAN_POINT('Ctrl Pts',(5.18788851499034,1.6374057509476,4.24659561004393));
#2513=CARTESIAN_POINT('Ctrl Pts',(3.77470400566743,3.91751126441306,4.34571644759028));
#2514=CARTESIAN_POINT('Ctrl Pts',(1.44371576476803,5.24509004953825,4.44483728513661));
#2515=CARTESIAN_POINT('Ctrl Pts',(-1.2383060179006,5.2973467928045,4.54395812268296));
#2516=CARTESIAN_POINT('Ctrl Pts',(-3.61923879270095,4.06157548232375,4.6430789602293));
#2517=CARTESIAN_POINT('Ctrl Pts',(-4.96598241234107,2.0666447035668,4.73201740242601));
#2518=CARTESIAN_POINT('Ctrl Pts',(-5.21852396481996,0.599602969000048,4.78791556544061));
#2519=CARTESIAN_POINT('Ctrl Pts',(-5.21905041309367,-0.000123280577417895,
4.8107734492731));
#2520=CARTESIAN_POINT('Origin',(0.,0.,-2.3107734492731));
#2521=CARTESIAN_POINT('',(-5.21940268844116,-0.000123363917971639,2.0642265507269));
#2522=CARTESIAN_POINT('',(-5.21881205016863,2.39603925748788E-5,2.3107734492731));
#2523=CARTESIAN_POINT('',(-5.21925,-1.0748359095413E-13,-2.3107734492731));
#2524=CARTESIAN_POINT('Ctrl Pts',(-5.21940268844116,-0.000123363917971485,
2.0642265507269));
#2525=CARTESIAN_POINT('Ctrl Pts',(-5.21955432115487,-0.151491528585931,
2.06999689664232));
#2526=CARTESIAN_POINT('Ctrl Pts',(-5.17614749096086,-1.16948820221363,2.10880752173985));
#2527=CARTESIAN_POINT('Ctrl Pts',(-4.53477035719028,-3.00518591090339,2.18065842601951));
#2528=CARTESIAN_POINT('Ctrl Pts',(-2.54735741578005,-4.80689658201698,2.27977926356584));
#2529=CARTESIAN_POINT('Ctrl Pts',(0.0594349890987451,-5.4398301475555,2.37890010111219));
#2530=CARTESIAN_POINT('Ctrl Pts',(2.65177602119209,-4.75009141875847,2.47802093865852));
#2531=CARTESIAN_POINT('Ctrl Pts',(4.59934863596804,-2.90538752622721,2.57714177620487));
#2532=CARTESIAN_POINT('Ctrl Pts',(5.42860857389193,-0.354250623585973,2.6762626137512));
#2533=CARTESIAN_POINT('Ctrl Pts',(4.93792469664226,2.28302085911232,2.77538345129755));
#2534=CARTESIAN_POINT('Ctrl Pts',(3.24660476792613,4.36518522329767,2.87450428884388));
#2535=CARTESIAN_POINT('Ctrl Pts',(0.765886262133702,5.38597277994615,2.97362512639023));
#2536=CARTESIAN_POINT('Ctrl Pts',(-1.90105433373343,5.09718323910592,3.07274596393657));
#2537=CARTESIAN_POINT('Ctrl Pts',(-4.10576139849186,3.56903458816119,3.17186680148291));
#2538=CARTESIAN_POINT('Ctrl Pts',(-5.0854549425914,1.62334839678332,3.25236033041302));
#2539=CARTESIAN_POINT('Ctrl Pts',(-5.21896223312728,0.378250539946958,3.29981358016102));
#2540=CARTESIAN_POINT('Ctrl Pts',(-5.21883462072794,5.01422669846319E-5,
3.3142265507269));
#2541=CARTESIAN_POINT('Ctrl Pts',(-5.21881205016863,2.3960392575087E-5,
2.3107734492731));
#2542=CARTESIAN_POINT('Ctrl Pts',(-5.21873836397189,-0.459416230270585,
2.32828219840322));
#2543=CARTESIAN_POINT('Ctrl Pts',(-5.04528892121936,-1.78590795671727,2.37883122671545));
#2544=CARTESIAN_POINT('Ctrl Pts',(-3.93473474518302,-3.75674690686465,2.46242053420979));
#2545=CARTESIAN_POINT('Ctrl Pts',(-1.66111659713742,-5.18034520933988,2.56154137175613));
#2546=CARTESIAN_POINT('Ctrl Pts',(1.01639520962936,-5.3443639111724,2.66066220930248));
#2547=CARTESIAN_POINT('Ctrl Pts',(3.44677470754362,-4.20892254058499,2.75978304684881));
#2548=CARTESIAN_POINT('Ctrl Pts',(5.03908513203208,-2.0500989901314,2.85890388439516));
#2549=CARTESIAN_POINT('Ctrl Pts',(5.40616276185185,0.607197685742509,2.9580247219415));
#2550=CARTESIAN_POINT('Ctrl Pts',(4.45875418324639,3.11685674527849,3.05714555948784));
#2551=CARTESIAN_POINT('Ctrl Pts',(2.42721788987926,4.86866492503384,3.15626639703418));
#2552=CARTESIAN_POINT('Ctrl Pts',(-0.194486436090065,5.43667728151874,3.25538723458052));
#2553=CARTESIAN_POINT('Ctrl Pts',(-2.76890218618258,4.68278394980573,3.35450807212686));
#2554=CARTESIAN_POINT('Ctrl Pts',(-4.67007077436966,2.79029098833495,3.45362890967321));
#2555=CARTESIAN_POINT('Ctrl Pts',(-5.20117057883822,1.00695907791533,3.52238403538861));
#2556=CARTESIAN_POINT('Ctrl Pts',(-5.21966502446772,0.070221033505717,3.55809888192191));
#2557=CARTESIAN_POINT('Ctrl Pts',(-5.21961854256639,6.99661271364675E-5,
3.5607734492731));
#2558=CARTESIAN_POINT('Origin',(0.,0.,-2.3107734492731));
#2559=CARTESIAN_POINT('',(-5.21929443389856,0.000133921000731536,0.8142265507269));
#2560=CARTESIAN_POINT('',(-5.21948991865204,-0.000108715441440588,1.0607734492731));
#2561=CARTESIAN_POINT('',(-5.21925,-1.0748359095413E-13,-2.3107734492731));
#2562=CARTESIAN_POINT('Ctrl Pts',(-5.21929443389856,0.000133921000731504,
0.8142265507269));
#2563=CARTESIAN_POINT('Ctrl Pts',(-5.21859363957924,-0.680725357550842,
0.840180213123623));
#2564=CARTESIAN_POINT('Ctrl Pts',(-4.91419645578559,-2.22896187674998,0.899174154702459));
#2565=CARTESIAN_POINT('Ctrl Pts',(-3.42575712940222,-4.22604622862848,0.991208375463409));
#2566=CARTESIAN_POINT('Ctrl Pts',(-0.989749404001758,-5.34936300894999,
1.09032921300975));
#2567=CARTESIAN_POINT('Ctrl Pts',(1.68691174616003,-5.17200264202377,1.18945005055609));
#2568=CARTESIAN_POINT('Ctrl Pts',(3.95340728718708,-3.73709193483603,1.28857088810243));
#2569=CARTESIAN_POINT('Ctrl Pts',(5.25864811250439,-1.39352230769173,1.38769172564877));
#2570=CARTESIAN_POINT('Ctrl Pts',(5.28527031762587,1.28887632016631,1.48681256319511));
#2571=CARTESIAN_POINT('Ctrl Pts',(4.02680080968758,3.65789008608496,1.58593340074145));
#2572=CARTESIAN_POINT('Ctrl Pts',(1.78923127292668,5.13750288935358,1.6850542382878));
#2573=CARTESIAN_POINT('Ctrl Pts',(-0.883382479466839,5.36795305346433,1.78417507583414));
#2574=CARTESIAN_POINT('Ctrl Pts',(-3.3412054198873,4.29320752814213,1.88329591338048));
#2575=CARTESIAN_POINT('Ctrl Pts',(-4.89083931018143,2.29792238183141,1.9766464050114));
#2576=CARTESIAN_POINT('Ctrl Pts',(-5.21868609119647,0.715223655082494,2.03695661746021));
#2577=CARTESIAN_POINT('Ctrl Pts',(-5.21940268844116,-0.000123363917971485,
2.0642265507269));
#2578=CARTESIAN_POINT('Ctrl Pts',(-5.21948991865204,-0.00010871544144064,
1.0607734492731));
#2579=CARTESIAN_POINT('Ctrl Pts',(-5.21960298643886,-0.122128850885006,
1.06542523570241));
#2580=CARTESIAN_POINT('Ctrl Pts',(-5.18563518718904,-1.11075950223368,1.10311730131383));
#2581=CARTESIAN_POINT('Ctrl Pts',(-4.58481280678261,-2.92827192263439,1.17384964610736));
#2582=CARTESIAN_POINT('Ctrl Pts',(-2.6280714451575,-4.76324734299773,1.2729704836537));
#2583=CARTESIAN_POINT('Ctrl Pts',(-0.0323253397787042,-5.44005881819624,
1.37209132120004));
#2584=CARTESIAN_POINT('Ctrl Pts',(2.57128054062702,-4.79414238457857,1.47121215874638));
#2585=CARTESIAN_POINT('Ctrl Pts',(4.54969014735189,-2.98254998355394,1.57033299629272));
#2586=CARTESIAN_POINT('Ctrl Pts',(5.42186133466342,-0.445762835050074,1.66945383383906));
#2587=CARTESIAN_POINT('Ctrl Pts',(4.97572926999056,2.19940970892022,1.76857467138541));
#2588=CARTESIAN_POINT('Ctrl Pts',(3.3197691276743,4.3098048421277,1.86769550893175));
#2589=CARTESIAN_POINT('Ctrl Pts',(0.856620795499123,5.37228867888579,1.96681634647809));
#2590=CARTESIAN_POINT('Ctrl Pts',(-1.81481135478582,5.12852265121608,2.06593718402443));
#2591=CARTESIAN_POINT('Ctrl Pts',(-4.04497959908834,3.63777746434131,2.16505802157077));
#2592=CARTESIAN_POINT('Ctrl Pts',(-5.07141923313926,1.68208791755389,2.24667010998699));
#2593=CARTESIAN_POINT('Ctrl Pts',(-5.21887741516818,0.407580723891193,2.2952419192211));
#2594=CARTESIAN_POINT('Ctrl Pts',(-5.21881205016863,2.3960392575087E-5,
2.3107734492731));
#2595=CARTESIAN_POINT('Origin',(3.55,-3.2,-14.));
#2596=CARTESIAN_POINT('',(3.3,-3.45,-14.7));
#2597=CARTESIAN_POINT('',(3.8,-2.95,-14.7));
#2598=CARTESIAN_POINT('',(4.0875,-2.6625,-14.7));
#2599=CARTESIAN_POINT('',(3.8,-2.95,-14.));
#2600=CARTESIAN_POINT('',(3.8,-2.95,-14.));
#2601=CARTESIAN_POINT('',(3.3,-3.45,-14.));
#2602=CARTESIAN_POINT('',(3.4625,-3.2875,-14.));
#2603=CARTESIAN_POINT('',(3.3,-3.45,-14.));
#2604=CARTESIAN_POINT('Origin',(3.8,3.45,-14.));
#2605=CARTESIAN_POINT('',(3.8,2.95,-14.7));
#2606=CARTESIAN_POINT('',(3.8,3.45,-14.7));
#2607=CARTESIAN_POINT('',(3.8,2.95,-14.));
#2608=CARTESIAN_POINT('',(3.8,2.95,-14.));
#2609=CARTESIAN_POINT('',(3.8,1.725,-14.));
#2610=CARTESIAN_POINT('Origin',(2.5,5.55111512312578E-16,-14.7));
#2611=CARTESIAN_POINT('',(1.2,-3.45,-14.7));
#2612=CARTESIAN_POINT('',(3.8,-3.45,-14.7));
#2613=CARTESIAN_POINT('',(1.2,3.45,-14.7));
#2614=CARTESIAN_POINT('',(1.2,-3.45,-14.7));
#2615=CARTESIAN_POINT('',(3.3,3.45,-14.7));
#2616=CARTESIAN_POINT('',(1.2,3.45,-14.7));
#2617=CARTESIAN_POINT('',(4.0875,2.6625,-14.7));
#2618=CARTESIAN_POINT('Origin',(3.55,3.2,-14.));
#2619=CARTESIAN_POINT('',(3.3,3.45,-14.));
#2620=CARTESIAN_POINT('',(3.3,3.45,-14.));
#2621=CARTESIAN_POINT('',(3.4625,3.2875,-14.));
#2622=CARTESIAN_POINT('Origin',(-3.55,-3.2,-14.));
#2623=CARTESIAN_POINT('',(-3.8,-2.95,-14.7));
#2624=CARTESIAN_POINT('',(-3.3,-3.45,-14.7));
#2625=CARTESIAN_POINT('',(-4.0875,-2.6625,-14.7));
#2626=CARTESIAN_POINT('',(-3.3,-3.45,-14.));
#2627=CARTESIAN_POINT('',(-3.3,-3.45,-14.));
#2628=CARTESIAN_POINT('',(-3.8,-2.95,-14.));
#2629=CARTESIAN_POINT('',(-3.4625,-3.2875,-14.));
#2630=CARTESIAN_POINT('',(-3.8,-2.95,-14.));
#2631=CARTESIAN_POINT('Origin',(-1.2,-3.45,-14.));
#2632=CARTESIAN_POINT('',(-1.2,-3.45,-14.7));
#2633=CARTESIAN_POINT('',(-3.8,-3.45,-14.7));
#2634=CARTESIAN_POINT('',(-1.2,-3.45,-14.));
#2635=CARTESIAN_POINT('',(-1.2,-3.45,-14.));
#2636=CARTESIAN_POINT('',(-0.6,-3.45,-14.));
#2637=CARTESIAN_POINT('Origin',(-2.5,0.,-14.7));
#2638=CARTESIAN_POINT('',(-3.8,2.95,-14.7));
#2639=CARTESIAN_POINT('',(-3.8,3.45,-14.7));
#2640=CARTESIAN_POINT('',(-3.3,3.45,-14.7));
#2641=CARTESIAN_POINT('',(-4.0875,2.6625,-14.7));
#2642=CARTESIAN_POINT('',(-1.2,3.45,-14.7));
#2643=CARTESIAN_POINT('',(-1.2,3.45,-14.7));
#2644=CARTESIAN_POINT('',(-1.2,-3.45,-14.7));
#2645=CARTESIAN_POINT('Origin',(-3.55,3.2,-14.));
#2646=CARTESIAN_POINT('',(-3.8,2.95,-14.));
#2647=CARTESIAN_POINT('',(-3.8,2.95,-14.));
#2648=CARTESIAN_POINT('',(-3.3,3.45,-14.));
#2649=CARTESIAN_POINT('',(-3.4625,3.2875,-14.));
#2650=CARTESIAN_POINT('',(-3.3,3.45,-14.));
#2651=CARTESIAN_POINT('Origin',(-3.8,3.45,-14.));
#2652=CARTESIAN_POINT('',(-1.2,3.45,-14.));
#2653=CARTESIAN_POINT('',(-1.9,3.45,-14.));
#2654=CARTESIAN_POINT('',(-1.2,3.45,-14.));
#2655=CARTESIAN_POINT('Origin',(-1.2,3.45,-14.));
#2656=CARTESIAN_POINT('',(-1.2,1.725,-14.));
#2657=CARTESIAN_POINT('Origin',(-3.8,-3.45,-14.));
#2658=CARTESIAN_POINT('',(-3.8,-1.725,-14.));
#2659=CARTESIAN_POINT('Origin',(3.8,-3.45,-14.));
#2660=CARTESIAN_POINT('',(1.2,-3.45,-14.));
#2661=CARTESIAN_POINT('',(1.9,-3.45,-14.));
#2662=CARTESIAN_POINT('',(1.2,-3.45,-14.));
#2663=CARTESIAN_POINT('Origin',(1.2,3.45,-14.));
#2664=CARTESIAN_POINT('',(1.2,3.45,-14.));
#2665=CARTESIAN_POINT('',(1.2,3.45,-14.));
#2666=CARTESIAN_POINT('',(0.6,3.45,-14.));
#2667=CARTESIAN_POINT('Origin',(1.2,-3.45,-14.));
#2668=CARTESIAN_POINT('',(1.2,-1.725,-14.));
#2669=CARTESIAN_POINT('Ctrl Pts',(3.96868362371345,3.80782750329667,9.5));
#2670=CARTESIAN_POINT('Ctrl Pts',(3.96868362371345,3.80782750329667,10.5));
#2671=CARTESIAN_POINT('Ctrl Pts',(3.57268494877595,4.17196738316062,9.5));
#2672=CARTESIAN_POINT('Ctrl Pts',(3.57268494877595,4.17196738316062,10.5));
#2673=CARTESIAN_POINT('Ctrl Pts',(3.12474032923977,4.47645887389596,9.5));
#2674=CARTESIAN_POINT('Ctrl Pts',(3.12474032923977,4.47645887389596,10.5));
#2675=CARTESIAN_POINT('Ctrl Pts',(2.21879889344204,4.9105752889214,9.5));
#2676=CARTESIAN_POINT('Ctrl Pts',(2.21879889344204,4.9105752889214,10.5));
#2677=CARTESIAN_POINT('Ctrl Pts',(1.775232705744,5.05637205616008,9.5));
#2678=CARTESIAN_POINT('Ctrl Pts',(1.775232705744,5.05637205616008,10.5));
#2679=CARTESIAN_POINT('Ctrl Pts',(0.869006206089715,5.22703852131212,9.5));
#2680=CARTESIAN_POINT('Ctrl Pts',(0.869006206089715,5.22703852131212,10.5));
#2681=CARTESIAN_POINT('Ctrl Pts',(0.410604970962228,5.25312866683173,9.5));
#2682=CARTESIAN_POINT('Ctrl Pts',(0.410604970962228,5.25312866683173,10.5));
#2683=CARTESIAN_POINT('Ctrl Pts',(-0.0452951650159616,5.21905344967132,
9.5));
#2684=CARTESIAN_POINT('Ctrl Pts',(-0.0452951650159616,5.21905344967132,
10.5));
#2685=CARTESIAN_POINT('',(3.96858810203842,3.80769161286371,9.5));
#2686=CARTESIAN_POINT('Ctrl Pts',(3.96868362371345,3.80782750329667,9.5));
#2687=CARTESIAN_POINT('Ctrl Pts',(3.57268494877595,4.17196738316062,9.5));
#2688=CARTESIAN_POINT('Ctrl Pts',(3.12474032923977,4.47645887389596,9.5));
#2689=CARTESIAN_POINT('Ctrl Pts',(2.21879889344204,4.9105752889214,9.5));
#2690=CARTESIAN_POINT('Ctrl Pts',(1.775232705744,5.05637205616008,9.5));
#2691=CARTESIAN_POINT('Ctrl Pts',(0.869006206089715,5.22703852131212,9.5));
#2692=CARTESIAN_POINT('Ctrl Pts',(0.410604970962228,5.25312866683173,9.5));
#2693=CARTESIAN_POINT('Ctrl Pts',(-0.0452951650159616,5.21905344967132,
9.5));
#2694=CARTESIAN_POINT('',(3.96868362371364,3.80782750329687,10.5));
#2695=CARTESIAN_POINT('Ctrl Pts',(3.96868362371345,3.80782750329667,10.5));
#2696=CARTESIAN_POINT('Ctrl Pts',(3.57268494877595,4.17196738316062,10.5));
#2697=CARTESIAN_POINT('Ctrl Pts',(3.12474032923977,4.47645887389596,10.5));
#2698=CARTESIAN_POINT('Ctrl Pts',(2.21879889344204,4.9105752889214,10.5));
#2699=CARTESIAN_POINT('Ctrl Pts',(1.775232705744,5.05637205616008,10.5));
#2700=CARTESIAN_POINT('Ctrl Pts',(0.869006206089715,5.22703852131212,10.5));
#2701=CARTESIAN_POINT('Ctrl Pts',(0.410604970962228,5.25312866683173,10.5));
#2702=CARTESIAN_POINT('Ctrl Pts',(-0.0452951650159616,5.21905344967132,
10.5));
#2703=CARTESIAN_POINT('',(3.96868362371345,3.80782750329667,9.5));
#2704=CARTESIAN_POINT('Ctrl Pts',(-4.9496178164497,1.65585447234463,9.5));
#2705=CARTESIAN_POINT('Ctrl Pts',(-4.9496178164497,1.65585447234463,10.5));
#2706=CARTESIAN_POINT('Ctrl Pts',(-5.20988899592565,1.02044222771716,9.5));
#2707=CARTESIAN_POINT('Ctrl Pts',(-5.20988899592565,1.02044222771716,10.5));
#2708=CARTESIAN_POINT('Ctrl Pts',(-5.34200906348331,0.33987796546674,9.5));
#2709=CARTESIAN_POINT('Ctrl Pts',(-5.34200906348331,0.33987796546674,10.5));
#2710=CARTESIAN_POINT('Ctrl Pts',(-5.34115596550468,-1.05123403788478,9.5));
#2711=CARTESIAN_POINT('Ctrl Pts',(-5.34115596550468,-1.05123403788478,10.5));
#2712=CARTESIAN_POINT('Ctrl Pts',(-5.20161892858115,-1.74827723196753,9.5));
#2713=CARTESIAN_POINT('Ctrl Pts',(-5.20161892858115,-1.74827723196753,10.5));
#2714=CARTESIAN_POINT('Ctrl Pts',(-4.90642470749121,-2.46643017018834,9.5));
#2715=CARTESIAN_POINT('Ctrl Pts',(-4.90642470749121,-2.46643017018834,10.5));
#2716=CARTESIAN_POINT('Ctrl Pts',(-4.87776754083175,-2.53241319798312,9.5));
#2717=CARTESIAN_POINT('Ctrl Pts',(-4.87776754083175,-2.53241319798312,10.5));
#2718=CARTESIAN_POINT('Ctrl Pts',(-4.84784984496009,-2.59775901128635,9.5));
#2719=CARTESIAN_POINT('Ctrl Pts',(-4.84784984496009,-2.59775901128635,10.5));
#2720=CARTESIAN_POINT('',(-4.84766004099546,-2.59762974448878,9.5));
#2721=CARTESIAN_POINT('Ctrl Pts',(-4.9496178164497,1.65585447234463,9.5));
#2722=CARTESIAN_POINT('Ctrl Pts',(-5.20988899592565,1.02044222771716,9.5));
#2723=CARTESIAN_POINT('Ctrl Pts',(-5.34200906348331,0.33987796546674,9.5));
#2724=CARTESIAN_POINT('Ctrl Pts',(-5.34115596550468,-1.05123403788478,9.5));
#2725=CARTESIAN_POINT('Ctrl Pts',(-5.20161892858115,-1.74827723196753,9.5));
#2726=CARTESIAN_POINT('Ctrl Pts',(-4.90642470749121,-2.46643017018834,9.5));
#2727=CARTESIAN_POINT('Ctrl Pts',(-4.87776754083175,-2.53241319798312,9.5));
#2728=CARTESIAN_POINT('Ctrl Pts',(-4.84784984496009,-2.59775901128635,9.5));
#2729=CARTESIAN_POINT('',(-4.84784984496014,-2.59775901128635,10.5));
#2730=CARTESIAN_POINT('',(-4.84784984496009,-2.59775901128635,9.5));
#2731=CARTESIAN_POINT('Ctrl Pts',(-4.9496178164497,1.65585447234463,10.5));
#2732=CARTESIAN_POINT('Ctrl Pts',(-5.20988899592565,1.02044222771716,10.5));
#2733=CARTESIAN_POINT('Ctrl Pts',(-5.34200906348331,0.33987796546674,10.5));
#2734=CARTESIAN_POINT('Ctrl Pts',(-5.34115596550468,-1.05123403788478,10.5));
#2735=CARTESIAN_POINT('Ctrl Pts',(-5.20161892858115,-1.74827723196753,10.5));
#2736=CARTESIAN_POINT('Ctrl Pts',(-4.90642470749121,-2.46643017018834,10.5));
#2737=CARTESIAN_POINT('Ctrl Pts',(-4.87776754083175,-2.53241319798312,10.5));
#2738=CARTESIAN_POINT('Ctrl Pts',(-4.84784984496009,-2.59775901128635,10.5));
#2739=CARTESIAN_POINT('Origin',(0.,0.,10.5));
#2740=CARTESIAN_POINT('Origin',(0.,0.,10.5));
#2741=CARTESIAN_POINT('Origin',(0.,0.,15.55));
#2742=CARTESIAN_POINT('',(-7.02141031503819,-1.71974953356235E-15,15.5720492887014));
#2743=CARTESIAN_POINT('',(7.02141031503819,-8.59874766781173E-16,15.5720492887014));
#2744=CARTESIAN_POINT('Origin',(0.,-4.29937383390587E-16,15.5720492887014));
#2745=CARTESIAN_POINT('',(6.27173449918993,-7.68065957953498E-16,16.3));
#2746=CARTESIAN_POINT('Origin',(6.27173449918993,-7.68065957953498E-16,
15.55));
#2747=CARTESIAN_POINT('Origin',(0.,0.,16.3));
#2748=CARTESIAN_POINT('Origin',(0.,-4.29937383390587E-16,15.5720492887014));
#2749=CARTESIAN_POINT('Origin',(0.,0.,12.9));
#2750=CARTESIAN_POINT('',(-7.2,8.81745695386094E-16,9.5));
#2751=CARTESIAN_POINT('',(-7.1,-8.69499227394621E-16,12.9));
#2752=CARTESIAN_POINT('Origin',(0.,0.,9.5));
#2753=CARTESIAN_POINT('Origin',(0.,0.,16.3));
#2754=CARTESIAN_POINT('',(-5.5,-6.73555739531044E-16,16.3));
#2755=CARTESIAN_POINT('Origin',(0.,0.,16.3));
#2756=CARTESIAN_POINT('Ctrl Pts',(-2.27298430607246,4.6983095797157,-0.412083754634096));
#2757=CARTESIAN_POINT('Ctrl Pts',(-3.05327278311046,4.32081562525732,-0.379043475451982));
#2758=CARTESIAN_POINT('Ctrl Pts',(-4.42136302932678,3.16995454491115,-0.312962917087755));
#2759=CARTESIAN_POINT('Ctrl Pts',(-5.39858495784794,0.671243378042881,-0.213842079541414));
#2760=CARTESIAN_POINT('Ctrl Pts',(-5.06308200648525,-1.98999185027377,-0.114721241995073));
#2761=CARTESIAN_POINT('Ctrl Pts',(-3.49655438855603,-4.16770491919642,-0.0156004044487317));
#2762=CARTESIAN_POINT('Ctrl Pts',(-1.07983195411909,-5.33188737171465,0.0835204330976094));
#2763=CARTESIAN_POINT('Ctrl Pts',(1.5994359185447,-5.19973021465444,0.18264127064395));
#2764=CARTESIAN_POINT('Ctrl Pts',(3.8898132821666,-3.80323574560208,0.281762108190291));
#2765=CARTESIAN_POINT('Ctrl Pts',(5.23439563364635,-1.48202280018893,0.380882945736632));
#2766=CARTESIAN_POINT('Ctrl Pts',(5.30625774446037,1.19954943868486,0.480003783282973));
#2767=CARTESIAN_POINT('Ctrl Pts',(4.08792437551989,3.58945027349488,0.579124620829314));
#2768=CARTESIAN_POINT('Ctrl Pts',(1.87562942265504,5.10659407031261,0.678245458375655));
#2769=CARTESIAN_POINT('Ctrl Pts',(-0.792717298269541,5.38208901458335,0.777366295921995));
#2770=CARTESIAN_POINT('Ctrl Pts',(-3.26831797141286,4.34895196794129,0.876487133468338));
#2771=CARTESIAN_POINT('Ctrl Pts',(-4.94924064345093,2.25838476213855,0.975607971014677));
#2772=CARTESIAN_POINT('Ctrl Pts',(-5.42677581163292,-0.38129919202776,1.07472880856102));
#2773=CARTESIAN_POINT('Ctrl Pts',(-4.58481280678261,-2.92827192263439,1.17384964610736));
#2774=CARTESIAN_POINT('Ctrl Pts',(-2.6280714451575,-4.76324734299773,1.2729704836537));
#2775=CARTESIAN_POINT('Ctrl Pts',(-0.0323253397787042,-5.44005881819624,
1.37209132120004));
#2776=CARTESIAN_POINT('Ctrl Pts',(2.57128054062702,-4.79414238457857,1.47121215874638));
#2777=CARTESIAN_POINT('Ctrl Pts',(4.54969014735189,-2.98254998355394,1.57033299629272));
#2778=CARTESIAN_POINT('Ctrl Pts',(5.42186133466342,-0.445762835050074,1.66945383383906));
#2779=CARTESIAN_POINT('Ctrl Pts',(4.97572926999056,2.19940970892022,1.76857467138541));
#2780=CARTESIAN_POINT('Ctrl Pts',(3.3197691276743,4.3098048421277,1.86769550893175));
#2781=CARTESIAN_POINT('Ctrl Pts',(0.856620795499123,5.37228867888579,1.96681634647809));
#2782=CARTESIAN_POINT('Ctrl Pts',(-1.81481135478582,5.12852265121608,2.06593718402443));
#2783=CARTESIAN_POINT('Ctrl Pts',(-4.04497959908834,3.63777746434131,2.16505802157077));
#2784=CARTESIAN_POINT('Ctrl Pts',(-5.29162771448765,1.26252167049916,2.26417885911711));
#2785=CARTESIAN_POINT('Ctrl Pts',(-5.25163834648102,-1.41971106743296,2.36329969666345));
#2786=CARTESIAN_POINT('Ctrl Pts',(-3.93473474518302,-3.75674690686465,2.46242053420979));
#2787=CARTESIAN_POINT('Ctrl Pts',(-1.66111659713742,-5.18034520933988,2.56154137175613));
#2788=CARTESIAN_POINT('Ctrl Pts',(1.01639520962936,-5.3443639111724,2.66066220930248));
#2789=CARTESIAN_POINT('Ctrl Pts',(3.44677470754362,-4.20892254058499,2.75978304684881));
#2790=CARTESIAN_POINT('Ctrl Pts',(5.03908513203208,-2.0500989901314,2.85890388439516));
#2791=CARTESIAN_POINT('Ctrl Pts',(5.40616276185185,0.607197685742509,2.9580247219415));
#2792=CARTESIAN_POINT('Ctrl Pts',(4.45875418324639,3.11685674527849,3.05714555948784));
#2793=CARTESIAN_POINT('Ctrl Pts',(2.42721788987926,4.86866492503384,3.15626639703418));
#2794=CARTESIAN_POINT('Ctrl Pts',(-0.194486436090065,5.43667728151874,3.25538723458052));
#2795=CARTESIAN_POINT('Ctrl Pts',(-2.76890218618258,4.68278394980573,3.35450807212686));
#2796=CARTESIAN_POINT('Ctrl Pts',(-4.67007077436966,2.79029098833495,3.45362890967321));
#2797=CARTESIAN_POINT('Ctrl Pts',(-5.4357308890427,0.219350265812437,3.55274974721954));
#2798=CARTESIAN_POINT('Ctrl Pts',(-4.87971542695038,-2.40492457037374,3.65187058476589));
#2799=CARTESIAN_POINT('Ctrl Pts',(-3.13721725756178,-4.44445190277288,3.75099142231222));
#2800=CARTESIAN_POINT('Ctrl Pts',(-0.631917633692695,-5.4033290609987,3.85011225985857));
#2801=CARTESIAN_POINT('Ctrl Pts',(2.02703016004117,-5.04840901349012,3.94923309740491));
#2802=CARTESIAN_POINT('Ctrl Pts',(4.19311391937378,-3.46598910794001,4.04835393495125));
#2803=CARTESIAN_POINT('Ctrl Pts',(5.33965929997565,-1.04082822664857,4.14747477249759));
#2804=CARTESIAN_POINT('Ctrl Pts',(5.18788851499034,1.6374057509476,4.24659561004393));
#2805=CARTESIAN_POINT('Ctrl Pts',(3.77470400566743,3.91751126441306,4.34571644759028));
#2806=CARTESIAN_POINT('Ctrl Pts',(1.44371576476803,5.24509004953825,4.44483728513661));
#2807=CARTESIAN_POINT('Ctrl Pts',(-1.2383060179006,5.2973467928045,4.54395812268296));
#2808=CARTESIAN_POINT('Ctrl Pts',(-3.61923879270095,4.06157548232375,4.6430789602293));
#2809=CARTESIAN_POINT('Ctrl Pts',(-5.12016856212128,1.83824882229523,4.74219979777564));
#2810=CARTESIAN_POINT('Ctrl Pts',(-5.37615043481648,-0.832040467421735,
4.84132063532198));
#2811=CARTESIAN_POINT('Ctrl Pts',(-4.3249434727891,-3.3000225445266,4.94044147286832));
#2812=CARTESIAN_POINT('Ctrl Pts',(-2.22214431910287,-4.96561773219442,5.03956231041465));
#2813=CARTESIAN_POINT('Ctrl Pts',(0.420960073116498,-5.42384342086372,5.138683147961));
#2814=CARTESIAN_POINT('Ctrl Pts',(2.96170975742476,-4.56328392169279,5.23780398550734));
#2815=CARTESIAN_POINT('Ctrl Pts',(4.78233191302354,-2.59318073239824,5.33692482305369));
#2816=CARTESIAN_POINT('Ctrl Pts',(5.44014976163025,0.00744367108260957,
5.43604566060002));
#2817=CARTESIAN_POINT('Ctrl Pts',(4.77521760280259,2.60625817659901,5.53516649814637));
#2818=CARTESIAN_POINT('Ctrl Pts',(2.94921095221036,4.57137174123559,5.6342873356927));
#2819=CARTESIAN_POINT('Ctrl Pts',(0.406115805915979,5.42497509573916,5.73340817323905));
#2820=CARTESIAN_POINT('Ctrl Pts',(-2.23572472586089,4.95951810031773,5.83252901078539));
#2821=CARTESIAN_POINT('Ctrl Pts',(-4.33395799913691,3.28817470626516,5.93164984833173));
#2822=CARTESIAN_POINT('Ctrl Pts',(-5.37840723580203,0.817325175849526,6.03077068587807));
#2823=CARTESIAN_POINT('Ctrl Pts',(-5.11511890588026,-1.85225360464247,6.12989152342441));
#2824=CARTESIAN_POINT('Ctrl Pts',(-3.60811048234981,-4.07146455030152,6.22901236097075));
#2825=CARTESIAN_POINT('Ctrl Pts',(-1.22380485626516,-5.30071566026596,6.3281331985171));
#2826=CARTESIAN_POINT('Ctrl Pts',(1.45806387996344,-5.24111959023502,6.42725403606343));
#2827=CARTESIAN_POINT('Ctrl Pts',(3.78541038931187,-3.90716687917291,6.52637487360978));
#2828=CARTESIAN_POINT('Ctrl Pts',(5.1923499539961,-1.62320263443117,6.62549571115612));
#2829=CARTESIAN_POINT('Ctrl Pts',(5.33679101382924,1.05543664515353,6.72461654870245));
#2830=CARTESIAN_POINT('Ctrl Pts',(4.18361332002832,3.47745085165778,6.82373738624881));
#2831=CARTESIAN_POINT('Ctrl Pts',(2.01320727911438,5.05393720661735,6.92285822379513));
#2832=CARTESIAN_POINT('Ctrl Pts',(-0.646701819673624,5.40157954620006,7.02197906134148));
#2833=CARTESIAN_POINT('Ctrl Pts',(-3.14936803459891,4.43585006726023,7.12109989888782));
#2834=CARTESIAN_POINT('Ctrl Pts',(-4.88627838379202,2.39156191522897,7.22022073643415));
#2835=CARTESIAN_POINT('Ctrl Pts',(-5.43511026949473,-0.234224666434097,
7.3193415739805));
#2836=CARTESIAN_POINT('Ctrl Pts',(-4.66241748004749,-2.80306048439517,7.41846241152684));
#2837=CARTESIAN_POINT('Ctrl Pts',(-2.75607708304269,-4.69034369248517,7.51758324907319));
#2838=CARTESIAN_POINT('Ctrl Pts',(-0.179607897164075,-5.43718914748202,
7.61670408661952));
#2839=CARTESIAN_POINT('Ctrl Pts',(2.44053221310541,-4.86200446213507,7.71582492416588));
#2840=CARTESIAN_POINT('Ctrl Pts',(4.46726696014074,-3.10464340597467,7.8149457617122));
#2841=CARTESIAN_POINT('Ctrl Pts',(5.40780416101199,-0.592401116025437,7.91406659925855));
#2842=CARTESIAN_POINT('Ctrl Pts',(5.03345602416929,2.06388111002525,8.01318743680489));
#2843=CARTESIAN_POINT('Ctrl Pts',(3.435243845503,4.21833905732812,8.11230827435122));
#2844=CARTESIAN_POINT('Ctrl Pts',(1.00176616053101,5.34712540916478,8.21142911189758));
#2845=CARTESIAN_POINT('Ctrl Pts',(-1.67528661600947,5.17577990549195,8.31054994944391));
#2846=CARTESIAN_POINT('Ctrl Pts',(-3.94500079133638,3.7459654945603,8.40967078699025));
#2847=CARTESIAN_POINT('Ctrl Pts',(-5.25550341276725,1.40533371277219,8.5087916245366));
#2848=CARTESIAN_POINT('Ctrl Pts',(-5.28815371102183,-1.27699664647206,8.60791246208294));
#2849=CARTESIAN_POINT('Ctrl Pts',(-4.03500791502407,-3.64883547936995,8.70703329962927));
#2850=CARTESIAN_POINT('Ctrl Pts',(-1.80077302858393,-5.13346530194466,8.80615413717562));
#2851=CARTESIAN_POINT('Ctrl Pts',(0.87132506462285,-5.36993316480581,8.90527497472197));
#2852=CARTESIAN_POINT('Ctrl Pts',(3.33153925593406,-4.30068671027744,9.00439581226829));
#2853=CARTESIAN_POINT('Ctrl Pts',(4.98175198428875,-2.18581885174861,9.10351664981465));
#2854=CARTESIAN_POINT('Ctrl Pts',(5.42057699246261,0.4606647776156,9.20263748736097));
#2855=CARTESIAN_POINT('Ctrl Pts',(4.54159847790235,2.99485733970477,9.30175832490733));
#2856=CARTESIAN_POINT('Ctrl Pts',(2.55797212725209,4.80144160123831,9.40087916245366));
#2857=CARTESIAN_POINT('Ctrl Pts',(0.821477702699236,5.22657600533264,9.46695972081789));
#2858=CARTESIAN_POINT('Ctrl Pts',(-0.0452951650159578,5.21905344967133,
9.5));
#2859=CARTESIAN_POINT('Ctrl Pts',(-2.37659705684822,4.91247946124543,-0.274722503089397));
#2860=CARTESIAN_POINT('Ctrl Pts',(-3.19245455884101,4.51777765061393,-0.241682223907284));
#2861=CARTESIAN_POINT('Ctrl Pts',(-4.62290845329777,3.31445519515977,-0.175601665543056));
#2862=CARTESIAN_POINT('Ctrl Pts',(-5.6446765108274,0.701841641591487,-0.0764808279967152));
#2863=CARTESIAN_POINT('Ctrl Pts',(-5.29387984028185,-2.08070454418782,0.0226400095496258));
#2864=CARTESIAN_POINT('Ctrl Pts',(-3.65594291467453,-4.35768747646528,0.121760847095967));
#2865=CARTESIAN_POINT('Ctrl Pts',(-1.12905550522014,-5.57493855158157,0.220881684642308));
#2866=CARTESIAN_POINT('Ctrl Pts',(1.67234533317076,-5.43675708254476,0.320002522188648));
#2867=CARTESIAN_POINT('Ctrl Pts',(4.0671283006173,-3.97660417423477,0.41912335973499));
#2868=CARTESIAN_POINT('Ctrl Pts',(5.47300270576814,-1.54958000180698,0.51824419728133));
#2869=CARTESIAN_POINT('Ctrl Pts',(5.54814061173751,1.2542302460717,0.617365034827672));
#2870=CARTESIAN_POINT('Ctrl Pts',(4.27427018018706,3.75307340789842,0.716485872374013));
#2871=CARTESIAN_POINT('Ctrl Pts',(1.96112896763565,5.33937537782394,0.815606709920355));
#2872=CARTESIAN_POINT('Ctrl Pts',(-0.828852884266236,5.62742860897967,0.914727547466693));
#2873=CARTESIAN_POINT('Ctrl Pts',(-3.41730246484876,4.54719657314435,1.01384838501304));
#2874=CARTESIAN_POINT('Ctrl Pts',(-5.17484908075916,2.36133200066111,1.11296922255938));
#2875=CARTESIAN_POINT('Ctrl Pts',(-5.67415242931765,-0.398680507881554,
1.21209006010572));
#2876=CARTESIAN_POINT('Ctrl Pts',(-4.79380899977592,-3.06175560226782,1.31121089765206));
#2877=CARTESIAN_POINT('Ctrl Pts',(-2.74787064963971,-4.98037737707444,1.4103317351984));
#2878=CARTESIAN_POINT('Ctrl Pts',(-0.03379887277464,-5.68804093449569,1.50945257274474));
#2879=CARTESIAN_POINT('Ctrl Pts',(2.68849096267824,-5.0126807522874,1.60857341029108));
#2880=CARTESIAN_POINT('Ctrl Pts',(4.75708529305752,-3.11850789901189,1.70769424783742));
#2881=CARTESIAN_POINT('Ctrl Pts',(5.66901392859397,-0.466082690937226,1.80681508538376));
#2882=CARTESIAN_POINT('Ctrl Pts',(5.20254517690284,2.29966860178424,1.90593592293011));
#2883=CARTESIAN_POINT('Ctrl Pts',(3.47109899402659,4.50626494693642,2.00505676047644));
#2884=CARTESIAN_POINT('Ctrl Pts',(0.895669387588506,5.61718153032068,2.10417759802279));
#2885=CARTESIAN_POINT('Ctrl Pts',(-1.89753854128952,5.36230356113645,2.20329843556913));
#2886=CARTESIAN_POINT('Ctrl Pts',(-4.22936778952753,3.80360356740041,2.30241927311547));
#2887=CARTESIAN_POINT('Ctrl Pts',(-5.53284367982211,1.32007303275229,2.40154011066181));
#2888=CARTESIAN_POINT('Ctrl Pts',(-5.49103141826981,-1.48442782267431,2.50066094820815));
#2889=CARTESIAN_POINT('Ctrl Pts',(-4.11409748404233,-3.92799616712073,2.59978178575449));
#2890=CARTESIAN_POINT('Ctrl Pts',(-1.73683769188009,-5.4164884223281,2.69890262330083));
#2891=CARTESIAN_POINT('Ctrl Pts',(1.06272703130698,-5.58798382729057,2.79802346084717));
#2892=CARTESIAN_POINT('Ctrl Pts',(3.60389405403397,-4.40078398066052,2.89714429839351));
#2893=CARTESIAN_POINT('Ctrl Pts',(5.26878908138546,-2.14355163525642,2.99626513593986));
#2894=CARTESIAN_POINT('Ctrl Pts',(5.65259974489678,0.634876461313624,3.0953859734862));
#2895=CARTESIAN_POINT('Ctrl Pts',(4.66200406258998,3.25893696127009,3.19450681103253));
#2896=CARTESIAN_POINT('Ctrl Pts',(2.53786129451283,5.09060036213322,3.29362764857888));
#2897=CARTESIAN_POINT('Ctrl Pts',(-0.203351994280685,5.68450525231174,3.39274848612522));
#2898=CARTESIAN_POINT('Ctrl Pts',(-2.89512108323917,4.89624610395775,3.49186932367156));
#2899=CARTESIAN_POINT('Ctrl Pts',(-4.88295340534833,2.91748488228039,3.59099016121791));
#2900=CARTESIAN_POINT('Ctrl Pts',(-5.68351571905048,0.229349228129735,3.69011099876424));
#2901=CARTESIAN_POINT('Ctrl Pts',(-5.10215459515691,-2.5145517461879,3.78923183631059));
#2902=CARTESIAN_POINT('Ctrl Pts',(-3.28022559640898,-4.64704982045608,3.88835267385692));
#2903=CARTESIAN_POINT('Ctrl Pts',(-0.660723254618323,-5.64963687133466,
3.98747351140327));
#2904=CARTESIAN_POINT('Ctrl Pts',(2.11943122511945,-5.27853798689809,4.0865943489496));
#2905=CARTESIAN_POINT('Ctrl Pts',(4.38425473206736,-3.62398433240024,4.18571518649595));
#2906=CARTESIAN_POINT('Ctrl Pts',(5.58306475895652,-1.08827381409061,4.28483602404228));
#2907=CARTESIAN_POINT('Ctrl Pts',(5.4243755854554,1.71204599968952,4.38395686158863));
#2908=CARTESIAN_POINT('Ctrl Pts',(3.9467718304855,4.09608888028857,4.48307769913498));
#2909=CARTESIAN_POINT('Ctrl Pts',(1.50952676105442,5.48418462077984,4.58219853668131));
#2910=CARTESIAN_POINT('Ctrl Pts',(-1.29475352282797,5.53882345920703,4.68131937422766));
#2911=CARTESIAN_POINT('Ctrl Pts',(-3.78421982051723,4.24672018705519,4.78044021177399));
#2912=CARTESIAN_POINT('Ctrl Pts',(-5.35356865544337,1.92204439298152,4.87956104932033));
#2913=CARTESIAN_POINT('Ctrl Pts',(-5.62121932229076,-0.869968578652417,
4.97868188686668));
#2914=CARTESIAN_POINT('Ctrl Pts',(-4.5220936638257,-3.45045227364833,5.07780272441301));
#2915=CARTESIAN_POINT('Ctrl Pts',(-2.32343955678133,-5.19197271016723,5.17692356195936));
#2916=CARTESIAN_POINT('Ctrl Pts',(0.440149308618844,-5.67108636711344,5.27604439950569));
#2917=CARTESIAN_POINT('Ctrl Pts',(3.09671768253288,-4.77129873219291,5.37516523705204));
#2918=CARTESIAN_POINT('Ctrl Pts',(5.00033190682345,-2.71138946275537,5.47428607459839));
#2919=CARTESIAN_POINT('Ctrl Pts',(5.68813602353657,0.00778298677197456,
5.57340691214471));
#2920=CARTESIAN_POINT('Ctrl Pts',(4.9928932946485,2.72506303512258,5.67252774969107));
#2921=CARTESIAN_POINT('Ctrl Pts',(3.08364912609487,4.77975523058156,5.77164858723739));
#2922=CARTESIAN_POINT('Ctrl Pts',(0.424628373588385,5.67226962877129,5.87076942478375));
#2923=CARTESIAN_POINT('Ctrl Pts',(-2.33763901897983,5.18559502989585,5.96989026233008));
#2924=CARTESIAN_POINT('Ctrl Pts',(-4.53151911244399,3.43806435813703,6.06901109987644));
#2925=CARTESIAN_POINT('Ctrl Pts',(-5.62357899831922,0.85458249853399,6.16813193742276));
#2926=CARTESIAN_POINT('Ctrl Pts',(-5.34828881337477,-1.9366875756992,6.26725277496912));
#2927=CARTESIAN_POINT('Ctrl Pts',(-3.77258423220386,-4.257060042807,6.36637361251544));
#2928=CARTESIAN_POINT('Ctrl Pts',(-1.27959133364278,-5.54234589465562,6.4654944500618));
#2929=CARTESIAN_POINT('Ctrl Pts',(1.52452892726103,-5.48003317025325,6.56461528760813));
#2930=CARTESIAN_POINT('Ctrl Pts',(3.9579662587932,-4.08527295188512,6.66373612515448));
#2931=CARTESIAN_POINT('Ctrl Pts',(5.42904039672668,-1.69719544184764,6.76285696270081));
#2932=CARTESIAN_POINT('Ctrl Pts',(5.58006572354938,1.10354814939126,6.86197780024715));
#2933=CARTESIAN_POINT('Ctrl Pts',(4.37432105307875,3.63596855345854,6.96109863779349));
#2934=CARTESIAN_POINT('Ctrl Pts',(2.10497823569933,5.28431817969606,7.06021947533984));
#2935=CARTESIAN_POINT('Ctrl Pts',(-0.676181369659539,5.64780760585744,7.15934031288617));
#2936=CARTESIAN_POINT('Ctrl Pts',(-3.29293025999495,4.63805587495974,7.25846115043252));
#2937=CARTESIAN_POINT('Ctrl Pts',(-5.10901672080924,2.50057996169125,7.35758198797885));
#2938=CARTESIAN_POINT('Ctrl Pts',(-5.68286680889866,-0.244901670196914,
7.45670282552521));
#2939=CARTESIAN_POINT('Ctrl Pts',(-4.87495123977567,-2.9308364688589,7.55582366307153));
#2940=CARTESIAN_POINT('Ctrl Pts',(-2.88171135476257,-4.90415045338704,7.6549445006179));
#2941=CARTESIAN_POINT('Ctrl Pts',(-0.187795225266831,-5.68504045140598,
7.75406533816421));
#2942=CARTESIAN_POINT('Ctrl Pts',(2.5517825439067,-5.08363628566329,7.85318617571058));
#2943=CARTESIAN_POINT('Ctrl Pts',(4.67090488977945,-3.2461668835506,7.95230701325689));
#2944=CARTESIAN_POINT('Ctrl Pts',(5.65431596634304,-0.619405398030402,8.05142785080326));
#2945=CARTESIAN_POINT('Ctrl Pts',(5.26290337370871,2.15796200557413,8.15054868834958));
#2946=CARTESIAN_POINT('Ctrl Pts',(3.59183756393176,4.41062974418721,8.24966952589593));
#2947=CARTESIAN_POINT('Ctrl Pts',(1.04743112497859,5.59087120666387,8.34879036344227));
#2948=CARTESIAN_POINT('Ctrl Pts',(-1.7516536433395,5.41171501159243,8.44791120098862));
#2949=CARTESIAN_POINT('Ctrl Pts',(-4.12483150231441,3.91672329001255,8.54703203853494));
#2950=CARTESIAN_POINT('Ctrl Pts',(-5.49507267149616,1.46939508413725,8.6461528760813));
#2951=CARTESIAN_POINT('Ctrl Pts',(-5.52921131580169,-1.33520784261578,8.74527371362763));
#2952=CARTESIAN_POINT('Ctrl Pts',(-4.21894155167994,-3.81516565601731,8.84439455117397));
#2953=CARTESIAN_POINT('Ctrl Pts',(-1.88286028563886,-5.36747151990464,8.94351538872031));
#2954=CARTESIAN_POINT('Ctrl Pts',(0.911043942806144,-5.61471864141517,9.04263622626666));
#2955=CARTESIAN_POINT('Ctrl Pts',(3.48340565716814,-4.4967311700153,9.14175706381299));
#2956=CARTESIAN_POINT('Ctrl Pts',(5.20884243334983,-2.28545821279573,9.24087790135935));
#2957=CARTESIAN_POINT('Ctrl Pts',(5.66767104035392,0.481663930432768,9.33999873890568));
#2958=CARTESIAN_POINT('Ctrl Pts',(4.74862476926624,3.13137627928512,9.43911957645202));
#2959=CARTESIAN_POINT('Ctrl Pts',(2.67457589253294,5.02031269976037,9.53824041399836));
#2960=CARTESIAN_POINT('Ctrl Pts',(0.858924316056943,5.46482662395959,9.60432097236259));
#2961=CARTESIAN_POINT('Ctrl Pts',(-0.0473599204265413,5.45696115669838,
9.6373612515447));
#2962=CARTESIAN_POINT('Ctrl Pts',(-2.48020980762398,5.12664934277516,-0.137361251544699));
#2963=CARTESIAN_POINT('Ctrl Pts',(-3.33163633457156,4.71473967597054,-0.104320972362585));
#2964=CARTESIAN_POINT('Ctrl Pts',(-4.82445387726878,3.45895584540839,-0.0382404139983579));
#2965=CARTESIAN_POINT('Ctrl Pts',(-5.89076806380684,0.732439905140091,0.0608804235479834));
#2966=CARTESIAN_POINT('Ctrl Pts',(-5.52467767407847,-2.17141723810188,0.160001261094324));
#2967=CARTESIAN_POINT('Ctrl Pts',(-3.81533144079303,-4.54767003373413,0.259122098640666));
#2968=CARTESIAN_POINT('Ctrl Pts',(-1.1782790563212,-5.81798973144849,0.358242936187007));
#2969=CARTESIAN_POINT('Ctrl Pts',(1.74525474779682,-5.67378395043508,0.457363773733347));
#2970=CARTESIAN_POINT('Ctrl Pts',(4.24444331906799,-4.14997260286747,0.556484611279689));
#2971=CARTESIAN_POINT('Ctrl Pts',(5.71160977788993,-1.61713720342502,0.655605448826029));
#2972=CARTESIAN_POINT('Ctrl Pts',(5.79002347901466,1.30891105345854,0.754726286372371));
#2973=CARTESIAN_POINT('Ctrl Pts',(4.46061598485423,3.91669654230195,0.85384712391871));
#2974=CARTESIAN_POINT('Ctrl Pts',(2.04662851261626,5.57215668533528,0.952967961465054));
#2975=CARTESIAN_POINT('Ctrl Pts',(-0.864988470262936,5.87276820337598,1.05208879901139));
#2976=CARTESIAN_POINT('Ctrl Pts',(-3.56628695828466,4.7454411783474,1.15120963655774));
#2977=CARTESIAN_POINT('Ctrl Pts',(-5.4004575180674,2.46427923918366,1.25033047410407));
#2978=CARTESIAN_POINT('Ctrl Pts',(-5.92152904700238,-0.416061823735348,
1.34945131165042));
#2979=CARTESIAN_POINT('Ctrl Pts',(-5.00280519276924,-3.19523928190124,1.44857214919676));
#2980=CARTESIAN_POINT('Ctrl Pts',(-2.86766985412191,-5.19750741115115,1.5476929867431));
#2981=CARTESIAN_POINT('Ctrl Pts',(-0.0352724057705761,-5.93602305079513,
1.64681382428944));
#2982=CARTESIAN_POINT('Ctrl Pts',(2.80570138472946,-5.23121911999624,1.74593466183578));
#2983=CARTESIAN_POINT('Ctrl Pts',(4.96448043876316,-3.25446581446984,1.84505549938212));
#2984=CARTESIAN_POINT('Ctrl Pts',(5.91616652252452,-0.486402546824378,1.94417633692846));
#2985=CARTESIAN_POINT('Ctrl Pts',(5.42936108381512,2.39992749464827,2.0432971744748));
#2986=CARTESIAN_POINT('Ctrl Pts',(3.62242886037888,4.70272505174514,2.14241801202114));
#2987=CARTESIAN_POINT('Ctrl Pts',(0.934717979677891,5.86207438175557,2.24153884956749));
#2988=CARTESIAN_POINT('Ctrl Pts',(-1.98026572779322,5.59608447105681,2.34065968711383));
#2989=CARTESIAN_POINT('Ctrl Pts',(-4.41375597996672,3.96942967045952,2.43978052466016));
#2990=CARTESIAN_POINT('Ctrl Pts',(-5.77405964515656,1.37762439500542,2.53890136220651));
#2991=CARTESIAN_POINT('Ctrl Pts',(-5.73042449005859,-1.54914457791565,2.63802219975285));
#2992=CARTESIAN_POINT('Ctrl Pts',(-4.29346022290165,-4.09924542737681,2.73714303729919));
#2993=CARTESIAN_POINT('Ctrl Pts',(-1.81255878662274,-5.65263163531631,2.83626387484553));
#2994=CARTESIAN_POINT('Ctrl Pts',(1.10905885298461,-5.83160374340875,2.93538471239187));
#2995=CARTESIAN_POINT('Ctrl Pts',(3.76101340052432,-4.59264542073604,3.03450554993821));
#2996=CARTESIAN_POINT('Ctrl Pts',(5.49849303073883,-2.23700428038145,3.13362638748455));
#2997=CARTESIAN_POINT('Ctrl Pts',(5.89903672794172,0.66255523688474,3.23274722503089));
#2998=CARTESIAN_POINT('Ctrl Pts',(4.86525394193356,3.40101717726169,3.33186806257724));
#2999=CARTESIAN_POINT('Ctrl Pts',(2.64850469914642,5.31253579923261,3.43098890012357));
#3000=CARTESIAN_POINT('Ctrl Pts',(-0.212217552471311,5.93233322310473,3.53010973766992));
#3001=CARTESIAN_POINT('Ctrl Pts',(-3.02133998029575,5.10970825810978,3.62923057521626));
#3002=CARTESIAN_POINT('Ctrl Pts',(-5.09583603632701,3.04467877622583,3.72835141276261));
#3003=CARTESIAN_POINT('Ctrl Pts',(-5.93130054905823,0.239348190447035,3.82747225030894));
#3004=CARTESIAN_POINT('Ctrl Pts',(-5.32459376336346,-2.62417892200207,3.92659308785528));
#3005=CARTESIAN_POINT('Ctrl Pts',(-3.42323393525618,-4.84964773813927,4.02571392540162));
#3006=CARTESIAN_POINT('Ctrl Pts',(-0.689528875543957,-5.89594468167062,
4.12483476294797));
#3007=CARTESIAN_POINT('Ctrl Pts',(2.21183229019772,-5.50866696030606,4.2239556004943));
#3008=CARTESIAN_POINT('Ctrl Pts',(4.57539554476095,-3.78197955686047,4.32307643804065));
#3009=CARTESIAN_POINT('Ctrl Pts',(5.82647021793737,-1.13571940153264,4.42219727558698));
#3010=CARTESIAN_POINT('Ctrl Pts',(5.66086265592047,1.78668624843144,4.52131811313333));
#3011=CARTESIAN_POINT('Ctrl Pts',(4.11883965530357,4.27466649616408,4.62043895067967));
#3012=CARTESIAN_POINT('Ctrl Pts',(1.57533775734081,5.72327919202141,4.71955978822601));
#3013=CARTESIAN_POINT('Ctrl Pts',(-1.35120102775534,5.78030012560956,4.81868062577235));
#3014=CARTESIAN_POINT('Ctrl Pts',(-3.9492008483335,4.43186489178662,4.91780146331869));
#3015=CARTESIAN_POINT('Ctrl Pts',(-5.58696874876547,2.00583996366781,5.01692230086504));
#3016=CARTESIAN_POINT('Ctrl Pts',(-5.86628820976502,-0.907896689883096,
5.11604313841137));
#3017=CARTESIAN_POINT('Ctrl Pts',(-4.7192438548623,-3.60088200277006,5.21516397595772));
#3018=CARTESIAN_POINT('Ctrl Pts',(-2.42473479445977,-5.41832768814004,5.31428481350405));
#3019=CARTESIAN_POINT('Ctrl Pts',(0.459338544121187,-5.91832931336316,5.4134056510504));
#3020=CARTESIAN_POINT('Ctrl Pts',(3.23172560764101,-4.97931354269303,5.51252648859673));
#3021=CARTESIAN_POINT('Ctrl Pts',(5.21833190062336,-2.8295981931125,5.61164732614309));
#3022=CARTESIAN_POINT('Ctrl Pts',(5.93612228544288,0.0081223024613402,5.71076816368941));
#3023=CARTESIAN_POINT('Ctrl Pts',(5.21056898649442,2.84386789364615,5.80988900123577));
#3024=CARTESIAN_POINT('Ctrl Pts',(3.21808729997938,4.98813871992754,5.90900983878209));
#3025=CARTESIAN_POINT('Ctrl Pts',(0.443140941260792,5.91956416180342,6.00813067632845));
#3026=CARTESIAN_POINT('Ctrl Pts',(-2.43955331209878,5.41167195947398,6.10725151387478));
#3027=CARTESIAN_POINT('Ctrl Pts',(-4.72908022575106,3.58795401000891,6.20637235142113));
#3028=CARTESIAN_POINT('Ctrl Pts',(-5.86875076083644,0.891839821218456,6.30549318896746));
#3029=CARTESIAN_POINT('Ctrl Pts',(-5.58145872086926,-2.02112154675593,6.40461402651381));
#3030=CARTESIAN_POINT('Ctrl Pts',(-3.93705798205791,-4.44265553531248,6.50373486406015));
#3031=CARTESIAN_POINT('Ctrl Pts',(-1.33537781102039,-5.78397612904529,6.60285570160649));
#3032=CARTESIAN_POINT('Ctrl Pts',(1.59099397455862,-5.71894675027147,6.70197653915283));
#3033=CARTESIAN_POINT('Ctrl Pts',(4.13052212827453,-4.26337902459734,6.80109737669917));
#3034=CARTESIAN_POINT('Ctrl Pts',(5.66573083945726,-1.77118824926412,6.90021821424552));
#3035=CARTESIAN_POINT('Ctrl Pts',(5.82334043326954,1.15165965362898,6.99933905179185));
#3036=CARTESIAN_POINT('Ctrl Pts',(4.56502878612916,3.79448625525928,7.09845988933819));
#3037=CARTESIAN_POINT('Ctrl Pts',(2.19674919228428,5.51469915277477,7.19758072688454));
#3038=CARTESIAN_POINT('Ctrl Pts',(-0.705660919645455,5.89403566551481,7.29670156443087));
#3039=CARTESIAN_POINT('Ctrl Pts',(-3.436492485391,4.84026168265925,7.39582240197722));
#3040=CARTESIAN_POINT('Ctrl Pts',(-5.33175505782647,2.60959800815353,7.49494323952355));
#3041=CARTESIAN_POINT('Ctrl Pts',(-5.93062334830258,-0.25557867395973,7.5940640770699));
#3042=CARTESIAN_POINT('Ctrl Pts',(-5.08748499950386,-3.05861245332264,7.69318491461623));
#3043=CARTESIAN_POINT('Ctrl Pts',(-3.00734562648243,-5.11795721428891,7.79230575216259));
#3044=CARTESIAN_POINT('Ctrl Pts',(-0.195982553369588,-5.93289175532993,
7.89142658970891));
#3045=CARTESIAN_POINT('Ctrl Pts',(2.663032874708,-5.30526810919151,7.99054742725527));
#3046=CARTESIAN_POINT('Ctrl Pts',(4.87454281941815,-3.38769036112652,8.08966826480159));
#3047=CARTESIAN_POINT('Ctrl Pts',(5.90082777167409,-0.646409680035367,8.18878910234796));
#3048=CARTESIAN_POINT('Ctrl Pts',(5.49235072324813,2.252042901123,8.28790993989427));
#3049=CARTESIAN_POINT('Ctrl Pts',(3.74843128236052,4.60292043104629,8.38703077744064));
#3050=CARTESIAN_POINT('Ctrl Pts',(1.09309608942617,5.83461700416296,8.48615161498696));
#3051=CARTESIAN_POINT('Ctrl Pts',(-1.82802067066952,5.64765011769292,8.58527245253332));
#3052=CARTESIAN_POINT('Ctrl Pts',(-4.30466221329245,4.0874810854648,8.68439329007964));
#3053=CARTESIAN_POINT('Ctrl Pts',(-5.73464193022506,1.53345645550231,8.783514127626));
#3054=CARTESIAN_POINT('Ctrl Pts',(-5.77026892058155,-1.39341903875951,8.88263496517233));
#3055=CARTESIAN_POINT('Ctrl Pts',(-4.40287518833581,-3.98149583266467,8.98175580271868));
#3056=CARTESIAN_POINT('Ctrl Pts',(-1.9649475426938,-5.60147773786463,9.08087664026501));
#3057=CARTESIAN_POINT('Ctrl Pts',(0.950762820989438,-5.85950411802452,9.17999747781137));
#3058=CARTESIAN_POINT('Ctrl Pts',(3.63527205840222,-4.69277562975317,9.27911831535768));
#3059=CARTESIAN_POINT('Ctrl Pts',(5.4359328824109,-2.38509757384286,9.37823915290405));
#3060=CARTESIAN_POINT('Ctrl Pts',(5.91476508824524,0.502663083249941,9.47735999045037));
#3061=CARTESIAN_POINT('Ctrl Pts',(4.95565106063012,3.26789521886547,9.57648082799673));
#3062=CARTESIAN_POINT('Ctrl Pts',(2.79117965781379,5.23918379828243,9.67560166554305));
#3063=CARTESIAN_POINT('Ctrl Pts',(0.896370929414653,5.70307724258654,9.74168222390729));
#3064=CARTESIAN_POINT('Ctrl Pts',(-0.0494246758371248,5.69486886372544,
9.7747225030894));
#3065=CARTESIAN_POINT('Ctrl Pts',(-2.58382255839974,5.34081922430488,0.));
#3066=CARTESIAN_POINT('Ctrl Pts',(-3.47081811030211,4.91170170132715,0.0330402791821136));
#3067=CARTESIAN_POINT('Ctrl Pts',(-5.02599930123977,3.60345649565702,0.0991208375463407));
#3068=CARTESIAN_POINT('Ctrl Pts',(-6.1368596167863,0.763038168688699,0.198241675092682));
#3069=CARTESIAN_POINT('Ctrl Pts',(-5.75547550787507,-2.26212993201594,0.297362512639023));
#3070=CARTESIAN_POINT('Ctrl Pts',(-3.97471996691153,-4.73765259100299,0.396483350185364));
#3071=CARTESIAN_POINT('Ctrl Pts',(-1.22750260742225,-6.06104091131541,0.495604187731705));
#3072=CARTESIAN_POINT('Ctrl Pts',(1.81816416242288,-5.9108108183254,0.594725025278046));
#3073=CARTESIAN_POINT('Ctrl Pts',(4.42175833751869,-4.32334103150016,0.693845862824387));
#3074=CARTESIAN_POINT('Ctrl Pts',(5.95021685001172,-1.68469440504306,0.792966700370728));
#3075=CARTESIAN_POINT('Ctrl Pts',(6.0319063462918,1.36359186084537,0.892087537917069));
#3076=CARTESIAN_POINT('Ctrl Pts',(4.64696178952139,4.08031967670549,0.99120837546341));
#3077=CARTESIAN_POINT('Ctrl Pts',(2.13212805759687,5.8049379928466,1.09032921300975));
#3078=CARTESIAN_POINT('Ctrl Pts',(-0.901124056259637,6.1181077977723,1.18945005055609));
#3079=CARTESIAN_POINT('Ctrl Pts',(-3.71527145172055,4.94368578355045,1.28857088810243));
#3080=CARTESIAN_POINT('Ctrl Pts',(-5.62606595537564,2.56722647770621,1.38769172564877));
#3081=CARTESIAN_POINT('Ctrl Pts',(-6.1689056646871,-0.433443139589144,1.48681256319511));
#3082=CARTESIAN_POINT('Ctrl Pts',(-5.21180138576256,-3.32872296153466,1.58593340074146));
#3083=CARTESIAN_POINT('Ctrl Pts',(-2.98746905860411,-5.41463744522786,1.6850542382878));
#3084=CARTESIAN_POINT('Ctrl Pts',(-0.0367459387665132,-6.18400516709457,
1.78417507583414));
#3085=CARTESIAN_POINT('Ctrl Pts',(2.92291180678068,-5.44975748770507,1.88329591338048));
#3086=CARTESIAN_POINT('Ctrl Pts',(5.17187558446879,-3.39042372992779,1.98241675092682));
#3087=CARTESIAN_POINT('Ctrl Pts',(6.16331911645506,-0.506722402711531,2.08153758847316));
#3088=CARTESIAN_POINT('Ctrl Pts',(5.6561769907274,2.5001863875123,2.18065842601951));
#3089=CARTESIAN_POINT('Ctrl Pts',(3.77375872673117,4.89918515655385,2.27977926356584));
#3090=CARTESIAN_POINT('Ctrl Pts',(0.973766571767277,6.10696723319046,2.37890010111218));
#3091=CARTESIAN_POINT('Ctrl Pts',(-2.06299291429691,5.82986538097717,2.47802093865853));
#3092=CARTESIAN_POINT('Ctrl Pts',(-4.59814417040591,4.13525577351862,2.57714177620487));
#3093=CARTESIAN_POINT('Ctrl Pts',(-6.01527561049101,1.43517575725854,2.6762626137512));
#3094=CARTESIAN_POINT('Ctrl Pts',(-5.96981756184738,-1.61386133315701,2.77538345129755));
#3095=CARTESIAN_POINT('Ctrl Pts',(-4.47282296176096,-4.27049468763288,2.87450428884389));
#3096=CARTESIAN_POINT('Ctrl Pts',(-1.88827988136541,-5.88877484830454,2.97362512639023));
#3097=CARTESIAN_POINT('Ctrl Pts',(1.15539067466224,-6.07522365952692,3.07274596393657));
#3098=CARTESIAN_POINT('Ctrl Pts',(3.91813274701466,-4.78450686081158,3.17186680148291));
#3099=CARTESIAN_POINT('Ctrl Pts',(5.72819698009222,-2.33045692550647,3.27098763902925));
#3100=CARTESIAN_POINT('Ctrl Pts',(6.14547371098664,0.690234012455856,3.3701084765756));
#3101=CARTESIAN_POINT('Ctrl Pts',(5.06850382127717,3.54309739325329,3.46922931412193));
#3102=CARTESIAN_POINT('Ctrl Pts',(2.75914810377999,5.53447123633199,3.56835015166828));
#3103=CARTESIAN_POINT('Ctrl Pts',(-0.221083110661929,6.18016119389772,3.66747098921462));
#3104=CARTESIAN_POINT('Ctrl Pts',(-3.14755887735234,5.32317041226181,3.76659182676096));
#3105=CARTESIAN_POINT('Ctrl Pts',(-5.30871866730568,3.17187267017126,3.8657126643073));
#3106=CARTESIAN_POINT('Ctrl Pts',(-6.17908537906601,0.249347152764337,3.96483350185364));
#3107=CARTESIAN_POINT('Ctrl Pts',(-5.54703293157,-2.73380609781623,4.06395433939998));
#3108=CARTESIAN_POINT('Ctrl Pts',(-3.56624227410338,-5.05224565582247,4.16307517694632));
#3109=CARTESIAN_POINT('Ctrl Pts',(-0.718334496469582,-6.14225249200658,
4.26219601449267));
#3110=CARTESIAN_POINT('Ctrl Pts',(2.30423335527599,-5.73879593371402,4.361316852039));
#3111=CARTESIAN_POINT('Ctrl Pts',(4.76653635745454,-3.93997478132071,4.46043768958535));
#3112=CARTESIAN_POINT('Ctrl Pts',(6.06987567691824,-1.18316498897467,4.55955852713168));
#3113=CARTESIAN_POINT('Ctrl Pts',(5.89734972638553,1.86132649717336,4.65867936467802));
#3114=CARTESIAN_POINT('Ctrl Pts',(4.29090748012165,4.45324411203959,4.75780020222437));
#3115=CARTESIAN_POINT('Ctrl Pts',(1.64114875362721,5.962373763263,4.85692103977071));
#3116=CARTESIAN_POINT('Ctrl Pts',(-1.40764853268271,6.02177679201209,4.95604187731705));
#3117=CARTESIAN_POINT('Ctrl Pts',(-4.11418187614977,4.61700959651806,5.05516271486339));
#3118=CARTESIAN_POINT('Ctrl Pts',(-5.82036884208757,2.0896355343541,5.15428355240974));
#3119=CARTESIAN_POINT('Ctrl Pts',(-6.11135709723929,-0.945824801113775,
5.25340438995607));
#3120=CARTESIAN_POINT('Ctrl Pts',(-4.9163940458989,-3.7513117318918,5.35252522750242));
#3121=CARTESIAN_POINT('Ctrl Pts',(-2.52603003213822,-5.64468266611285,5.45164606504875));
#3122=CARTESIAN_POINT('Ctrl Pts',(0.478527779623531,-6.16557225961287,5.5507669025951));
#3123=CARTESIAN_POINT('Ctrl Pts',(3.36673353274915,-5.18732835319315,5.64988774014143));
#3124=CARTESIAN_POINT('Ctrl Pts',(5.43633189442327,-2.94780692346962,5.74900857768779));
#3125=CARTESIAN_POINT('Ctrl Pts',(6.18410854734919,0.00846161815069972,
5.84812941523411));
#3126=CARTESIAN_POINT('Ctrl Pts',(5.42824467834034,2.96267275216973,5.94725025278047));
#3127=CARTESIAN_POINT('Ctrl Pts',(3.35252547386389,5.1965222092735,6.04637109032679));
#3128=CARTESIAN_POINT('Ctrl Pts',(0.461653508933199,6.16685869483556,6.14549192787315));
#3129=CARTESIAN_POINT('Ctrl Pts',(-2.54146760521773,5.63774888905209,6.24461276541948));
#3130=CARTESIAN_POINT('Ctrl Pts',(-4.92664133905814,3.73784366188078,6.34373360296582));
#3131=CARTESIAN_POINT('Ctrl Pts',(-6.11392252335363,0.92909714390292,6.44285444051217));
#3132=CARTESIAN_POINT('Ctrl Pts',(-5.81462862836377,-2.10555551781266,6.5419752780585));
#3133=CARTESIAN_POINT('Ctrl Pts',(-4.10153173191196,-4.62825102781795,6.64109611560485));
#3134=CARTESIAN_POINT('Ctrl Pts',(-1.391164288398,-6.02560636343496,6.74021695315119));
#3135=CARTESIAN_POINT('Ctrl Pts',(1.65745902185621,-5.95786033028968,6.83933779069753));
#3136=CARTESIAN_POINT('Ctrl Pts',(4.30307799775586,-4.44148509730956,6.93845862824387));
#3137=CARTESIAN_POINT('Ctrl Pts',(5.90242128218783,-1.84518105668059,7.03757946579021));
#3138=CARTESIAN_POINT('Ctrl Pts',(6.06661514298968,1.19977115786671,7.13670030333655));
#3139=CARTESIAN_POINT('Ctrl Pts',(4.75573651917959,3.95300395706004,7.23582114088289));
#3140=CARTESIAN_POINT('Ctrl Pts',(2.28852014886923,5.74508012585347,7.33494197842923));
#3141=CARTESIAN_POINT('Ctrl Pts',(-0.735140469631368,6.1402637251722,7.43406281597557));
#3142=CARTESIAN_POINT('Ctrl Pts',(-3.58005471078705,5.04246749035876,7.53318365352192));
#3143=CARTESIAN_POINT('Ctrl Pts',(-5.5544933948437,2.71861605461581,7.63230449106825));
#3144=CARTESIAN_POINT('Ctrl Pts',(-6.17837988770652,-0.266255677722553,
7.73142532861459));
#3145=CARTESIAN_POINT('Ctrl Pts',(-5.30001875923204,-3.18638843778636,7.83054616616094));
#3146=CARTESIAN_POINT('Ctrl Pts',(-3.13297989820231,-5.33176397519079,7.92966700370728));
#3147=CARTESIAN_POINT('Ctrl Pts',(-0.204169881472344,-6.18074305925387,
8.02878784125362));
#3148=CARTESIAN_POINT('Ctrl Pts',(2.77428320550929,-5.52689993271973,8.12790867879997));
#3149=CARTESIAN_POINT('Ctrl Pts',(5.07818074905685,-3.52921383870245,8.22702951634629));
#3150=CARTESIAN_POINT('Ctrl Pts',(6.14733957700515,-0.673413962040335,8.32615035389265));
#3151=CARTESIAN_POINT('Ctrl Pts',(5.72179807278755,2.34612379667188,8.42527119143898));
#3152=CARTESIAN_POINT('Ctrl Pts',(3.90502500078927,4.79521111790538,8.52439202898533));
#3153=CARTESIAN_POINT('Ctrl Pts',(1.13876105387375,6.07836280166205,8.62351286653166));
#3154=CARTESIAN_POINT('Ctrl Pts',(-1.90438769799954,5.88358522379341,8.72263370407802));
#3155=CARTESIAN_POINT('Ctrl Pts',(-4.48449292427048,4.25823888091705,8.82175454162434));
#3156=CARTESIAN_POINT('Ctrl Pts',(-5.97421118895398,1.59751782686737,8.92087537917069));
#3157=CARTESIAN_POINT('Ctrl Pts',(-6.01132652536141,-1.45163023490323,9.01999621671704));
#3158=CARTESIAN_POINT('Ctrl Pts',(-4.58680882499169,-4.14782600931204,9.11911705426337));
#3159=CARTESIAN_POINT('Ctrl Pts',(-2.04703479974873,-5.83548395582461,9.21823789180971));
#3160=CARTESIAN_POINT('Ctrl Pts',(0.990481699172735,-6.10428959463388,9.31735872935607));
#3161=CARTESIAN_POINT('Ctrl Pts',(3.78713845963629,-4.88882008949103,9.41647956690238));
#3162=CARTESIAN_POINT('Ctrl Pts',(5.66302333147198,-2.48473693488999,9.51560040444875));
#3163=CARTESIAN_POINT('Ctrl Pts',(6.16185913613655,0.523662236067113,9.61472124199507));
#3164=CARTESIAN_POINT('Ctrl Pts',(5.16267735199401,3.40441415844581,9.71384207954143));
#3165=CARTESIAN_POINT('Ctrl Pts',(2.90778342309464,5.45805489680449,9.81296291708775));
#3166=CARTESIAN_POINT('Ctrl Pts',(0.93381754277236,5.94132786121349,9.87904347545198));
#3167=CARTESIAN_POINT('Ctrl Pts',(-0.0514894312477083,5.9327765707525,9.9120837546341));
#3168=CARTESIAN_POINT('',(5.2296111354013,-2.80208072197907,9.5));
#3169=CARTESIAN_POINT('Ctrl Pts',(5.22988029925144,-2.80208238848703,9.50000000000001));
#3170=CARTESIAN_POINT('Ctrl Pts',(5.29522748220507,-2.66139189482277,9.50000000000001));
#3171=CARTESIAN_POINT('Ctrl Pts',(5.35492990724895,-2.51832391268762,9.50000000000001));
#3172=CARTESIAN_POINT('Ctrl Pts',(5.40876926695088,-2.37316005493382,9.50000000000001));
#3173=CARTESIAN_POINT('Ctrl Pts',(5.46689498749746,-2.21643913782082,9.50000000000001));
#3174=CARTESIAN_POINT('Ctrl Pts',(5.51818763190128,-2.05727483096015,9.50000000000001));
#3175=CARTESIAN_POINT('Ctrl Pts',(5.56259730480981,-1.89612932033588,9.50000000000001));
#3176=CARTESIAN_POINT('Ctrl Pts',(5.58918877190258,-1.79963918063726,9.50000000000001));
#3177=CARTESIAN_POINT('Ctrl Pts',(5.61331147647169,-1.70243850456653,9.50000000000001));
#3178=CARTESIAN_POINT('Ctrl Pts',(5.6349457921015,-1.60462591560917,9.50000000000001));
#3179=CARTESIAN_POINT('Ctrl Pts',(5.65091453403057,-1.5324283930621,9.50000000000001));
#3180=CARTESIAN_POINT('Ctrl Pts',(5.66552740768079,-1.45989747677506,9.50000000000001));
#3181=CARTESIAN_POINT('Ctrl Pts',(5.67877416703136,-1.38707302102605,9.50000000000001));
#3182=CARTESIAN_POINT('Ctrl Pts',(5.68457224561841,-1.35519791056937,9.50000000000001));
#3183=CARTESIAN_POINT('Ctrl Pts',(5.69010908221194,-1.32326299236582,9.50000000000001));
#3184=CARTESIAN_POINT('Ctrl Pts',(5.69537967440008,-1.29129759063704,9.50000000000001));
#3185=CARTESIAN_POINT('Ctrl Pts',(5.72230682384611,-1.12798820931364,9.50000000000001));
#3186=CARTESIAN_POINT('Ctrl Pts',(5.74231399737587,-0.963754079022604,9.5));
#3187=CARTESIAN_POINT('Ctrl Pts',(5.75535685172046,-0.799045929068861,9.5));
#3188=CARTESIAN_POINT('Ctrl Pts',(5.76832537595859,-0.635276436712346,9.5));
#3189=CARTESIAN_POINT('Ctrl Pts',(5.77440870848241,-0.471037568889398,9.5));
#3190=CARTESIAN_POINT('Ctrl Pts',(5.7735121465223,-0.306774763730622,9.5));
#3191=CARTESIAN_POINT('Ctrl Pts',(5.77278909983038,-0.174302404697015,9.5));
#3192=CARTESIAN_POINT('Ctrl Pts',(5.76752546125239,-0.0418143682788035,
9.5));
#3193=CARTESIAN_POINT('Ctrl Pts',(5.7576472145115,0.0904496565399226,9.5));
#3194=CARTESIAN_POINT('Ctrl Pts',(5.75590346222367,0.113797493653584,9.5));
#3195=CARTESIAN_POINT('Ctrl Pts',(5.75401585964863,0.137138330591018,9.5));
#3196=CARTESIAN_POINT('Ctrl Pts',(5.75198392879872,0.160470821434006,9.5));
#3197=CARTESIAN_POINT('Ctrl Pts',(5.75011107995343,0.181976587014052,9.5));
#3198=CARTESIAN_POINT('Ctrl Pts',(5.74811643224193,0.203465858132908,9.5));
#3199=CARTESIAN_POINT('Ctrl Pts',(5.74600002399053,0.224936631072065,9.5));
#3200=CARTESIAN_POINT('Ctrl Pts',(5.73740490443568,0.312133352321295,9.5));
#3201=CARTESIAN_POINT('Ctrl Pts',(5.7268014240891,0.399030547327383,9.5));
#3202=CARTESIAN_POINT('Ctrl Pts',(5.71418348455782,0.485562150721046,9.5));
#3203=CARTESIAN_POINT('Ctrl Pts',(5.69079733405219,0.645940245372746,9.5));
#3204=CARTESIAN_POINT('Ctrl Pts',(5.66049437481831,0.805063268055065,9.5));
#3205=CARTESIAN_POINT('Ctrl Pts',(5.6234826853521,0.962530498356128,9.5));
#3206=CARTESIAN_POINT('Ctrl Pts',(5.58628743044253,1.1207787127831,9.5));
#3207=CARTESIAN_POINT('Ctrl Pts',(5.54231642448868,1.27735537948289,9.5));
#3208=CARTESIAN_POINT('Ctrl Pts',(5.49173114384009,1.43183695218955,9.5));
#3209=CARTESIAN_POINT('Ctrl Pts',(5.44392143901055,1.57784223866834,9.5));
#3210=CARTESIAN_POINT('Ctrl Pts',(5.39020275396526,1.72197639237578,9.50000000000001));
#3211=CARTESIAN_POINT('Ctrl Pts',(5.3306746693581,1.86385952965822,9.50000000000001));
#3212=CARTESIAN_POINT('Ctrl Pts',(5.28602860590272,1.97027188262006,9.50000000000001));
#3213=CARTESIAN_POINT('Ctrl Pts',(5.23811400252779,2.07541764051686,9.50000000000001));
#3214=CARTESIAN_POINT('Ctrl Pts',(5.18696099460019,2.17912579738132,9.50000000000001));
#3215=CARTESIAN_POINT('Ctrl Pts',(5.17437956650118,2.20463351963917,9.50000000000001));
#3216=CARTESIAN_POINT('Ctrl Pts',(5.16160218655525,2.23005422506291,9.50000000000001));
#3217=CARTESIAN_POINT('Ctrl Pts',(5.14862921585803,2.25538526866116,9.50000000000001));
#3218=CARTESIAN_POINT('Ctrl Pts',(5.1394922216313,2.27322617838924,9.50000000000001));
#3219=CARTESIAN_POINT('Ctrl Pts',(5.13025847492012,2.29102197638481,9.50000000000001));
#3220=CARTESIAN_POINT('Ctrl Pts',(5.12093442549753,2.30876002900942,9.50000000000001));
#3221=CARTESIAN_POINT('Ctrl Pts',(5.04654083626124,2.45028624160218,9.50000000000001));
#3222=CARTESIAN_POINT('Ctrl Pts',(4.96630189256568,2.58833610501982,9.50000000000001));
#3223=CARTESIAN_POINT('Ctrl Pts',(4.88039159148735,2.72251977969125,9.50000000000001));
#3224=CARTESIAN_POINT('Ctrl Pts',(4.80588569223488,2.83889086931505,9.50000000000001));
#3225=CARTESIAN_POINT('Ctrl Pts',(4.72711332770096,2.95235404749492,9.50000000000001));
#3226=CARTESIAN_POINT('Ctrl Pts',(4.64416162026304,3.06263733110302,9.50000000000001));
#3227=CARTESIAN_POINT('Ctrl Pts',(4.54336279210656,3.19664814409641,9.50000000000001));
#3228=CARTESIAN_POINT('Ctrl Pts',(4.43639335886661,3.32596523692069,9.5));
#3229=CARTESIAN_POINT('Ctrl Pts',(4.3236541820908,3.45024245950321,9.5));
#3230=CARTESIAN_POINT('Ctrl Pts',(4.21689936110772,3.56792287041712,9.5));
#3231=CARTESIAN_POINT('Ctrl Pts',(4.10497013555924,3.6810843297545,9.5));
#3232=CARTESIAN_POINT('Ctrl Pts',(3.98817922281174,3.7893880682105,9.5));
#3233=CARTESIAN_POINT('Ctrl Pts',(3.98163227374845,3.79545925168151,9.5));
#3234=CARTESIAN_POINT('Ctrl Pts',(3.97507004185835,3.80151515782143,9.5));
#3235=CARTESIAN_POINT('Ctrl Pts',(3.96849258036299,3.80755572243036,9.5));
#3236=CARTESIAN_POINT('Ctrl Pts',(-5.93249991531575,-2.19891634861683E-5,
8.9728572039072));
#3237=CARTESIAN_POINT('Ctrl Pts',(-5.93256145308101,-0.468727139259936,
8.98857020817714));
#3238=CARTESIAN_POINT('Ctrl Pts',(-5.87768911377548,-0.937418204083085,
9.00428321244709));
#3239=CARTESIAN_POINT('Ctrl Pts',(-5.7677210192319,-1.39280485367622,9.01999621671703));
#3240=CARTESIAN_POINT('Ctrl Pts',(-5.53648729190485,-2.35036215970614,9.05303649589915));
#3241=CARTESIAN_POINT('Ctrl Pts',(-5.06164805844828,-3.24909408450908,9.08607677508126));
#3242=CARTESIAN_POINT('Ctrl Pts',(-4.40093277084616,-3.97973637132932,9.11911705426337));
#3243=CARTESIAN_POINT('Ctrl Pts',(-3.74021748324404,-4.71037865814956,9.15215733344548));
#3244=CARTESIAN_POINT('Ctrl Pts',(-2.89362614149638,-5.27293130698709,9.18519761262759));
#3245=CARTESIAN_POINT('Ctrl Pts',(-1.9640777208023,-5.5990085712074,9.21823789180971));
#3246=CARTESIAN_POINT('Ctrl Pts',(-1.03452930010823,-5.92508583542771,9.25127817099183));
#3247=CARTESIAN_POINT('Ctrl Pts',(-0.0220238004677491,-6.01468771503079,
9.28431845017395));
#3248=CARTESIAN_POINT('Ctrl Pts',(0.95033840942975,-5.8569104039752,9.31735872935606));
#3249=CARTESIAN_POINT('Ctrl Pts',(1.92270061932724,-5.6991330929196,9.35039900853817));
#3250=CARTESIAN_POINT('Ctrl Pts',(2.85491953948177,-5.29397659120531,9.38343928772028));
#3251=CARTESIAN_POINT('Ctrl Pts',(3.6336764781983,-4.69071781458134,9.41647956690239));
#3252=CARTESIAN_POINT('Ctrl Pts',(4.28986662357478,-4.18240457247409,9.44431971126826));
#3253=CARTESIAN_POINT('Ctrl Pts',(4.837099464462,-3.53343962181273,9.47215985563413));
#3254=CARTESIAN_POINT('Ctrl Pts',(5.2298802992514,-2.8020823884871,9.5));
#3255=CARTESIAN_POINT('',(-3.03124968690614,-4.24903304439939,-3.25260651745651E-17));
#3256=CARTESIAN_POINT('Ctrl Pts',(-3.03124968690614,-4.24903304439939,-3.46944695195361E-17));
#3257=CARTESIAN_POINT('Ctrl Pts',(-3.14808943906599,-4.17695683482424,-4.53641335045642E-17));
#3258=CARTESIAN_POINT('Ctrl Pts',(-3.26183980031613,-4.10038386996757,-2.80880268938697E-16));
#3259=CARTESIAN_POINT('Ctrl Pts',(-3.37222374684356,-4.01948533734359,-1.85615411929518E-16));
#3260=CARTESIAN_POINT('Ctrl Pts',(-3.49420730253521,-3.93008564680745,-8.72786171484962E-17));
#3261=CARTESIAN_POINT('Ctrl Pts',(-3.61208082219159,-3.83540435156795,1.32077440199502E-16));
#3262=CARTESIAN_POINT('Ctrl Pts',(-3.72563685253385,-3.73584071395505,1.11022302462516E-16));
#3263=CARTESIAN_POINT('Ctrl Pts',(-3.84065421577303,-3.63499580912505,8.96962098028236E-17));
#3264=CARTESIAN_POINT('Ctrl Pts',(-3.95124280965046,-3.52914166127917,2.97419854707632E-17));
#3265=CARTESIAN_POINT('Ctrl Pts',(-4.05716188552593,-3.41864594728299,-6.93889390390723E-18));
#3266=CARTESIAN_POINT('Ctrl Pts',(-4.15790217396658,-3.31355279000774,-4.18263052405113E-17));
#3267=CARTESIAN_POINT('Ctrl Pts',(-4.25441860858111,-3.20426011946174,2.91217840935259E-16));
#3268=CARTESIAN_POINT('Ctrl Pts',(-4.34647635499972,-3.09105109495527,3.88578058618805E-16));
#3269=CARTESIAN_POINT('Ctrl Pts',(-4.38099800990669,-3.04859771076534,4.25088140250135E-16));
#3270=CARTESIAN_POINT('Ctrl Pts',(-4.41489235707531,-3.00559329695141,1.37747382553166E-16));
#3271=CARTESIAN_POINT('Ctrl Pts',(-4.44814584604496,-2.9620518029691,1.52655665885959E-16));
#3272=CARTESIAN_POINT('Ctrl Pts',(-4.4696176979635,-2.93393696329157,1.62281977650526E-16));
#3273=CARTESIAN_POINT('Ctrl Pts',(-4.49082234250956,-2.90559818778451,3.89560335329475E-16));
#3274=CARTESIAN_POINT('Ctrl Pts',(-4.5117559760639,-2.87703912767394,3.88578058618805E-16));
#3275=CARTESIAN_POINT('Ctrl Pts',(-4.5239553740343,-2.8603958947137,3.88005621708633E-16));
#3276=CARTESIAN_POINT('Ctrl Pts',(-4.53606315436455,-2.8436771630874,5.07923539861927E-17));
#3277=CARTESIAN_POINT('Ctrl Pts',(-4.54806911856065,-2.82689709381598,4.16333634234434E-17));
#3278=CARTESIAN_POINT('Ctrl Pts',(-4.64343592586967,-2.69360820450218,-3.11191180829244E-17));
#3279=CARTESIAN_POINT('Ctrl Pts',(-4.73252624474038,-2.55625787934231,2.13585869147542E-16));
#3280=CARTESIAN_POINT('Ctrl Pts',(-4.81508301154997,-2.41531125753829,1.52655665885959E-16));
#3281=CARTESIAN_POINT('Ctrl Pts',(-4.89763977835956,-2.27436463573427,9.1725462624376E-17));
#3282=CARTESIAN_POINT('Ctrl Pts',(-4.97366364486526,-2.12982099366455,1.2924780692176E-16));
#3283=CARTESIAN_POINT('Ctrl Pts',(-5.04285765422132,-1.98209812342997,1.66533453693773E-16));
#3284=CARTESIAN_POINT('Ctrl Pts',(-5.10889766637932,-1.84110874823558,1.73496019199879E-16));
#3285=CARTESIAN_POINT('Ctrl Pts',(-5.16871657708519,-1.69722253985342,9.97389065979521E-17));
#3286=CARTESIAN_POINT('Ctrl Pts',(-5.22228000374035,-1.55087474172317,1.11022302462516E-16));
#3287=CARTESIAN_POINT('Ctrl Pts',(-5.27608555371191,-1.40386540611404,1.22356702779137E-16));
#3288=CARTESIAN_POINT('Ctrl Pts',(-5.32357918170604,-1.25437147194916,2.21023284541205E-16));
#3289=CARTESIAN_POINT('Ctrl Pts',(-5.36467804776238,-1.10281290891222,8.32667268468867E-17));
#3290=CARTESIAN_POINT('Ctrl Pts',(-5.37751810418413,-1.05546317186777,4.0228995079897E-17));
#3291=CARTESIAN_POINT('Ctrl Pts',(-5.38973363118672,-1.00791180312119,-1.30747539545285E-17));
#3292=CARTESIAN_POINT('Ctrl Pts',(-5.40132108916872,-0.960171357467811,
0.));
#3293=CARTESIAN_POINT('Ctrl Pts',(-5.40603788126616,-0.940738125680813,
5.32221098230025E-18));
#3294=CARTESIAN_POINT('Ctrl Pts',(-5.41064833773917,-0.921282847877308,
-6.17386306667176E-16));
#3295=CARTESIAN_POINT('Ctrl Pts',(-5.41515211099451,-0.901808202376411,
-6.10622663543836E-16));
#3296=CARTESIAN_POINT('Ctrl Pts',(-5.4509371083829,-0.747071252072899,-5.56881736151923E-16));
#3297=CARTESIAN_POINT('Ctrl Pts',(-5.47999925112622,-0.59107856545376,-4.07960032432282E-16));
#3298=CARTESIAN_POINT('Ctrl Pts',(-5.50234788466124,-0.434297371549147,
-3.88578058618805E-16));
#3299=CARTESIAN_POINT('Ctrl Pts',(-5.5248717528093,-0.27628686347634,-3.6904411163544E-16));
#3300=CARTESIAN_POINT('Ctrl Pts',(-5.54057665745183,-0.117474722322815,
-7.80212839626682E-16));
#3301=CARTESIAN_POINT('Ctrl Pts',(-5.54942497480398,0.0416851027933184,
-6.10622663543836E-16));
#3302=CARTESIAN_POINT('Ctrl Pts',(-5.558259677004,0.20060002425761,-4.41293440584109E-16));
#3303=CARTESIAN_POINT('Ctrl Pts',(-5.56025905513374,0.359862314287806,-7.08551607660691E-17));
#3304=CARTESIAN_POINT('Ctrl Pts',(-5.55533577072895,0.519033236096988,-8.32667268468867E-17));
#3305=CARTESIAN_POINT('Ctrl Pts',(-5.55357384521192,0.575996694968577,-8.77085289420222E-17));
#3306=CARTESIAN_POINT('Ctrl Pts',(-5.55092481999203,0.632948519368482,8.75442056739423E-17));
#3307=CARTESIAN_POINT('Ctrl Pts',(-5.54738306659373,0.689868724235162,1.11022302462516E-16));
#3308=CARTESIAN_POINT('Ctrl Pts',(-5.54006078868988,0.80754647068079,1.07985740068867E-16));
#3309=CARTESIAN_POINT('Ctrl Pts',(-5.5289237921318,0.925089199094259,6.07755834693254E-16));
#3310=CARTESIAN_POINT('Ctrl Pts',(-5.51402688594753,1.04233270460985,6.66133814775094E-16));
#3311=CARTESIAN_POINT('Ctrl Pts',(-5.50939922619258,1.07875389470752,6.84268682891916E-16));
#3312=CARTESIAN_POINT('Ctrl Pts',(-5.50440861947049,1.11514619533662,-2.12671527021955E-16));
#3313=CARTESIAN_POINT('Ctrl Pts',(-5.49905640609967,1.1515046335717,-2.22044604925031E-16));
#3314=CARTESIAN_POINT('Ctrl Pts',(-5.49539981158165,1.17634446276445,-2.28448225801634E-16));
#3315=CARTESIAN_POINT('Ctrl Pts',(-5.49157390134218,1.20117134613181,8.9113511125524E-17));
#3316=CARTESIAN_POINT('Ctrl Pts',(-5.48758316162391,1.22595957342893,8.32667268468867E-17));
#3317=CARTESIAN_POINT('Ctrl Pts',(-5.46221914528202,1.38350655635358,4.61062146460929E-17));
#3318=CARTESIAN_POINT('Ctrl Pts',(-5.43017351263473,1.5396900163493,-5.22604487681812E-16));
#3319=CARTESIAN_POINT('Ctrl Pts',(-5.39168878407377,1.69411184999577,-4.9960036108132E-16));
#3320=CARTESIAN_POINT('Ctrl Pts',(-5.35243317008407,1.85162689868858,-4.76135440117439E-16));
#3321=CARTESIAN_POINT('Ctrl Pts',(-5.30647789776764,2.00730973647996,-1.47137357232642E-16));
#3322=CARTESIAN_POINT('Ctrl Pts',(-5.25402637189752,2.16074241388124,-2.22044604925031E-16));
#3323=CARTESIAN_POINT('Ctrl Pts',(-5.20145352379547,2.31452998648462,-2.97125115727071E-16));
#3324=CARTESIAN_POINT('Ctrl Pts',(-5.14235416511324,2.46605772408197,-3.14402132284259E-16));
#3325=CARTESIAN_POINT('Ctrl Pts',(-5.07688106790142,2.61489835628866,-3.88578058618805E-16));
#3326=CARTESIAN_POINT('Ctrl Pts',(-5.02054474600465,2.74296826781562,-4.5240272922289E-16));
#3327=CARTESIAN_POINT('Ctrl Pts',(-4.95948857295293,2.86904889348971,-5.04800481888094E-16));
#3328=CARTESIAN_POINT('Ctrl Pts',(-4.89378058066936,2.99285782225418,-4.44089209850063E-16));
#3329=CARTESIAN_POINT('Ctrl Pts',(-4.86092658452757,3.05476228663642,-4.13733573831047E-16));
#3330=CARTESIAN_POINT('Ctrl Pts',(-4.82690921926686,3.11609864149608,1.19584148519161E-16));
#3331=CARTESIAN_POINT('Ctrl Pts',(-4.79173455564565,3.17683024134899,1.11022302462516E-16));
#3332=CARTESIAN_POINT('Ctrl Pts',(-4.77971992219597,3.19757437465197,1.08097826961313E-16));
#3333=CARTESIAN_POINT('Ctrl Pts',(-4.7675702524861,3.21824794194601,-1.08895411188914E-16));
#3334=CARTESIAN_POINT('Ctrl Pts',(-4.75528574622073,3.23884945380063,-1.11022302462516E-16));
#3335=CARTESIAN_POINT('Ctrl Pts',(-4.74407569368671,3.25764907221277,-1.12963167027698E-16));
#3336=CARTESIAN_POINT('Ctrl Pts',(-4.73275494499159,3.27638595185515,-3.35735596164672E-16));
#3337=CARTESIAN_POINT('Ctrl Pts',(-4.72132917948083,3.29505033458,-3.33066907387547E-16));
#3338=CARTESIAN_POINT('Ctrl Pts',(-4.70861901928311,3.31581282040215,-3.30098225609229E-16));
#3339=CARTESIAN_POINT('Ctrl Pts',(-4.6957770351138,3.3364887429229,-8.92969494484634E-17));
#3340=CARTESIAN_POINT('Ctrl Pts',(-4.68280384989416,3.35707673436464,-1.11022302462516E-16));
#3341=CARTESIAN_POINT('Ctrl Pts',(-4.59603304137374,3.49477897425137,-2.60844471273911E-16));
#3342=CARTESIAN_POINT('Ctrl Pts',(-4.50339699178998,3.62854898796532,-6.02034267331955E-16));
#3343=CARTESIAN_POINT('Ctrl Pts',(-4.40528696978525,3.75814403226822,-4.44089209850063E-16));
#3344=CARTESIAN_POINT('Ctrl Pts',(-4.30600092609363,3.88929250179212,-2.84250902227748E-16));
#3345=CARTESIAN_POINT('Ctrl Pts',(-4.20110849933395,4.01616588061839,-4.56876274459848E-16));
#3346=CARTESIAN_POINT('Ctrl Pts',(-4.09096687945418,4.13848975959307,-4.44089209850063E-16));
#3347=CARTESIAN_POINT('Ctrl Pts',(-4.03700459103682,4.19842056907967,-4.37824373095004E-16));
#3348=CARTESIAN_POINT('Ctrl Pts',(-3.981781610623,4.25725893277561,-1.82643033921068E-16));
#3349=CARTESIAN_POINT('Ctrl Pts',(-3.92533623628961,4.31496997253221,-1.66533453693773E-16));
#3350=CARTESIAN_POINT('Ctrl Pts',(-3.89960798599449,4.34127512318777,-1.59190578974065E-16));
#3351=CARTESIAN_POINT('Ctrl Pts',(-3.87362573878568,4.36734603410648,-6.99412373105013E-16));
#3352=CARTESIAN_POINT('Ctrl Pts',(-3.84739296993475,4.39317926583062,-7.21644966006352E-16));
#3353=CARTESIAN_POINT('Ctrl Pts',(-3.82285412996959,4.41734436798449,-7.42441933429686E-16));
#3354=CARTESIAN_POINT('Ctrl Pts',(-3.79809252353534,4.44130474760277,-1.48598454264476E-16));
#3355=CARTESIAN_POINT('Ctrl Pts',(-3.77313285915368,4.46503703687422,-1.66533453693773E-16));
#3356=CARTESIAN_POINT('Ctrl Pts',(-3.65210153059955,4.58011672930251,-2.53501642662726E-16));
#3357=CARTESIAN_POINT('Ctrl Pts',(-3.5263317572379,4.68992187424276,8.7892464970773E-17));
#3358=CARTESIAN_POINT('Ctrl Pts',(-3.39620547755761,4.79418351744353,1.11022302462516E-16));
#3359=CARTESIAN_POINT('Ctrl Pts',(-3.26594238464005,4.89855478010752,1.34176458392875E-16));
#3360=CARTESIAN_POINT('Ctrl Pts',(-3.13131310506893,4.99737142997178,-2.86817418528433E-16));
#3361=CARTESIAN_POINT('Ctrl Pts',(-2.99265980246143,5.09033175837044,-2.77555756156289E-16));
#3362=CARTESIAN_POINT('Ctrl Pts',(-2.85997593600609,5.17928986875754,-2.68692835834667E-16));
#3363=CARTESIAN_POINT('Ctrl Pts',(-2.72360641906901,5.2628852913799,-7.94410360996373E-17));
#3364=CARTESIAN_POINT('Ctrl Pts',(-2.58382255839974,5.34081922430488,-5.55111512312578E-17));
#3365=CARTESIAN_POINT('Ctrl Pts',(-3.03124968690614,-4.24903304439938,-3.30681662608079E-17));
#3366=CARTESIAN_POINT('Ctrl Pts',(-2.43632134375442,-4.67256584903781,0.0278401443658697));
#3367=CARTESIAN_POINT('Ctrl Pts',(-0.939270650445993,-5.32495406636073,
0.0887205679138532));
#3368=CARTESIAN_POINT('Ctrl Pts',(1.5994359185447,-5.19973021465444,0.18264127064395));
#3369=CARTESIAN_POINT('Ctrl Pts',(3.8898132821666,-3.80323574560208,0.281762108190291));
#3370=CARTESIAN_POINT('Ctrl Pts',(5.23439563364635,-1.48202280018893,0.380882945736632));
#3371=CARTESIAN_POINT('Ctrl Pts',(5.30625774446037,1.19954943868486,0.480003783282973));
#3372=CARTESIAN_POINT('Ctrl Pts',(4.08792437551989,3.58945027349488,0.579124620829314));
#3373=CARTESIAN_POINT('Ctrl Pts',(1.87562942265504,5.10659407031261,0.678245458375655));
#3374=CARTESIAN_POINT('Ctrl Pts',(-0.792717298269541,5.38208901458335,0.777366295921995));
#3375=CARTESIAN_POINT('Ctrl Pts',(-3.26831797141286,4.34895196794129,0.876487133468338));
#3376=CARTESIAN_POINT('Ctrl Pts',(-4.87035417045432,2.3564960412423,0.970956184585371));
#3377=CARTESIAN_POINT('Ctrl Pts',(-5.21879989900144,0.744544501850106,1.03238495652029));
#3378=CARTESIAN_POINT('Ctrl Pts',(-5.21948991865204,-0.00010871544144064,
1.0607734492731));
#3379=CARTESIAN_POINT('Origin',(0.,0.,-2.3107734492731));
#3380=CARTESIAN_POINT('',(3.0310380903821,-4.24892676533179,0.));
#3381=CARTESIAN_POINT('Origin',(0.,0.,0.));
#3382=CARTESIAN_POINT('Ctrl Pts',(3.03103809038209,-4.24892676533179,-5.55111512312578E-16));
#3383=CARTESIAN_POINT('Ctrl Pts',(3.73669371790406,-3.74553633197267,0.0330402791821132));
#3384=CARTESIAN_POINT('Ctrl Pts',(4.89166021074075,-2.38091069179723,0.0991208375463402));
#3385=CARTESIAN_POINT('Ctrl Pts',(5.43456293013724,0.246594726011549,0.198241675092682));
#3386=CARTESIAN_POINT('Ctrl Pts',(4.65611103511675,2.81344921617303,0.297362512639022));
#3387=CARTESIAN_POINT('Ctrl Pts',(2.74552982146771,4.69656512955254,0.396483350185363));
#3388=CARTESIAN_POINT('Ctrl Pts',(0.167391701832166,5.43755813100709,0.495604187731705));
#3389=CARTESIAN_POINT('Ctrl Pts',(-2.45145074933621,4.85651925820646,0.594725025278045));
#3390=CARTESIAN_POINT('Ctrl Pts',(-4.47423114586177,3.0945927859634,0.693845862824386));
#3391=CARTESIAN_POINT('Ctrl Pts',(-5.16433121143676,1.23860334075904,0.767013037974005));
#3392=CARTESIAN_POINT('Ctrl Pts',(-5.21948578495764,0.186041740795829,0.807139933941509));
#3393=CARTESIAN_POINT('Ctrl Pts',(-5.21929443389856,0.000133921000731504,
0.8142265507269));
#3394=CARTESIAN_POINT('Ctrl Pts',(3.44554274852458,-4.8299817979046,-0.412083754634097));
#3395=CARTESIAN_POINT('Ctrl Pts',(4.24769915760401,-4.25775102890145,-0.379043475451983));
#3396=CARTESIAN_POINT('Ctrl Pts',(5.56061120473724,-2.70650824053897,-0.312962917087756));
#3397=CARTESIAN_POINT('Ctrl Pts',(6.17775769785013,0.280317384571814,-0.213842079541414));
#3398=CARTESIAN_POINT('Ctrl Pts',(5.29284988673616,3.19819786359237,-0.114721241995074));
#3399=CARTESIAN_POINT('Ctrl Pts',(3.12099026311597,5.33883621471192,-0.0156004044487322));
#3400=CARTESIAN_POINT('Ctrl Pts',(0.190283080321945,6.18116250251761,0.0835204330976082));
#3401=CARTESIAN_POINT('Ctrl Pts',(-2.78669488830993,5.52066460869646,0.18264127064395));
#3402=CARTESIAN_POINT('Ctrl Pts',(-5.08609731060935,3.51778876258484,0.28176210819029));
#3403=CARTESIAN_POINT('Ctrl Pts',(-6.14883722506049,0.659603170941306,0.380882945736632));
#3404=CARTESIAN_POINT('Ctrl Pts',(-5.71651213007205,-2.35897555150097,0.480003783282971));
#3405=CARTESIAN_POINT('Ctrl Pts',(-3.89424094433941,-4.80397227081529,0.579124620829314));
#3406=CARTESIAN_POINT('Ctrl Pts',(-1.12510096545337,-6.08090640074729,0.678245458375654));
#3407=CARTESIAN_POINT('Ctrl Pts',(1.91760260381614,-5.87929140683566,0.777366295921996));
#3408=CARTESIAN_POINT('Ctrl Pts',(4.49404903671618,-4.24815183204143,0.876487133468336));
#3409=CARTESIAN_POINT('Ctrl Pts',(5.97778593696193,-1.5840911723974,0.975607971014677));
#3410=CARTESIAN_POINT('Ctrl Pts',(6.00804881821609,1.46513449394963,1.07472880856102));
#3411=CARTESIAN_POINT('Ctrl Pts',(4.57747937038395,4.1581188639636,1.17384964610736));
#3412=CARTESIAN_POINT('Ctrl Pts',(2.03391467016795,5.84007369689797,1.2729704836537));
#3413=CARTESIAN_POINT('Ctrl Pts',(-1.0041880060692,6.10203869640349,1.37209132120004));
#3414=CARTESIAN_POINT('Ctrl Pts',(-3.79812650403627,4.88031810403167,1.47121215874638));
#3415=CARTESIAN_POINT('Ctrl Pts',(-5.66856618677146,2.47196827417396,1.57033299629272));
#3416=CARTESIAN_POINT('Ctrl Pts',(-6.16071734893131,-0.537430464128001,
1.66945383383907));
#3417=CARTESIAN_POINT('Ctrl Pts',(-5.15491546279829,-3.41615519651094,1.7685746713854));
#3418=CARTESIAN_POINT('Ctrl Pts',(-2.89571711411086,-5.46425586456038,1.86769550893175));
#3419=CARTESIAN_POINT('Ctrl Pts',(0.0675629238535758,-6.18374522497423,
1.96681634647809));
#3420=CARTESIAN_POINT('Ctrl Pts',(3.01441531517605,-5.3996824040799,2.06593718402443));
#3421=CARTESIAN_POINT('Ctrl Pts',(5.22832503850138,-3.30270904691404,2.16505802157077));
#3422=CARTESIAN_POINT('Ctrl Pts',(6.17098906335216,-0.402695588395969,2.26417885911711));
#3423=CARTESIAN_POINT('Ctrl Pts',(5.61320251476334,2.59523164384027,2.36329969666345));
#3424=CARTESIAN_POINT('Ctrl Pts',(3.69058889459324,4.96213899120085,2.46242053420979));
#3425=CARTESIAN_POINT('Ctrl Pts',(0.870623785647236,6.12252268111712,2.56154137175613));
#3426=CARTESIAN_POINT('Ctrl Pts',(-2.16102991081867,5.79424019880547,2.66066220930248));
#3427=CARTESIAN_POINT('Ctrl Pts',(-4.6672380854054,4.05711207770473,2.75978304684882));
#3428=CARTESIAN_POINT('Ctrl Pts',(-6.03862654313228,1.33351386550393,2.85890388439515));
#3429=CARTESIAN_POINT('Ctrl Pts',(-5.94174782903266,-1.71432275056332,2.9580247219415));
#3430=CARTESIAN_POINT('Ctrl Pts',(-4.40015760341186,-4.34532885085245,3.05714555948784));
#3431=CARTESIAN_POINT('Ctrl Pts',(-1.78868718006628,-5.91978613877054,3.15626639703418));
#3432=CARTESIAN_POINT('Ctrl Pts',(1.25769516379627,-6.05487180969813,3.25538723458052));
#3433=CARTESIAN_POINT('Ctrl Pts',(3.99827410882678,-4.7177403391453,3.35450807212686));
#3434=CARTESIAN_POINT('Ctrl Pts',(5.76668917254711,-2.23350973674655,3.4536289096732));
#3435=CARTESIAN_POINT('Ctrl Pts',(6.13295751603214,0.793789558673088,3.55274974721955));
#3436=CARTESIAN_POINT('Ctrl Pts',(5.00802250016421,3.62808219239347,3.65187058476588));
#3437=CARTESIAN_POINT('Ctrl Pts',(2.66540744062434,5.58022158452314,3.75099142231223));
#3438=CARTESIAN_POINT('Ctrl Pts',(-0.325290459716752,6.17555308241543,3.85011225985856));
#3439=CARTESIAN_POINT('Ctrl Pts',(-3.23689532459705,5.269324284433,3.94923309740491));
#3440=CARTESIAN_POINT('Ctrl Pts',(-5.36146242355526,3.08188099019389,4.04835393495124));
#3441=CARTESIAN_POINT('Ctrl Pts',(-6.18241201723149,0.145091026963567,4.14747477249759));
#3442=CARTESIAN_POINT('Ctrl Pts',(-5.50013359328326,-2.82697722186622,4.24659561004393));
#3443=CARTESIAN_POINT('Ctrl Pts',(-3.48052034029803,-5.11167760306587,4.34571644759027));
#3444=CARTESIAN_POINT('Ctrl Pts',(-0.614632902275463,-6.1534946292618,4.44483728513661));
#3445=CARTESIAN_POINT('Ctrl Pts',(2.40069999436084,-5.69911478161209,4.54395812268295));
#3446=CARTESIAN_POINT('Ctrl Pts',(4.8323125754673,-3.85901864855485,4.64307896022929));
#3447=CARTESIAN_POINT('Ctrl Pts',(6.08896825737083,-1.08061802578156,4.74219979777564));
#3448=CARTESIAN_POINT('Ctrl Pts',(5.86511638698016,1.96053041906787,4.84132063532197));
#3449=CARTESIAN_POINT('Ctrl Pts',(4.21518562457076,4.52498396763188,4.94044147286832));
#3450=CARTESIAN_POINT('Ctrl Pts',(1.54034983922182,5.98920630215079,5.03956231041465));
#3451=CARTESIAN_POINT('Ctrl Pts',(-1.50901566507949,5.99717779288376,5.138683147961));
#3452=CARTESIAN_POINT('Ctrl Pts',(-4.1914702258107,4.54696020469236,5.23780398550734));
#3453=CARTESIAN_POINT('Ctrl Pts',(-5.85478606513093,1.99116797093119,5.33692482305368));
#3454=CARTESIAN_POINT('Ctrl Pts',(-6.09453478764113,-1.04876855365977,5.43604566060002));
#3455=CARTESIAN_POINT('Ctrl Pts',(-4.85242247894956,-3.83370132413814,5.53516649814637));
#3456=CARTESIAN_POINT('Ctrl Pts',(-2.43046363085284,-5.68648540805436,5.6342873356927));
#3457=CARTESIAN_POINT('Ctrl Pts',(0.582452438395123,-6.15662398672528,5.73340817323905));
#3458=CARTESIAN_POINT('Ctrl Pts',(3.45374759627568,-5.12980480117261,5.83252901078538));
#3459=CARTESIAN_POINT('Ctrl Pts',(5.48527825155528,-2.85569470705958,5.93164984833173));
#3460=CARTESIAN_POINT('Ctrl Pts',(6.18308609295226,0.112765792925579,6.03077068587806));
#3461=CARTESIAN_POINT('Ctrl Pts',(5.37750201798963,3.05380775482524,6.12989152342442));
#3462=CARTESIAN_POINT('Ctrl Pts',(3.26440047642304,5.25232893928417,6.22901236097074));
#3463=CARTESIAN_POINT('Ctrl Pts',(0.357573404556725,6.17376797565878,6.3281331985171));
#3464=CARTESIAN_POINT('Ctrl Pts',(-2.63619616783904,5.59408075751298,6.42725403606342));
#3465=CARTESIAN_POINT('Ctrl Pts',(-4.98898550009656,3.65421584430294,6.52637487360978));
#3466=CARTESIAN_POINT('Ctrl Pts',(-6.12872355683471,0.825843399676986,6.6254957111561));
#3467=CARTESIAN_POINT('Ctrl Pts',(-5.77828772396662,-2.20332946605635,6.72461654870247));
#3468=CARTESIAN_POINT('Ctrl Pts',(-4.02288503084474,-4.69677184729371,6.82373738624879));
#3469=CARTESIAN_POINT('Ctrl Pts',(-1.28933441211876,-6.04821349908506,6.92285822379514));
#3470=CARTESIAN_POINT('Ctrl Pts',(1.75771255840337,-5.92905695025178,7.02197906134147));
#3471=CARTESIAN_POINT('Ctrl Pts',(4.37737895998559,-4.36827462469416,7.12109989888782));
#3472=CARTESIAN_POINT('Ctrl Pts',(5.93270369736778,-1.74536431657564,7.22022073643415));
#3473=CARTESIAN_POINT('Ctrl Pts',(6.04551596620569,1.30192413665228,7.3193415739805));
#3474=CARTESIAN_POINT('Ctrl Pts',(4.68838592912892,4.03265509766729,7.41846241152684));
#3475=CARTESIAN_POINT('Ctrl Pts',(2.19129416261642,5.78286258311699,7.51758324907319));
#3476=CARTESIAN_POINT('Ctrl Pts',(-0.83860175105133,6.1269908470909,7.61670408661952));
#3477=CARTESIAN_POINT('Ctrl Pts',(-3.66459510868361,4.98136652870986,7.71582492416587));
#3478=CARTESIAN_POINT('Ctrl Pts',(-5.59955724842988,2.62454344454046,7.81494576171221));
#3479=CARTESIAN_POINT('Ctrl Pts',(-6.17301012860638,-0.370426545030975,
7.91406659925855));
#3480=CARTESIAN_POINT('Ctrl Pts',(-5.24552097916924,-3.27532889104652,8.01318743680488));
#3481=CARTESIAN_POINT('Ctrl Pts',(-3.04260509225809,-5.38384841940896,8.11230827435124));
#3482=CARTESIAN_POINT('Ctrl Pts',(-0.0998921464250141,-6.18330755272362,
8.21142911189756));
#3483=CARTESIAN_POINT('Ctrl Pts',(2.86710884484777,-5.4793205842011,8.31054994944392));
#3484=CARTESIAN_POINT('Ctrl Pts',(5.13698475308034,-3.44306004648968,8.40967078699024));
#3485=CARTESIAN_POINT('Ctrl Pts',(6.15782275684291,-0.569632343392872,8.5087916245366));
#3486=CARTESIAN_POINT('Ctrl Pts',(5.68141390852308,2.4422965802459,8.60791246208293));
#3487=CARTESIAN_POINT('Ctrl Pts',(3.82358799502129,4.86039611634015,8.70703329962928));
#3488=CARTESIAN_POINT('Ctrl Pts',(1.03608155765991,6.09670063534637,8.80615413717562));
#3489=CARTESIAN_POINT('Ctrl Pts',(-2.00336174852963,5.85063653176085,8.90527497472195));
#3490=CARTESIAN_POINT('Ctrl Pts',(-4.55566085077916,4.18197701402874,9.00439581226831));
#3491=CARTESIAN_POINT('Ctrl Pts',(-6.00033838737061,1.49655991762135,9.10351664981463));
#3492=CARTESIAN_POINT('Ctrl Pts',(-5.98592394453281,-1.55288249023506,9.20263748736099));
#3493=CARTESIAN_POINT('Ctrl Pts',(-4.51632131420926,-4.224465622568,9.30175832490732));
#3494=CARTESIAN_POINT('Ctrl Pts',(-1.9480599193234,-5.86946729925982,9.40087916245366));
#3495=CARTESIAN_POINT('Ctrl Pts',(0.0790749880812196,-6.01374584629922,
9.46695972081789));
#3496=CARTESIAN_POINT('Ctrl Pts',(1.04889841501181,-5.83954631071505,9.5));
#3497=CARTESIAN_POINT('Ctrl Pts',(3.30737452914375,-4.63629678704699,-0.274722503089398));
#3498=CARTESIAN_POINT('Ctrl Pts',(4.07736401103736,-4.08701279659185,-0.241682223907284));
#3499=CARTESIAN_POINT('Ctrl Pts',(5.33762754007175,-2.59797572429172,-0.175601665543057));
#3500=CARTESIAN_POINT('Ctrl Pts',(5.9300261086125,0.269076498385059,-0.0764808279967155));
#3501=CARTESIAN_POINT('Ctrl Pts',(5.08060360286302,3.06994831445259,0.0226400095496246));
#3502=CARTESIAN_POINT('Ctrl Pts',(2.99583678256655,5.12474585299213,0.121760847095966));
#3503=CARTESIAN_POINT('Ctrl Pts',(0.18265262082535,5.93329437868077,0.220881684642307));
#3504=CARTESIAN_POINT('Ctrl Pts',(-2.67494684198535,5.29928282519979,0.320002522188648));
#3505=CARTESIAN_POINT('Ctrl Pts',(-4.88214192236016,3.37672343704436,0.419123359734989));
#3506=CARTESIAN_POINT('Ctrl Pts',(-5.90226536319258,0.63315270949631,0.518244197281331));
#3507=CARTESIAN_POINT('Ctrl Pts',(-5.48727674983502,-2.26437929329075,0.617365034827671));
#3508=CARTESIAN_POINT('Ctrl Pts',(-3.73807967269368,-4.61133025675302,0.716485872374013));
#3509=CARTESIAN_POINT('Ctrl Pts',(-1.07998377830283,-5.83705860348152,0.815606709920353));
#3510=CARTESIAN_POINT('Ctrl Pts',(1.84070565126411,-5.6435284852317,0.914727547466694));
#3511=CARTESIAN_POINT('Ctrl Pts',(4.31383512020648,-4.07779853297295,1.01384838501303));
#3512=CARTESIAN_POINT('Ctrl Pts',(5.73807332880942,-1.52056821749551,1.11296922255938));
#3513=CARTESIAN_POINT('Ctrl Pts',(5.76712265135267,1.40638176935519,1.21209006010572));
#3514=CARTESIAN_POINT('Ctrl Pts',(4.39391985015183,3.99137593800405,1.31121089765206));
#3515=CARTESIAN_POINT('Ctrl Pts',(1.95235353775419,5.60588342771651,1.4103317351984));
#3516=CARTESIAN_POINT('Ctrl Pts',(-0.963919497201746,5.85734348209042,1.50945257274474));
#3517=CARTESIAN_POINT('Ctrl Pts',(-3.64581947598661,4.68461457873516,1.60857341029108));
#3518=CARTESIAN_POINT('Ctrl Pts',(-5.4412534660676,2.37284094366708,1.70769424783742));
#3519=CARTESIAN_POINT('Ctrl Pts',(-5.91366908735483,-0.515879197552838,
1.80681508538376));
#3520=CARTESIAN_POINT('Ctrl Pts',(-4.94820042759563,-3.27916543464175,1.9059359229301));
#3521=CARTESIAN_POINT('Ctrl Pts',(-2.77959721466725,-5.24513610371258,2.00505676047644));
#3522=CARTESIAN_POINT('Ctrl Pts',(0.0648536122686338,-5.93577353250132,
2.10417759802279));
#3523=CARTESIAN_POINT('Ctrl Pts',(2.89353555051473,-5.18315207563942,2.20329843556913));
#3524=CARTESIAN_POINT('Ctrl Pts',(5.01866623765694,-3.17026854001843,2.30241927311547));
#3525=CARTESIAN_POINT('Ctrl Pts',(5.92352890019875,-0.386547266792635,2.40154011066181));
#3526=CARTESIAN_POINT('Ctrl Pts',(5.38810990872298,2.49116138226429,2.50066094820815));
#3527=CARTESIAN_POINT('Ctrl Pts',(3.5425941857042,4.76315440189979,2.59978178575449));
#3528=CARTESIAN_POINT('Ctrl Pts',(0.835711277809394,5.87700604739346,2.69890262330083));
#3529=CARTESIAN_POINT('Ctrl Pts',(-2.07437138512359,5.56188787890563,2.79802346084717));
#3530=CARTESIAN_POINT('Ctrl Pts',(-4.48007918976755,3.89441958119021,2.89714429839352));
#3531=CARTESIAN_POINT('Ctrl Pts',(-5.79647419214848,1.28003920279796,2.99626513593986));
#3532=CARTESIAN_POINT('Ctrl Pts',(-5.70348036945785,-1.64557743547739,3.0953859734862));
#3533=CARTESIAN_POINT('Ctrl Pts',(-4.22370878665613,-4.1710786981868,3.19450681103253));
#3534=CARTESIAN_POINT('Ctrl Pts',(-1.71695980915935,-5.68239935543736,3.29362764857888));
#3535=CARTESIAN_POINT('Ctrl Pts',(1.20726087405193,-5.8120680143067,3.39274848612522));
#3536=CARTESIAN_POINT('Ctrl Pts',(3.83794104825176,-4.5285562744751,3.49186932367156));
#3537=CARTESIAN_POINT('Ctrl Pts',(5.53544166443397,-2.14394472890325,3.5909901612179));
#3538=CARTESIAN_POINT('Ctrl Pts',(5.88702243950718,0.761958146936312,3.69011099876424));
#3539=CARTESIAN_POINT('Ctrl Pts',(4.80719795611722,3.48259403773193,3.78923183631058));
#3540=CARTESIAN_POINT('Ctrl Pts',(2.55852308977622,5.35645153250037,3.88835267385693));
#3541=CARTESIAN_POINT('Ctrl Pts',(-0.312246127696823,5.92790989950774,3.98747351140327));
#3542=CARTESIAN_POINT('Ctrl Pts',(-3.1070939853122,5.05802139056176,4.08659434894961));
#3543=CARTESIAN_POINT('Ctrl Pts',(-5.14646473802166,2.9582958136811,4.18571518649594));
#3544=CARTESIAN_POINT('Ctrl Pts',(-5.93449378714558,0.139272794450771,4.28483602404229));
#3545=CARTESIAN_POINT('Ctrl Pts',(-5.27957511515494,-2.71361383110793,4.38395686158863));
#3546=CARTESIAN_POINT('Ctrl Pts',(-3.34094949963912,-4.90669643057369,4.48307769913497));
#3547=CARTESIAN_POINT('Ctrl Pts',(-0.589985774122245,-5.90673600284259,
4.58219853668131));
#3548=CARTESIAN_POINT('Ctrl Pts',(2.3044305623155,-5.47057704492038,4.68131937422765));
#3549=CARTESIAN_POINT('Ctrl Pts',(4.63853409910685,-3.70426981095689,4.78044021177399));
#3550=CARTESIAN_POINT('Ctrl Pts',(5.84479717507978,-1.0372846297536,4.87956104932033));
#3551=CARTESIAN_POINT('Ctrl Pts',(5.62992189171597,1.88191203676495,4.97868188686668));
#3552=CARTESIAN_POINT('Ctrl Pts',(4.04615428912846,4.34352954283851,5.07780272441302));
#3553=CARTESIAN_POINT('Ctrl Pts',(1.47858093660119,5.74903573087375,5.17692356195936));
#3554=CARTESIAN_POINT('Ctrl Pts',(-1.44850328062248,5.75668756030492,5.2760443995057));
#3555=CARTESIAN_POINT('Ctrl Pts',(-4.02338989131592,4.3646245203225,5.37516523705204));
#3556=CARTESIAN_POINT('Ctrl Pts',(-5.62000582163484,1.91132100541334,5.47428607459838));
#3557=CARTESIAN_POINT('Ctrl Pts',(-5.85014048432752,-1.00671233953681,5.57340691214472));
#3558=CARTESIAN_POINT('Ctrl Pts',(-4.65783758404815,-3.67996772561555,5.67252774969106));
#3559=CARTESIAN_POINT('Ctrl Pts',(-2.33300066009485,-5.45845411640883,5.7716485872374));
#3560=CARTESIAN_POINT('Ctrl Pts',(0.559095765104231,-5.90973987129603,5.87076942478374));
#3561=CARTESIAN_POINT('Ctrl Pts',(3.31525035784422,-4.92409671775012,5.96989026233008));
#3562=CARTESIAN_POINT('Ctrl Pts',(5.26531548105987,-2.74117972884935,6.06901109987643));
#3563=CARTESIAN_POINT('Ctrl Pts',(5.93514083204747,0.108243820640583,6.16813193742276));
#3564=CARTESIAN_POINT('Ctrl Pts',(5.16186113561757,2.93134833098085,6.26725277496912));
#3565=CARTESIAN_POINT('Ctrl Pts',(3.13349616494222,5.04170756839738,6.36637361251544));
#3566=CARTESIAN_POINT('Ctrl Pts',(0.343234508129821,5.92619637654499,6.4654944500618));
#3567=CARTESIAN_POINT('Ctrl Pts',(-2.53048320560548,5.36975494478895,6.56461528760812));
#3568=CARTESIAN_POINT('Ctrl Pts',(-4.7889243505548,3.50767971537034,6.66373612515449));
#3569=CARTESIAN_POINT('Ctrl Pts',(-5.88295826447611,0.79272661072707,6.76285696270079));
#3570=CARTESIAN_POINT('Ctrl Pts',(-5.54657510735999,-2.11497470419346,6.86197780024717));
#3571=CARTESIAN_POINT('Ctrl Pts',(-3.86156505833137,-4.50842863104528,6.96109863779349));
#3572=CARTESIAN_POINT('Ctrl Pts',(-1.23763137056306,-5.80567670572746,7.06021947533984));
#3573=CARTESIAN_POINT('Ctrl Pts',(1.68722728740161,-5.6912984021175,7.15934031288617));
#3574=CARTESIAN_POINT('Ctrl Pts',(4.20184357975694,-4.19310433347692,7.25846115043252));
#3575=CARTESIAN_POINT('Ctrl Pts',(5.69479891260481,-1.67537421707814,7.35758198797886));
#3576=CARTESIAN_POINT('Ctrl Pts',(5.80308734544725,1.24971623999879,7.4567028255252));
#3577=CARTESIAN_POINT('Ctrl Pts',(4.50037899295746,3.87094333993034,7.55582366307154));
#3578=CARTESIAN_POINT('Ctrl Pts',(2.10342202325086,5.55096651206246,7.65494450061789));
#3579=CARTESIAN_POINT('Ctrl Pts',(-0.804973344971619,5.88129503737624,7.75406533816421));
#3580=CARTESIAN_POINT('Ctrl Pts',(-3.51764276535967,4.78161090424407,7.85318617571057));
#3581=CARTESIAN_POINT('Ctrl Pts',(-5.37501182531248,2.51929776312348,7.9523070132569));
#3582=CARTESIAN_POINT('Ctrl Pts',(-5.92546891958943,-0.35557223037758,8.05142785080325));
#3583=CARTESIAN_POINT('Ctrl Pts',(-5.03517261134622,-3.14398634393801,8.15054868834958));
#3584=CARTESIAN_POINT('Ctrl Pts',(-2.92059490153955,-5.16795304273875,8.24966952589593));
#3585=CARTESIAN_POINT('Ctrl Pts',(-0.0958864146698086,-5.93535341115632,
8.34879036344227));
#3586=CARTESIAN_POINT('Ctrl Pts',(2.75213615323532,-5.25959671954726,8.4479112009886));
#3587=CARTESIAN_POINT('Ctrl Pts',(4.93098874951211,-3.30499138486924,8.54703203853496));
#3588=CARTESIAN_POINT('Ctrl Pts',(5.9108905700517,-0.546789763186302,8.64615287608129));
#3589=CARTESIAN_POINT('Ctrl Pts',(5.45358598688656,2.34435910150269,8.74527371362763));
#3590=CARTESIAN_POINT('Ctrl Pts',(3.67025994673507,4.66549147405476,8.84439455117398));
#3591=CARTESIAN_POINT('Ctrl Pts',(0.994534099275742,5.85221948031077,8.9435153887203));
#3592=CARTESIAN_POINT('Ctrl Pts',(-1.92302580561076,5.61602268690753,9.04263622626666));
#3593=CARTESIAN_POINT('Ctrl Pts',(-4.37297626556406,4.01427736271332,9.141757063813));
#3594=CARTESIAN_POINT('Ctrl Pts',(-5.75972141315937,1.43654701570538,9.24087790135934));
#3595=CARTESIAN_POINT('Ctrl Pts',(-5.74588499765881,-1.49061102119719,9.33999873890567));
#3596=CARTESIAN_POINT('Ctrl Pts',(-4.33521426673373,-4.05506215394011,9.43911957645202));
#3597=CARTESIAN_POINT('Ctrl Pts',(-1.86994161113658,-5.63409832994432,9.53824041399836));
#3598=CARTESIAN_POINT('Ctrl Pts',(0.075904036188256,-5.77259122537692,9.60432097236259));
#3599=CARTESIAN_POINT('Ctrl Pts',(1.00683699337494,-5.60537719001878,9.6373612515447));
#3600=CARTESIAN_POINT('Ctrl Pts',(3.16920630976292,-4.44261177618939,-0.137361251544699));
#3601=CARTESIAN_POINT('Ctrl Pts',(3.90702886447071,-3.91627456428226,-0.104320972362585));
#3602=CARTESIAN_POINT('Ctrl Pts',(5.11464387540625,-2.48944320804447,-0.0382404139983583));
#3603=CARTESIAN_POINT('Ctrl Pts',(5.68229451937487,0.257835612198304,0.0608804235479829));
#3604=CARTESIAN_POINT('Ctrl Pts',(4.86835731898988,2.94169876531281,0.160001261094323));
#3605=CARTESIAN_POINT('Ctrl Pts',(2.87068330201714,4.91065549127234,0.259122098640665));
#3606=CARTESIAN_POINT('Ctrl Pts',(0.175022161328757,5.68542625484392,0.358242936187006));
#3607=CARTESIAN_POINT('Ctrl Pts',(-2.56319879566078,5.07790104170313,0.457363773733346));
#3608=CARTESIAN_POINT('Ctrl Pts',(-4.67818653411096,3.23565811150388,0.556484611279688));
#3609=CARTESIAN_POINT('Ctrl Pts',(-5.65569350132466,0.606702248051318,0.655605448826029));
#3610=CARTESIAN_POINT('Ctrl Pts',(-5.25804136959799,-2.16978303508053,0.75472628637237));
#3611=CARTESIAN_POINT('Ctrl Pts',(-3.58191840104795,-4.41868824269074,0.853847123918711));
#3612=CARTESIAN_POINT('Ctrl Pts',(-1.0348665911523,-5.59321080621576,0.952967961465051));
#3613=CARTESIAN_POINT('Ctrl Pts',(1.76380869871207,-5.40776556362773,1.05208879901139));
#3614=CARTESIAN_POINT('Ctrl Pts',(4.13362120369678,-3.90744523390449,1.15120963655773));
#3615=CARTESIAN_POINT('Ctrl Pts',(5.49836072065691,-1.45704526259362,1.25033047410408));
#3616=CARTESIAN_POINT('Ctrl Pts',(5.52619648448927,1.34762904476075,1.34945131165042));
#3617=CARTESIAN_POINT('Ctrl Pts',(4.2103603299197,3.82463301204451,1.44857214919675));
#3618=CARTESIAN_POINT('Ctrl Pts',(1.87079240534044,5.37169315853505,1.5476929867431));
#3619=CARTESIAN_POINT('Ctrl Pts',(-0.923650988334295,5.61264826777737,1.64681382428944));
#3620=CARTESIAN_POINT('Ctrl Pts',(-3.49351244793696,4.48891105343865,1.74593466183578));
#3621=CARTESIAN_POINT('Ctrl Pts',(-5.21394074536373,2.27371361316022,1.84505549938212));
#3622=CARTESIAN_POINT('Ctrl Pts',(-5.66662082577835,-0.494327930977676,
1.94417633692846));
#3623=CARTESIAN_POINT('Ctrl Pts',(-4.74148539239296,-3.14217567277257,2.0432971744748));
#3624=CARTESIAN_POINT('Ctrl Pts',(-2.66347731522365,-5.02601634286478,2.14241801202114));
#3625=CARTESIAN_POINT('Ctrl Pts',(0.062144300683688,-5.68780184002841,2.24153884956748));
#3626=CARTESIAN_POINT('Ctrl Pts',(2.77265578585341,-4.96662174719894,2.34065968711382));
#3627=CARTESIAN_POINT('Ctrl Pts',(4.80900743681249,-3.03782803312282,2.43978052466017));
#3628=CARTESIAN_POINT('Ctrl Pts',(5.67606873704534,-0.370398945189306,2.53890136220651));
#3629=CARTESIAN_POINT('Ctrl Pts',(5.16301730268262,2.38709112068831,2.63802219975285));
#3630=CARTESIAN_POINT('Ctrl Pts',(3.39459947681517,4.56416981259873,2.73714303729919));
#3631=CARTESIAN_POINT('Ctrl Pts',(0.800798769971549,5.63148941366981,2.83626387484553));
#3632=CARTESIAN_POINT('Ctrl Pts',(-1.98771285942851,5.32953555900577,2.93538471239187));
#3633=CARTESIAN_POINT('Ctrl Pts',(-4.2929202941297,3.73172708467571,3.03450554993821));
#3634=CARTESIAN_POINT('Ctrl Pts',(-5.55432184116469,1.22656454009199,3.13362638748455));
#3635=CARTESIAN_POINT('Ctrl Pts',(-5.46521290988303,-1.57683212039146,3.23274722503089));
#3636=CARTESIAN_POINT('Ctrl Pts',(-4.0472599699004,-3.99682854552115,3.33186806257724));
#3637=CARTESIAN_POINT('Ctrl Pts',(-1.64523243825243,-5.44501257210416,3.43098890012357));
#3638=CARTESIAN_POINT('Ctrl Pts',(1.15682658430759,-5.56926421891527,3.53010973766992));
#3639=CARTESIAN_POINT('Ctrl Pts',(3.67760798767672,-4.33937220980488,3.62923057521626));
#3640=CARTESIAN_POINT('Ctrl Pts',(5.30419415632085,-2.05437972105995,3.7283514127626));
#3641=CARTESIAN_POINT('Ctrl Pts',(5.6410873629822,0.73012673519954,3.82747225030894));
#3642=CARTESIAN_POINT('Ctrl Pts',(4.60637341207024,3.33710588307039,3.92659308785528));
#3643=CARTESIAN_POINT('Ctrl Pts',(2.4516387389281,5.1326814804776,4.02571392540163));
#3644=CARTESIAN_POINT('Ctrl Pts',(-0.299201795676891,5.68026671660005,4.12483476294796));
#3645=CARTESIAN_POINT('Ctrl Pts',(-2.97729264602734,4.84671849669053,4.22395560049431));
#3646=CARTESIAN_POINT('Ctrl Pts',(-4.93146705248807,2.83471063716833,4.32307643804064));
#3647=CARTESIAN_POINT('Ctrl Pts',(-5.68657555705968,0.133454561937968,4.42219727558699));
#3648=CARTESIAN_POINT('Ctrl Pts',(-5.05901663702662,-2.60025044034963,4.52131811313332));
#3649=CARTESIAN_POINT('Ctrl Pts',(-3.20137865898022,-4.70171525808152,4.62043895067967));
#3650=CARTESIAN_POINT('Ctrl Pts',(-0.565338645969022,-5.65997737642337,
4.71955978822601));
#3651=CARTESIAN_POINT('Ctrl Pts',(2.20816113027017,-5.24203930822868,4.81868062577235));
#3652=CARTESIAN_POINT('Ctrl Pts',(4.44475562274639,-3.54952097335893,4.91780146331869));
#3653=CARTESIAN_POINT('Ctrl Pts',(5.60062609278873,-0.993951233725637,5.01692230086503));
#3654=CARTESIAN_POINT('Ctrl Pts',(5.39472739645179,1.80329365446203,5.11604313841138));
#3655=CARTESIAN_POINT('Ctrl Pts',(3.87712295368617,4.16207511804514,5.21516397595771));
#3656=CARTESIAN_POINT('Ctrl Pts',(1.41681203398056,5.5088651595967,5.31428481350405));
#3657=CARTESIAN_POINT('Ctrl Pts',(-1.38799089616546,5.51619732772609,5.4134056510504));
#3658=CARTESIAN_POINT('Ctrl Pts',(-3.85530955682117,4.18228883595263,5.51252648859673));
#3659=CARTESIAN_POINT('Ctrl Pts',(-5.38522557813872,1.83147403989549,5.61164732614309));
#3660=CARTESIAN_POINT('Ctrl Pts',(-5.60574618101392,-0.964656125413854,
5.71076816368941));
#3661=CARTESIAN_POINT('Ctrl Pts',(-4.46325268914673,-3.52623412709296,5.80988900123578));
#3662=CARTESIAN_POINT('Ctrl Pts',(-2.23553768933687,-5.2304228247633,5.90900983878209));
#3663=CARTESIAN_POINT('Ctrl Pts',(0.535739091813353,-5.66285575586678,6.00813067632845));
#3664=CARTESIAN_POINT('Ctrl Pts',(3.17675311941275,-4.71838863432763,6.10725151387478));
#3665=CARTESIAN_POINT('Ctrl Pts',(5.04535271056448,-2.62666475063912,6.20637235142113));
#3666=CARTESIAN_POINT('Ctrl Pts',(5.68719557114265,0.103721848355592,6.30549318896746));
#3667=CARTESIAN_POINT('Ctrl Pts',(4.94622025324553,2.80888890713645,6.40461402651381));
#3668=CARTESIAN_POINT('Ctrl Pts',(3.00259185346141,4.83108619751058,6.50373486406014));
#3669=CARTESIAN_POINT('Ctrl Pts',(0.32889561170292,5.6786247774312,6.60285570160649));
#3670=CARTESIAN_POINT('Ctrl Pts',(-2.42477024337193,5.14542913206493,6.70197653915282));
#3671=CARTESIAN_POINT('Ctrl Pts',(-4.58886320101303,3.36114358643775,6.80109737669917));
#3672=CARTESIAN_POINT('Ctrl Pts',(-5.6371929721175,0.759609821777154,6.9002182142455));
#3673=CARTESIAN_POINT('Ctrl Pts',(-5.31486249075338,-2.02661994233056,6.99933905179186));
#3674=CARTESIAN_POINT('Ctrl Pts',(-3.700245085818,-4.32008541479685,7.09845988933818));
#3675=CARTESIAN_POINT('Ctrl Pts',(-1.18592832900736,-5.56313991236985,7.19758072688455));
#3676=CARTESIAN_POINT('Ctrl Pts',(1.61674201639985,-5.45353985398321,7.29670156443086));
#3677=CARTESIAN_POINT('Ctrl Pts',(4.0263081995283,-4.01793404225969,7.39582240197723));
#3678=CARTESIAN_POINT('Ctrl Pts',(5.45689412784182,-1.60538411758065,7.49494323952355));
#3679=CARTESIAN_POINT('Ctrl Pts',(5.56065872468883,1.1975083433453,7.5940640770699));
#3680=CARTESIAN_POINT('Ctrl Pts',(4.312372056786,3.70923158219339,7.69318491461624));
#3681=CARTESIAN_POINT('Ctrl Pts',(2.01554988388531,5.31907044100792,7.79230575216258));
#3682=CARTESIAN_POINT('Ctrl Pts',(-0.771344938891906,5.63559922766158,7.89142658970892));
#3683=CARTESIAN_POINT('Ctrl Pts',(-3.37069042203572,4.58185527977827,7.99054742725525));
#3684=CARTESIAN_POINT('Ctrl Pts',(-5.15046640219507,2.4140520817065,8.08966826480161));
#3685=CARTESIAN_POINT('Ctrl Pts',(-5.67792771057247,-0.340717915724184,
8.18878910234793));
#3686=CARTESIAN_POINT('Ctrl Pts',(-4.82482424352319,-3.0126437968295,8.28790993989429));
#3687=CARTESIAN_POINT('Ctrl Pts',(-2.79858471082101,-4.95205766606854,8.38703077744062));
#3688=CARTESIAN_POINT('Ctrl Pts',(-0.0918806829145974,-5.68739926958901,
8.48615161498696));
#3689=CARTESIAN_POINT('Ctrl Pts',(2.63716346162286,-5.03987285489343,8.58527245253331));
#3690=CARTESIAN_POINT('Ctrl Pts',(4.72499274594388,-3.16692272324881,8.68439329007965));
#3691=CARTESIAN_POINT('Ctrl Pts',(5.6639583832605,-0.523947182979731,8.78351412762599));
#3692=CARTESIAN_POINT('Ctrl Pts',(5.22575806525005,2.24642162275947,8.88263496517233));
#3693=CARTESIAN_POINT('Ctrl Pts',(3.51693189844884,4.47058683176937,8.98175580271867));
#3694=CARTESIAN_POINT('Ctrl Pts',(0.952986640891573,5.60773832527518,9.080876640265));
#3695=CARTESIAN_POINT('Ctrl Pts',(-1.84268986269189,5.3814088420542,9.17999747781136));
#3696=CARTESIAN_POINT('Ctrl Pts',(-4.19029168034896,3.8465777113979,9.27911831535769));
#3697=CARTESIAN_POINT('Ctrl Pts',(-5.51910443894813,1.37653411378941,9.37823915290404));
#3698=CARTESIAN_POINT('Ctrl Pts',(-5.50584605078482,-1.4283395521593,9.47735999045038));
#3699=CARTESIAN_POINT('Ctrl Pts',(-4.1541072192582,-3.88565868531222,9.57648082799671));
#3700=CARTESIAN_POINT('Ctrl Pts',(-1.79182330294977,-5.39872936062881,9.67560166554306));
#3701=CARTESIAN_POINT('Ctrl Pts',(0.0727330842952865,-5.53143660445461,
9.74168222390728));
#3702=CARTESIAN_POINT('Ctrl Pts',(0.964775571738074,-5.37120806932251,9.7747225030894));
#3703=CARTESIAN_POINT('Ctrl Pts',(3.03103809038209,-4.24892676533179,-5.55111512312578E-16));
#3704=CARTESIAN_POINT('Ctrl Pts',(3.73669371790406,-3.74553633197267,0.0330402791821132));
#3705=CARTESIAN_POINT('Ctrl Pts',(4.89166021074075,-2.38091069179723,0.0991208375463402));
#3706=CARTESIAN_POINT('Ctrl Pts',(5.43456293013724,0.246594726011549,0.198241675092682));
#3707=CARTESIAN_POINT('Ctrl Pts',(4.65611103511675,2.81344921617303,0.297362512639022));
#3708=CARTESIAN_POINT('Ctrl Pts',(2.74552982146771,4.69656512955254,0.396483350185363));
#3709=CARTESIAN_POINT('Ctrl Pts',(0.167391701832166,5.43755813100709,0.495604187731705));
#3710=CARTESIAN_POINT('Ctrl Pts',(-2.45145074933621,4.85651925820646,0.594725025278045));
#3711=CARTESIAN_POINT('Ctrl Pts',(-4.47423114586177,3.0945927859634,0.693845862824386));
#3712=CARTESIAN_POINT('Ctrl Pts',(-5.40912163945676,0.580251786606324,0.792966700370727));
#3713=CARTESIAN_POINT('Ctrl Pts',(-5.02880598936096,-2.0751867768703,0.892087537917069));
#3714=CARTESIAN_POINT('Ctrl Pts',(-3.42575712940222,-4.22604622862848,0.991208375463409));
#3715=CARTESIAN_POINT('Ctrl Pts',(-0.989749404001758,-5.34936300894999,
1.09032921300975));
#3716=CARTESIAN_POINT('Ctrl Pts',(1.68691174616003,-5.17200264202377,1.18945005055609));
#3717=CARTESIAN_POINT('Ctrl Pts',(3.95340728718708,-3.73709193483603,1.28857088810243));
#3718=CARTESIAN_POINT('Ctrl Pts',(5.25864811250439,-1.39352230769173,1.38769172564877));
#3719=CARTESIAN_POINT('Ctrl Pts',(5.28527031762587,1.28887632016631,1.48681256319511));
#3720=CARTESIAN_POINT('Ctrl Pts',(4.02680080968758,3.65789008608496,1.58593340074145));
#3721=CARTESIAN_POINT('Ctrl Pts',(1.78923127292668,5.13750288935358,1.6850542382878));
#3722=CARTESIAN_POINT('Ctrl Pts',(-0.883382479466839,5.36795305346433,1.78417507583414));
#3723=CARTESIAN_POINT('Ctrl Pts',(-3.3412054198873,4.29320752814213,1.88329591338048));
#3724=CARTESIAN_POINT('Ctrl Pts',(-4.98662802465986,2.17458628265335,1.98241675092682));
#3725=CARTESIAN_POINT('Ctrl Pts',(-5.41957256420188,-0.472776664402517,
2.08153758847316));
#3726=CARTESIAN_POINT('Ctrl Pts',(-4.53477035719028,-3.00518591090339,2.18065842601951));
#3727=CARTESIAN_POINT('Ctrl Pts',(-2.54735741578005,-4.80689658201698,2.27977926356584));
#3728=CARTESIAN_POINT('Ctrl Pts',(0.0594349890987451,-5.4398301475555,2.37890010111219));
#3729=CARTESIAN_POINT('Ctrl Pts',(2.65177602119209,-4.75009141875847,2.47802093865852));
#3730=CARTESIAN_POINT('Ctrl Pts',(4.59934863596804,-2.90538752622721,2.57714177620487));
#3731=CARTESIAN_POINT('Ctrl Pts',(5.42860857389193,-0.354250623585973,2.6762626137512));
#3732=CARTESIAN_POINT('Ctrl Pts',(4.93792469664226,2.28302085911232,2.77538345129755));
#3733=CARTESIAN_POINT('Ctrl Pts',(3.24660476792613,4.36518522329767,2.87450428884388));
#3734=CARTESIAN_POINT('Ctrl Pts',(0.765886262133702,5.38597277994615,2.97362512639023));
#3735=CARTESIAN_POINT('Ctrl Pts',(-1.90105433373343,5.09718323910592,3.07274596393657));
#3736=CARTESIAN_POINT('Ctrl Pts',(-4.10576139849186,3.56903458816119,3.17186680148291));
#3737=CARTESIAN_POINT('Ctrl Pts',(-5.31216949018089,1.17308987738603,3.27098763902925));
#3738=CARTESIAN_POINT('Ctrl Pts',(-5.22694545030822,-1.50808680530553,3.37010847657559));
#3739=CARTESIAN_POINT('Ctrl Pts',(-3.87081115314467,-3.8225783928555,3.46922931412193));
#3740=CARTESIAN_POINT('Ctrl Pts',(-1.5735050673455,-5.20762578877097,3.56835015166828));
#3741=CARTESIAN_POINT('Ctrl Pts',(1.10639229456325,-5.32646042352385,3.66747098921462));
#3742=CARTESIAN_POINT('Ctrl Pts',(3.51727492710168,-4.15018814513467,3.76659182676096));
#3743=CARTESIAN_POINT('Ctrl Pts',(5.07294664820773,-1.96481471321665,3.8657126643073));
#3744=CARTESIAN_POINT('Ctrl Pts',(5.39515228645723,0.698295323462768,3.96483350185364));
#3745=CARTESIAN_POINT('Ctrl Pts',(4.40554886802326,3.19161772840884,4.06395433939999));
#3746=CARTESIAN_POINT('Ctrl Pts',(2.34475438807998,4.90891142845482,4.16307517694632));
#3747=CARTESIAN_POINT('Ctrl Pts',(-0.28615746365696,5.43262353369235,4.26219601449266));
#3748=CARTESIAN_POINT('Ctrl Pts',(-2.84749130674249,4.6354156028193,4.36131685203901));
#3749=CARTESIAN_POINT('Ctrl Pts',(-4.71646936695447,2.71112546065555,4.46043768958534));
#3750=CARTESIAN_POINT('Ctrl Pts',(-5.43865732697378,0.127636329425168,4.55955852713169));
#3751=CARTESIAN_POINT('Ctrl Pts',(-4.8384581588983,-2.48688704959133,4.65867936467803));
#3752=CARTESIAN_POINT('Ctrl Pts',(-3.06180781832132,-4.49673408558935,4.75780020222437));
#3753=CARTESIAN_POINT('Ctrl Pts',(-0.540691517815799,-5.41321875000416,
4.85692103977071));
#3754=CARTESIAN_POINT('Ctrl Pts',(2.11189169822483,-5.01350157153698,4.95604187731705));
#3755=CARTESIAN_POINT('Ctrl Pts',(4.25097714638593,-3.39477213576097,5.05516271486339));
#3756=CARTESIAN_POINT('Ctrl Pts',(5.35645501049768,-0.950617837697677,5.15428355240973));
#3757=CARTESIAN_POINT('Ctrl Pts',(5.15953290118761,1.72467527215912,5.25340438995607));
#3758=CARTESIAN_POINT('Ctrl Pts',(3.70809161824387,3.98062069325177,5.35252522750242));
#3759=CARTESIAN_POINT('Ctrl Pts',(1.35504313135992,5.26869458831966,5.45164606504875));
#3760=CARTESIAN_POINT('Ctrl Pts',(-1.32747851170844,5.27570709514724,5.5507669025951));
#3761=CARTESIAN_POINT('Ctrl Pts',(-3.6872292223264,3.99995315158276,5.64988774014143));
#3762=CARTESIAN_POINT('Ctrl Pts',(-5.15044533464262,1.75162707437764,5.74900857768779));
#3763=CARTESIAN_POINT('Ctrl Pts',(-5.36135187770031,-0.922599911290892,
5.84812941523411));
#3764=CARTESIAN_POINT('Ctrl Pts',(-4.26866779424532,-3.37250052857038,5.94725025278046));
#3765=CARTESIAN_POINT('Ctrl Pts',(-2.13807471857889,-5.00239153311777,6.0463710903268));
#3766=CARTESIAN_POINT('Ctrl Pts',(0.512382418522468,-5.41597164043753,6.14549192787314));
#3767=CARTESIAN_POINT('Ctrl Pts',(3.03825588098128,-4.51268055090513,6.24461276541948));
#3768=CARTESIAN_POINT('Ctrl Pts',(4.82538994006909,-2.5121497724289,6.34373360296583));
#3769=CARTESIAN_POINT('Ctrl Pts',(5.43925031023784,0.0991998760706045,6.44285444051216));
#3770=CARTESIAN_POINT('Ctrl Pts',(4.73057937087347,2.68642948329205,6.5419752780585));
#3771=CARTESIAN_POINT('Ctrl Pts',(2.87168754198059,4.62046482662379,6.64109611560484));
#3772=CARTESIAN_POINT('Ctrl Pts',(0.314556715276017,5.43105317831739,6.74021695315119));
#3773=CARTESIAN_POINT('Ctrl Pts',(-2.31905728113837,4.9211033193409,6.83933779069753));
#3774=CARTESIAN_POINT('Ctrl Pts',(-4.38880205147127,3.21460745750515,6.93845862824387));
#3775=CARTESIAN_POINT('Ctrl Pts',(-5.3914276797589,0.726493032827239,7.03757946579021));
#3776=CARTESIAN_POINT('Ctrl Pts',(-5.08314987414676,-1.93826518046767,7.13670030333655));
#3777=CARTESIAN_POINT('Ctrl Pts',(-3.53892511330463,-4.13174219854842,7.23582114088289));
#3778=CARTESIAN_POINT('Ctrl Pts',(-1.13422528745167,-5.32060311901225,7.33494197842923));
#3779=CARTESIAN_POINT('Ctrl Pts',(1.54625674539809,-5.21578130584892,7.43406281597557));
#3780=CARTESIAN_POINT('Ctrl Pts',(3.85077281929965,-3.84276375104245,7.53318365352192));
#3781=CARTESIAN_POINT('Ctrl Pts',(5.21898934307885,-1.53539401808316,7.63230449106825));
#3782=CARTESIAN_POINT('Ctrl Pts',(5.31823010393039,1.14530044669181,7.73142532861461));
#3783=CARTESIAN_POINT('Ctrl Pts',(4.12436512061454,3.54751982445644,7.83054616616094));
#3784=CARTESIAN_POINT('Ctrl Pts',(1.92767774451975,5.08717436995339,7.92966700370728));
#3785=CARTESIAN_POINT('Ctrl Pts',(-0.737716532812191,5.38990341794693,8.02878784125362));
#3786=CARTESIAN_POINT('Ctrl Pts',(-3.22373807871178,4.38209965531247,8.12790867879996));
#3787=CARTESIAN_POINT('Ctrl Pts',(-4.92592097907765,2.30880640028952,8.22702951634631));
#3788=CARTESIAN_POINT('Ctrl Pts',(-5.43038650155552,-0.325863601070791,
8.32615035389264));
#3789=CARTESIAN_POINT('Ctrl Pts',(-4.61447587570015,-2.88130124972099,8.42527119143899));
#3790=CARTESIAN_POINT('Ctrl Pts',(-2.67657452010248,-4.73616228939833,8.52439202898532));
#3791=CARTESIAN_POINT('Ctrl Pts',(-0.0878749511593896,-5.4394451280217,
8.62351286653167));
#3792=CARTESIAN_POINT('Ctrl Pts',(2.52219077001041,-4.8201489902396,8.72263370407801));
#3793=CARTESIAN_POINT('Ctrl Pts',(4.51899674237564,-3.02885406162838,8.82175454162435));
#3794=CARTESIAN_POINT('Ctrl Pts',(5.41702619646929,-0.501104602773162,8.92087537917069));
#3795=CARTESIAN_POINT('Ctrl Pts',(4.99793014361353,2.14848414401626,9.01999621671703));
#3796=CARTESIAN_POINT('Ctrl Pts',(3.36360385016262,4.27568218948397,9.11911705426337));
#3797=CARTESIAN_POINT('Ctrl Pts',(0.911439182507404,5.36325717023959,9.21823789180971));
#3798=CARTESIAN_POINT('Ctrl Pts',(-1.76235391977302,5.14679499720088,9.31735872935605));
#3799=CARTESIAN_POINT('Ctrl Pts',(-4.00760709513386,3.67887806008248,9.4164795669024));
#3800=CARTESIAN_POINT('Ctrl Pts',(-5.27848746473691,1.31652121187344,9.51560040444874));
#3801=CARTESIAN_POINT('Ctrl Pts',(-5.26580710391081,-1.36606808312143,9.61472124199507));
#3802=CARTESIAN_POINT('Ctrl Pts',(-3.97300017178267,-3.71625521668433,9.71384207954142));
#3803=CARTESIAN_POINT('Ctrl Pts',(-1.71370499476295,-5.16336039131331,9.81296291708776));
#3804=CARTESIAN_POINT('Ctrl Pts',(0.069562132402323,-5.29028198353231,9.87904347545198));
#3805=CARTESIAN_POINT('Ctrl Pts',(0.922714150101206,-5.13703894862624,9.9120837546341));
#3806=CARTESIAN_POINT('Ctrl Pts',(2.58403928942733,5.34097883428046,7.11236625150491E-17));
#3807=CARTESIAN_POINT('Ctrl Pts',(2.7196956522773,5.26551588609169,8.06042967202476E-17));
#3808=CARTESIAN_POINT('Ctrl Pts',(2.85208385000231,5.18485697001803,6.68324457402646E-16));
#3809=CARTESIAN_POINT('Ctrl Pts',(2.98087773144546,5.09912166586715,6.03683769639929E-16));
#3810=CARTESIAN_POINT('Ctrl Pts',(3.11911147570464,5.0071024489977,5.18692773906362E-16));
#3811=CARTESIAN_POINT('Ctrl Pts',(3.25320560413805,4.90923560416695,-6.10614299872398E-16));
#3812=CARTESIAN_POINT('Ctrl Pts',(3.38287655325581,4.80588045246007,-5.55111512312578E-16));
#3813=CARTESIAN_POINT('Ctrl Pts',(3.51297408235118,4.70218529214987,-4.99426136609189E-16));
#3814=CARTESIAN_POINT('Ctrl Pts',(3.63861978189417,4.59296506774641,3.08949989032446E-17));
#3815=CARTESIAN_POINT('Ctrl Pts',(3.759489901139,4.47854608526139,6.24500451351651E-17));
#3816=CARTESIAN_POINT('Ctrl Pts',(3.87483392159813,4.36935826002286,9.2562416339095E-17));
#3817=CARTESIAN_POINT('Ctrl Pts',(3.9858291621726,4.2554354825867,-4.10734385081245E-16));
#3818=CARTESIAN_POINT('Ctrl Pts',(4.09215642171792,4.13703778203905,-4.71844785465692E-16));
#3819=CARTESIAN_POINT('Ctrl Pts',(4.13329685794741,4.09122701751896,-4.95489789961483E-16));
#3820=CARTESIAN_POINT('Ctrl Pts',(4.17373803058434,4.04474611064397,-5.80811000580747E-16));
#3821=CARTESIAN_POINT('Ctrl Pts',(4.2134597712463,3.99760943540775,-5.82867087928207E-16));
#3822=CARTESIAN_POINT('Ctrl Pts',(4.23944278037791,3.96677612743368,-5.84212027385395E-16));
#3823=CARTESIAN_POINT('Ctrl Pts',(4.26511793899942,3.93566222194347,-3.67323023712916E-16));
#3824=CARTESIAN_POINT('Ctrl Pts',(4.29047936930541,3.90427167237631,-3.60822483003176E-16));
#3825=CARTESIAN_POINT('Ctrl Pts',(4.30712072983454,3.88367419635655,-3.5655703581507E-16));
#3826=CARTESIAN_POINT('Ctrl Pts',(4.32362914829297,3.86295476916058,1.2720158490016E-16));
#3827=CARTESIAN_POINT('Ctrl Pts',(4.3399867385258,3.84213543946412,1.11022302462516E-16));
#3828=CARTESIAN_POINT('Ctrl Pts',(4.44130931384197,3.7131758512133,1.08042055414091E-17));
#3829=CARTESIAN_POINT('Ctrl Pts',(4.53697368101217,3.58023352113705,2.95418199838883E-16));
#3830=CARTESIAN_POINT('Ctrl Pts',(4.62670031309716,3.44364204009495,1.94289029309402E-16));
#3831=CARTESIAN_POINT('Ctrl Pts',(4.71595971612877,3.30776182511626,9.3686463707771E-17));
#3832=CARTESIAN_POINT('Ctrl Pts',(4.79934346339553,3.16826975186606,-5.75789822236364E-16));
#3833=CARTESIAN_POINT('Ctrl Pts',(4.87653279480948,3.02546706876314,-4.57966997657877E-16));
#3834=CARTESIAN_POINT('Ctrl Pts',(4.88723391527407,3.00566966040945,-4.41632664710617E-16));
#3835=CARTESIAN_POINT('Ctrl Pts',(4.89781590728246,2.98580858906697,-5.10442266521491E-17));
#3836=CARTESIAN_POINT('Ctrl Pts',(4.90827784818121,2.9658846261021,-6.93889390390723E-17));
#3837=CARTESIAN_POINT('Ctrl Pts',(4.98423953026531,2.82122143642821,-2.17375656688875E-16));
#3838=CARTESIAN_POINT('Ctrl Pts',(5.05387642802656,2.67324362880657,-5.51462289731844E-16));
#3839=CARTESIAN_POINT('Ctrl Pts',(5.11705996802485,2.52239042060702,-5.55111512312578E-16));
#3840=CARTESIAN_POINT('Ctrl Pts',(5.17983728708494,2.37250708101195,-5.58737273235095E-16));
#3841=CARTESIAN_POINT('Ctrl Pts',(5.23624405041494,2.21978444174335,-2.00197516598053E-16));
#3842=CARTESIAN_POINT('Ctrl Pts',(5.28610319339221,2.06464859183461,-8.32667268468867E-17));
#3843=CARTESIAN_POINT('Ctrl Pts',(5.30059523279058,2.01955686512757,-4.92796682901518E-17));
#3844=CARTESIAN_POINT('Ctrl Pts',(5.31453377440538,1.97426127252193,1.03668479819506E-17));
#3845=CARTESIAN_POINT('Ctrl Pts',(5.32791363804165,1.92877234138786,2.77555756156289E-17));
#3846=CARTESIAN_POINT('Ctrl Pts',(5.33359603859554,1.90945328594012,3.51405324599753E-17));
#3847=CARTESIAN_POINT('Ctrl Pts',(5.33917746505857,1.89009987609452,-3.2254289774206E-16));
#3848=CARTESIAN_POINT('Ctrl Pts',(5.34465399152215,1.87072592096503,-3.05311331771918E-16));
#3849=CARTESIAN_POINT('Ctrl Pts',(5.38849904479543,1.71561809843986,-1.67355469973752E-16));
#3850=CARTESIAN_POINT('Ctrl Pts',(5.42568849134269,1.55897973015921,6.48261749689676E-16));
#3851=CARTESIAN_POINT('Ctrl Pts',(5.45615072040928,1.40124367247318,5.82867087928207E-16));
#3852=CARTESIAN_POINT('Ctrl Pts',(5.4865725480744,1.24371681673953,5.17559157704955E-16));
#3853=CARTESIAN_POINT('Ctrl Pts',(5.51028508862963,1.08509442546124,1.13684119005662E-16));
#3854=CARTESIAN_POINT('Ctrl Pts',(5.5271658859037,0.925799196804425,8.32667268468867E-17));
#3855=CARTESIAN_POINT('Ctrl Pts',(5.54381432662333,0.768696595063732,5.32680163606756E-17));
#3856=CARTESIAN_POINT('Ctrl Pts',(5.55381779777751,0.610938854551698,-9.33760021765091E-17));
#3857=CARTESIAN_POINT('Ctrl Pts',(5.55700853110126,0.452934021411218,-1.11022302462516E-16));
#3858=CARTESIAN_POINT('Ctrl Pts',(5.55836009973837,0.386004461552149,-1.18497131477609E-16));
#3859=CARTESIAN_POINT('Ctrl Pts',(5.55848863571516,0.319030657734366,4.71901310548707E-17));
#3860=CARTESIAN_POINT('Ctrl Pts',(5.55737860806097,0.252044223447142,2.77555756156289E-17));
#3861=CARTESIAN_POINT('Ctrl Pts',(5.55549183002465,0.138183516943946,-2.98576854553788E-17));
#3862=CARTESIAN_POINT('Ctrl Pts',(5.55002722349827,0.0242859772640479,1.93850059535929E-16));
#3863=CARTESIAN_POINT('Ctrl Pts',(5.54100459306745,-0.0894832212456877,
1.66533453693773E-16));
#3864=CARTESIAN_POINT('Ctrl Pts',(5.53747601021883,-0.133976237516448,1.55850437516131E-16));
#3865=CARTESIAN_POINT('Ctrl Pts',(5.53340311720632,-0.178449562735416,-1.88116550948117E-17));
#3866=CARTESIAN_POINT('Ctrl Pts',(5.52878660809478,-0.222893051449988,-2.77555756156289E-17));
#3867=CARTESIAN_POINT('Ctrl Pts',(5.52669296598175,-0.24304870529462,-3.1811750575008E-17));
#3868=CARTESIAN_POINT('Ctrl Pts',(5.52448746500203,-0.263198165758956,-5.09628126953119E-16));
#3869=CARTESIAN_POINT('Ctrl Pts',(5.52217197107074,-0.283326074354736,-4.9960036108132E-16));
#3870=CARTESIAN_POINT('Ctrl Pts',(5.50417705992263,-0.439750551172911,-4.21669361808E-16));
#3871=CARTESIAN_POINT('Ctrl Pts',(5.47952126395836,-0.595093174097928,-2.54789396818016E-16));
#3872=CARTESIAN_POINT('Ctrl Pts',(5.44836307489855,-0.748941879735835,-2.77555756156289E-16));
#3873=CARTESIAN_POINT('Ctrl Pts',(5.41705455282919,-0.903532879442497,-3.00431959340397E-16));
#3874=CARTESIAN_POINT('Ctrl Pts',(5.37918051098948,-1.05661625324877,-4.53767603504878E-16));
#3875=CARTESIAN_POINT('Ctrl Pts',(5.33485093339253,-1.20776213377426,-4.44089209850063E-16));
#3876=CARTESIAN_POINT('Ctrl Pts',(5.2908439872633,-1.3578079718469,-4.3448125571936E-16));
#3877=CARTESIAN_POINT('Ctrl Pts',(5.2404748256841,-1.50594509807021,3.39664837589771E-16));
#3878=CARTESIAN_POINT('Ctrl Pts',(5.18380523580388,-1.65173075841651,3.88578058618805E-16));
#3879=CARTESIAN_POINT('Ctrl Pts',(5.13654517297684,-1.7733098889839,4.29369634908507E-16));
#3880=CARTESIAN_POINT('Ctrl Pts',(5.08490237923876,-1.89325341585193,-3.78531319384469E-16));
#3881=CARTESIAN_POINT('Ctrl Pts',(5.02889023840027,-2.01128745534672,-4.44089209850063E-16));
#3882=CARTESIAN_POINT('Ctrl Pts',(5.00088416798102,-2.07030447509412,-4.76868155082859E-16));
#3883=CARTESIAN_POINT('Ctrl Pts',(4.97178545190756,-2.12884384987137,-5.63488353872071E-16));
#3884=CARTESIAN_POINT('Ctrl Pts',(4.94159396783247,-2.18686952610521,-5.55111512312578E-16));
#3885=CARTESIAN_POINT('Ctrl Pts',(4.93060630913733,-2.20798694863489,-5.52062908415863E-16));
#3886=CARTESIAN_POINT('Ctrl Pts',(4.91947390571495,-2.22903632080134,-4.98142333130718E-16));
#3887=CARTESIAN_POINT('Ctrl Pts',(4.90819671387881,-2.25001586006351,-4.9960036108132E-16));
#3888=CARTESIAN_POINT('Ctrl Pts',(4.89850517352389,-2.26804553042305,-5.00853380177491E-16));
#3889=CARTESIAN_POINT('Ctrl Pts',(4.88870833055024,-2.28602052053712,-5.59895767043412E-16));
#3890=CARTESIAN_POINT('Ctrl Pts',(4.87881034652233,-2.30393253416619,-5.55111512312578E-16));
#3891=CARTESIAN_POINT('Ctrl Pts',(4.8685786215768,-2.32244850632339,-5.50165941746166E-16));
#3892=CARTESIAN_POINT('Ctrl Pts',(4.85823757365127,-2.34089951044589,2.59893004133389E-16));
#3893=CARTESIAN_POINT('Ctrl Pts',(4.84778743704995,-2.35928448574624,2.77555756156289E-16));
#3894=CARTESIAN_POINT('Ctrl Pts',(4.77100330039145,-2.49437118458874,4.08200998250051E-16));
#3895=CARTESIAN_POINT('Ctrl Pts',(4.68833314879952,-2.62589564945588,8.99737890042085E-16));
#3896=CARTESIAN_POINT('Ctrl Pts',(4.60010354173674,-2.75355286762013,6.66133814775094E-16));
#3897=CARTESIAN_POINT('Ctrl Pts',(4.51168416368831,-2.88148466069095,4.32027285999695E-16));
#3898=CARTESIAN_POINT('Ctrl Pts',(4.41768081319859,-3.00553309271564,-6.02857579183279E-16));
#3899=CARTESIAN_POINT('Ctrl Pts',(4.31838447159706,-3.12535515895589,-7.21644966006352E-16));
#3900=CARTESIAN_POINT('Ctrl Pts',(4.27276387719312,-3.18040606814773,-7.7622050330365E-16));
#3901=CARTESIAN_POINT('Ctrl Pts',(4.22602554777238,-3.23456430992212,-9.78763701208306E-17));
#3902=CARTESIAN_POINT('Ctrl Pts',(4.17819555248487,-3.28779359788723,-1.11022302462516E-16));
#3903=CARTESIAN_POINT('Ctrl Pts',(4.15200728037788,-3.31693813509474,-1.18220071377078E-16));
#3904=CARTESIAN_POINT('Ctrl Pts',(4.12549171932618,-3.34580414864964,3.50844300369733E-16));
#3905=CARTESIAN_POINT('Ctrl Pts',(4.09865300375728,-3.37438541558512,3.88578058618805E-16));
#3906=CARTESIAN_POINT('Ctrl Pts',(4.08398380365531,-3.39000703960689,4.09202147313891E-16));
#3907=CARTESIAN_POINT('Ctrl Pts',(4.06921953216262,-3.4055419802995,-5.15770765090737E-17));
#3908=CARTESIAN_POINT('Ctrl Pts',(4.05436709605062,-3.42098297197625,-5.55111512312578E-17));
#3909=CARTESIAN_POINT('Ctrl Pts',(3.94779187939504,-3.53178143095741,-8.37405179623515E-17));
#3910=CARTESIAN_POINT('Ctrl Pts',(3.83659098473032,-3.6378408025292,-4.25874740235006E-17));
#3911=CARTESIAN_POINT('Ctrl Pts',(3.72106078992609,-3.73884366229048,-1.11022302462516E-16));
#3912=CARTESIAN_POINT('Ctrl Pts',(3.60713918767994,-3.83844020183538,-1.78504273893659E-16));
#3913=CARTESIAN_POINT('Ctrl Pts',(3.48900739116001,-3.93312043959754,-2.04851161668374E-16));
#3914=CARTESIAN_POINT('Ctrl Pts',(3.36692246673091,-4.02253803679712,-3.33066907387547E-16));
#3915=CARTESIAN_POINT('Ctrl Pts',(3.25804897894283,-4.10227929659863,-4.47407768809013E-16));
#3916=CARTESIAN_POINT('Ctrl Pts',(3.146031032434,-4.17783494178786,-6.12879391071891E-16));
#3917=CARTESIAN_POINT('Ctrl Pts',(3.03103809038209,-4.24892676533179,-6.10622663543836E-16));
#3918=CARTESIAN_POINT('',(1.04889841501181,-5.83954631071505,9.5));
#3919=CARTESIAN_POINT('Ctrl Pts',(1.04889841501181,-5.83954631071505,9.5));
#3920=CARTESIAN_POINT('Ctrl Pts',(0.0790749880812192,-6.01374584629922,
9.46695972081789));
#3921=CARTESIAN_POINT('Ctrl Pts',(-0.934492465621136,-5.94160657277951,
9.43391944163577));
#3922=CARTESIAN_POINT('Ctrl Pts',(-1.86931975828659,-5.63136998990436,9.40087916245366));
#3923=CARTESIAN_POINT('Ctrl Pts',(-2.80414705095203,-5.3211334070292,9.36783888327155));
#3924=CARTESIAN_POINT('Ctrl Pts',(-3.6602341825806,-4.77279951479863,9.33479860408943));
#3925=CARTESIAN_POINT('Ctrl Pts',(-4.3332115201155,-4.05336871329452,9.30175832490732));
#3926=CARTESIAN_POINT('Ctrl Pts',(-5.00618885765042,-3.33393791179039,9.26871804572521));
#3927=CARTESIAN_POINT('Ctrl Pts',(-5.49605640109162,-2.44341020101272,9.2356777665431));
#3928=CARTESIAN_POINT('Ctrl Pts',(-5.74339257995185,-1.48990594431447,9.20263748736098));
#3929=CARTESIAN_POINT('Ctrl Pts',(-5.86939195909508,-1.00416647462572,9.18580592360492));
#3930=CARTESIAN_POINT('Ctrl Pts',(-5.93245094867957,-0.502083682331445,
9.16897435984886));
#3931=CARTESIAN_POINT('Ctrl Pts',(-5.93248353301332,-4.16505757244723E-6,
9.15214279609281));
#3932=CARTESIAN_POINT('Ctrl Pts',(-4.84747023703082,-2.59750047769121,9.5));
#3933=CARTESIAN_POINT('Ctrl Pts',(-4.79736969091439,-2.70689353522442,9.5));
#3934=CARTESIAN_POINT('Ctrl Pts',(-4.74366588975522,-2.81475912495236,9.5));
#3935=CARTESIAN_POINT('Ctrl Pts',(-4.68642987464491,-2.92091668871783,9.5));
#3936=CARTESIAN_POINT('Ctrl Pts',(-4.67185369928589,-2.94795161178418,9.5));
#3937=CARTESIAN_POINT('Ctrl Pts',(-4.65704836042959,-2.97487571692102,9.5));
#3938=CARTESIAN_POINT('Ctrl Pts',(-4.64201487136827,-3.00168592818887,9.5));
#3939=CARTESIAN_POINT('Ctrl Pts',(-4.63303222408693,-3.01770527475407,9.5));
#3940=CARTESIAN_POINT('Ctrl Pts',(-4.62396812204191,-3.03368395845679,9.5));
#3941=CARTESIAN_POINT('Ctrl Pts',(-4.61482277064272,-3.0496213157256,9.5));
#3942=CARTESIAN_POINT('Ctrl Pts',(-4.60562731568352,-3.06564598711735,9.5));
#3943=CARTESIAN_POINT('Ctrl Pts',(-4.59635477806827,-3.08162007116027,9.5));
#3944=CARTESIAN_POINT('Ctrl Pts',(-4.58700484688341,-3.09754432890662,9.5));
#3945=CARTESIAN_POINT('Ctrl Pts',(-4.50555711214107,-3.23626136278096,9.5));
#3946=CARTESIAN_POINT('Ctrl Pts',(-4.41825862698355,-3.371167153454,9.5));
#3947=CARTESIAN_POINT('Ctrl Pts',(-4.32537889701861,-3.50187987551565,9.5));
#3948=CARTESIAN_POINT('Ctrl Pts',(-4.24820806181864,-3.61048494937373,9.5));
#3949=CARTESIAN_POINT('Ctrl Pts',(-4.16718320280882,-3.71619550383847,9.5));
#3950=CARTESIAN_POINT('Ctrl Pts',(-4.08243254289014,-3.81878527430962,9.5));
#3951=CARTESIAN_POINT('Ctrl Pts',(-3.98093865013789,-3.94164254965907,9.5));
#3952=CARTESIAN_POINT('Ctrl Pts',(-3.87410243600027,-4.06002539756881,9.5));
#3953=CARTESIAN_POINT('Ctrl Pts',(-3.76231500217729,-4.173717950986,9.5));
#3954=CARTESIAN_POINT('Ctrl Pts',(-3.64984418534916,-4.28810553385471,9.5));
#3955=CARTESIAN_POINT('Ctrl Pts',(-3.53236090659675,-4.3977458233153,9.5));
#3956=CARTESIAN_POINT('Ctrl Pts',(-3.41022267473353,-4.50238567071674,9.5));
#3957=CARTESIAN_POINT('Ctrl Pts',(-3.35063974955402,-4.5534323258337,9.5));
#3958=CARTESIAN_POINT('Ctrl Pts',(-3.2899484732076,-4.60328842533624,9.5));
#3959=CARTESIAN_POINT('Ctrl Pts',(-3.22818743773219,-4.65192114808056,9.5));
#3960=CARTESIAN_POINT('Ctrl Pts',(-3.20480314633359,-4.67033472795995,9.5));
#3961=CARTESIAN_POINT('Ctrl Pts',(-3.181260462701,-4.68857662468843,9.5));
#3962=CARTESIAN_POINT('Ctrl Pts',(-3.15758906327937,-4.7066241989152,9.5));
#3963=CARTESIAN_POINT('Ctrl Pts',(-3.02816260366534,-4.8053016617549,9.5));
#3964=CARTESIAN_POINT('Ctrl Pts',(-2.8947712588249,-4.89827079911272,9.5));
#3965=CARTESIAN_POINT('Ctrl Pts',(-2.7578454249442,-4.98533530731966,9.5));
#3966=CARTESIAN_POINT('Ctrl Pts',(-2.6198584974799,-5.07307451356129,9.5));
#3967=CARTESIAN_POINT('Ctrl Pts',(-2.47828154430877,-5.15481774000186,9.5));
#3968=CARTESIAN_POINT('Ctrl Pts',(-2.33351348481093,-5.23033124914604,9.5));
#3969=CARTESIAN_POINT('Ctrl Pts',(-2.18892434633759,-5.30575143000725,9.5));
#3970=CARTESIAN_POINT('Ctrl Pts',(-2.04115138002666,-5.37495776647986,9.5));
#3971=CARTESIAN_POINT('Ctrl Pts',(-1.89055945274283,-5.43767730382683,9.5));
#3972=CARTESIAN_POINT('Ctrl Pts',(-1.86552623544528,-5.44810330630602,9.5));
#3973=CARTESIAN_POINT('Ctrl Pts',(-1.84041506032724,-5.45834995883073,9.5));
#3974=CARTESIAN_POINT('Ctrl Pts',(-1.8152275342035,-5.4684158853228,9.5));
#3975=CARTESIAN_POINT('Ctrl Pts',(-1.70250165383562,-5.51346558254045,9.5));
#3976=CARTESIAN_POINT('Ctrl Pts',(-1.58824693037563,-5.5548965692934,9.5));
#3977=CARTESIAN_POINT('Ctrl Pts',(-1.47263940232067,-5.59269237107994,9.5));
#3978=CARTESIAN_POINT('Ctrl Pts',(-1.42206110879663,-5.60922803436155,9.5));
#3979=CARTESIAN_POINT('Ctrl Pts',(-1.3712238077318,-5.62506770595976,9.5));
#3980=CARTESIAN_POINT('Ctrl Pts',(-1.32014195756591,-5.64020908577155,9.5));
#3981=CARTESIAN_POINT('Ctrl Pts',(-1.28719719311229,-5.64997437794054,9.5));
#3982=CARTESIAN_POINT('Ctrl Pts',(-1.2541507057456,-5.65944920524225,9.5));
#3983=CARTESIAN_POINT('Ctrl Pts',(-1.22100634725333,-5.66863282439834,9.5));
#3984=CARTESIAN_POINT('Ctrl Pts',(-1.20228343203419,-5.67382055862178,9.5));
#3985=CARTESIAN_POINT('Ctrl Pts',(-1.18353296311046,-5.6789143187459,9.5));
#3986=CARTESIAN_POINT('Ctrl Pts',(-1.1647636556766,-5.68391202559177,9.5));
#3987=CARTESIAN_POINT('Ctrl Pts',(-1.00668314836457,-5.72600415053432,9.5));
#3988=CARTESIAN_POINT('Ctrl Pts',(-0.847101221814608,-5.76133295131369,
9.5));
#3989=CARTESIAN_POINT('Ctrl Pts',(-0.68647911431612,-5.78994747950461,9.5));
#3990=CARTESIAN_POINT('Ctrl Pts',(-0.52285582861804,-5.81909666198151,9.5));
#3991=CARTESIAN_POINT('Ctrl Pts',(-0.358152489539459,-5.84127858698046,
9.5));
#3992=CARTESIAN_POINT('Ctrl Pts',(-0.192830879238431,-5.85649779138559,
9.5));
#3993=CARTESIAN_POINT('Ctrl Pts',(-0.0271661382081395,-5.87174858377668,
9.5));
#3994=CARTESIAN_POINT('Ctrl Pts',(0.139120181207481,-5.88000787952251,9.5));
#3995=CARTESIAN_POINT('Ctrl Pts',(0.305578558660774,-5.88123015274372,9.5));
#3996=CARTESIAN_POINT('Ctrl Pts',(0.470326672033117,-5.88243986781065,9.5));
#3997=CARTESIAN_POINT('Ctrl Pts',(0.635244060660052,-5.87675648164922,9.5));
#3998=CARTESIAN_POINT('Ctrl Pts',(0.79989873404584,-5.86408537673456,9.5));
#3999=CARTESIAN_POINT('Ctrl Pts',(0.882984206734545,-5.8576914814404,9.5));
#4000=CARTESIAN_POINT('Ctrl Pts',(0.966002778099966,-5.84951752616441,9.5));
#4001=CARTESIAN_POINT('Ctrl Pts',(1.04889841501177,-5.83954631071505,9.5));
#4002=CARTESIAN_POINT('Origin',(0.,0.,9.5));
#4003=CARTESIAN_POINT('Origin',(0.,0.,9.5));
#4004=CARTESIAN_POINT('',(-5.5,-6.73555739531044E-16,9.5));
#4005=CARTESIAN_POINT('Origin',(0.,0.,9.5));
#4006=CARTESIAN_POINT('Origin',(0.,0.,9.5));
#4007=CARTESIAN_POINT('Origin',(0.,0.,9.5));
#4008=CARTESIAN_POINT('',(-5.5,-6.73555739531044E-16,9.5));
#4009=CARTESIAN_POINT('Origin',(0.,0.,0.));
#4010=CARTESIAN_POINT('',(-5.2,-6.36816335556624E-16,0.));
#4011=CARTESIAN_POINT('Origin',(0.,0.,0.));
#4012=CARTESIAN_POINT('Origin',(0.,0.,0.));
#4013=CARTESIAN_POINT('Origin',(0.,0.,0.));
#4014=CARTESIAN_POINT('',(-5.2,-6.36816335556624E-16,-14.));
#4015=CARTESIAN_POINT('Origin',(0.,0.,-14.));
#4016=CARTESIAN_POINT('',(-5.2,6.36816335556624E-16,0.));
#4017=CARTESIAN_POINT('Origin',(0.,0.,-14.));
#4018=CARTESIAN_POINT('Origin',(0.2,0.,-17.95));
#4019=CARTESIAN_POINT('',(-2.8,0.5,-17.95));
#4020=CARTESIAN_POINT('Origin',(-2.8,0.,-17.95));
#4021=CARTESIAN_POINT('',(-2.2,0.5,-17.95));
#4022=CARTESIAN_POINT('',(0.2,0.5,-17.95));
#4023=CARTESIAN_POINT('Origin',(-2.2,0.,-17.95));
#4024=CARTESIAN_POINT('Origin',(-1.4,2.35,-14.95));
#4025=CARTESIAN_POINT('',(-2.2,2.6,-14.95));
#4026=CARTESIAN_POINT('',(-2.2,2.35,-15.2));
#4027=CARTESIAN_POINT('Origin',(-2.2,2.35,-14.95));
#4028=CARTESIAN_POINT('',(-2.8,2.35,-15.2));
#4029=CARTESIAN_POINT('',(-1.4,2.35,-15.2));
#4030=CARTESIAN_POINT('',(-2.8,2.6,-14.95));
#4031=CARTESIAN_POINT('Origin',(-2.8,2.35,-14.95));
#4032=CARTESIAN_POINT('',(-1.4,2.6,-14.95));
#4033=CARTESIAN_POINT('Origin',(0.,0.,-15.2));
#4034=CARTESIAN_POINT('',(-2.2,1.5,-15.2));
#4035=CARTESIAN_POINT('',(-2.2,1.3,-15.2));
#4036=CARTESIAN_POINT('',(-2.8,1.5,-15.2));
#4037=CARTESIAN_POINT('',(-1.4,1.5,-15.2));
#4038=CARTESIAN_POINT('',(-2.8,-1.3,-15.2));
#4039=CARTESIAN_POINT('Origin',(-2.2,2.6,-14.7));
#4040=CARTESIAN_POINT('',(-2.2,2.6,-14.7));
#4041=CARTESIAN_POINT('',(-2.2,2.6,-14.7));
#4042=CARTESIAN_POINT('',(-2.2,-2.6,-14.7));
#4043=CARTESIAN_POINT('',(-2.2,1.3,-14.7));
#4044=CARTESIAN_POINT('',(-2.2,-2.6,-14.95));
#4045=CARTESIAN_POINT('',(-2.2,-2.6,-14.7));
#4046=CARTESIAN_POINT('',(-2.2,-2.35,-15.2));
#4047=CARTESIAN_POINT('Origin',(-2.2,-2.35,-14.95));
#4048=CARTESIAN_POINT('',(-2.2,-1.5,-15.2));
#4049=CARTESIAN_POINT('',(-2.2,1.3,-15.2));
#4050=CARTESIAN_POINT('',(-2.2,-1.5,-17.95));
#4051=CARTESIAN_POINT('',(-2.2,-1.5,-14.7));
#4052=CARTESIAN_POINT('',(-2.2,1.5,-17.95));
#4053=CARTESIAN_POINT('Origin',(-2.2,0.,-17.95));
#4054=CARTESIAN_POINT('',(-2.2,1.5,-14.7));
#4055=CARTESIAN_POINT('Origin',(-1.1,-2.35,-14.95));
#4056=CARTESIAN_POINT('',(-2.8,-2.6,-14.95));
#4057=CARTESIAN_POINT('',(-2.8,-2.35,-15.2));
#4058=CARTESIAN_POINT('Origin',(-2.8,-2.35,-14.95));
#4059=CARTESIAN_POINT('',(-1.1,-2.35,-15.2));
#4060=CARTESIAN_POINT('',(-1.1,-2.6,-14.95));
#4061=CARTESIAN_POINT('Origin',(0.,0.,-15.2));
#4062=CARTESIAN_POINT('',(-2.8,-1.5,-15.2));
#4063=CARTESIAN_POINT('',(-2.8,-1.3,-15.2));
#4064=CARTESIAN_POINT('',(-1.1,-1.5,-15.2));
#4065=CARTESIAN_POINT('Origin',(-2.8,-2.6,-14.7));
#4066=CARTESIAN_POINT('',(-2.8,1.5,-17.95));
#4067=CARTESIAN_POINT('',(-2.8,1.5,-14.7));
#4068=CARTESIAN_POINT('',(-2.8,-1.5,-17.95));
#4069=CARTESIAN_POINT('Origin',(-2.8,0.,-17.95));
#4070=CARTESIAN_POINT('',(-2.8,-1.5,-14.7));
#4071=CARTESIAN_POINT('',(-2.8,-2.6,-14.7));
#4072=CARTESIAN_POINT('',(-2.8,-2.6,-14.7));
#4073=CARTESIAN_POINT('',(-2.8,2.6,-14.7));
#4074=CARTESIAN_POINT('',(-2.8,-1.3,-14.7));
#4075=CARTESIAN_POINT('',(-2.8,2.6,-14.7));
#4076=CARTESIAN_POINT('Origin',(-1.4,0.,-17.95));
#4077=CARTESIAN_POINT('',(-1.1,-1.5,-17.95));
#4078=CARTESIAN_POINT('',(-1.4,1.5,-17.95));
#4079=CARTESIAN_POINT('Origin',(-2.2,-1.5,-14.7));
#4080=CARTESIAN_POINT('Origin',(-2.8,1.5,-14.7));
#4081=CARTESIAN_POINT('Origin',(0.,0.,-14.7));
#4082=CARTESIAN_POINT('',(-1.1,-2.6,-14.7));
#4083=CARTESIAN_POINT('',(-1.4,2.6,-14.7));
#4084=CARTESIAN_POINT('Origin',(-2.8,2.6,-14.7));
#4085=CARTESIAN_POINT('Origin',(-2.2,-2.6,-14.7));
#4086=CARTESIAN_POINT('Origin',(0.,0.,-15.2));
#4087=CARTESIAN_POINT('',(2.2,1.5,-15.2));
#4088=CARTESIAN_POINT('',(2.8,1.5,-15.2));
#4089=CARTESIAN_POINT('',(1.1,1.5,-15.2));
#4090=CARTESIAN_POINT('',(2.2,2.35,-15.2));
#4091=CARTESIAN_POINT('',(2.2,-1.3,-15.2));
#4092=CARTESIAN_POINT('',(2.8,2.35,-15.2));
#4093=CARTESIAN_POINT('',(1.1,2.35,-15.2));
#4094=CARTESIAN_POINT('',(2.8,1.3,-15.2));
#4095=CARTESIAN_POINT('Origin',(1.1,2.35,-14.95));
#4096=CARTESIAN_POINT('',(2.8,2.6,-14.95));
#4097=CARTESIAN_POINT('Origin',(2.8,2.35,-14.95));
#4098=CARTESIAN_POINT('',(2.2,2.6,-14.95));
#4099=CARTESIAN_POINT('Origin',(2.2,2.35,-14.95));
#4100=CARTESIAN_POINT('',(1.1,2.6,-14.95));
#4101=CARTESIAN_POINT('Origin',(0.,0.,-15.2));
#4102=CARTESIAN_POINT('',(2.8,-1.5,-15.2));
#4103=CARTESIAN_POINT('',(2.2,-1.5,-15.2));
#4104=CARTESIAN_POINT('',(1.4,-1.5,-15.2));
#4105=CARTESIAN_POINT('',(2.8,-2.35,-15.2));
#4106=CARTESIAN_POINT('',(2.8,1.3,-15.2));
#4107=CARTESIAN_POINT('',(2.2,-2.35,-15.2));
#4108=CARTESIAN_POINT('',(1.4,-2.35,-15.2));
#4109=CARTESIAN_POINT('',(2.2,-1.3,-15.2));
#4110=CARTESIAN_POINT('Origin',(1.4,-2.35,-14.95));
#4111=CARTESIAN_POINT('',(2.2,-2.6,-14.95));
#4112=CARTESIAN_POINT('Origin',(2.2,-2.35,-14.95));
#4113=CARTESIAN_POINT('',(2.8,-2.6,-14.95));
#4114=CARTESIAN_POINT('Origin',(2.8,-2.35,-14.95));
#4115=CARTESIAN_POINT('',(1.4,-2.6,-14.95));
#4116=CARTESIAN_POINT('Origin',(2.8,-2.6,-14.7));
#4117=CARTESIAN_POINT('',(2.8,-2.6,-14.7));
#4118=CARTESIAN_POINT('',(2.8,-2.6,-14.7));
#4119=CARTESIAN_POINT('',(2.2,-2.6,-14.7));
#4120=CARTESIAN_POINT('',(1.4,-2.6,-14.7));
#4121=CARTESIAN_POINT('',(2.2,-2.6,-14.7));
#4122=CARTESIAN_POINT('Origin',(2.2,2.6,-14.7));
#4123=CARTESIAN_POINT('',(2.2,2.6,-14.7));
#4124=CARTESIAN_POINT('',(2.2,2.6,-14.7));
#4125=CARTESIAN_POINT('',(2.8,2.6,-14.7));
#4126=CARTESIAN_POINT('',(1.1,2.6,-14.7));
#4127=CARTESIAN_POINT('',(2.8,2.6,-14.7));
#4128=CARTESIAN_POINT('Origin',(2.8,-1.5,-14.7));
#4129=CARTESIAN_POINT('',(2.2,-1.5,-17.95));
#4130=CARTESIAN_POINT('',(2.2,-1.5,-14.7));
#4131=CARTESIAN_POINT('',(2.8,-1.5,-17.95));
#4132=CARTESIAN_POINT('',(1.4,-1.5,-17.95));
#4133=CARTESIAN_POINT('',(2.8,-1.5,-14.7));
#4134=CARTESIAN_POINT('Origin',(2.2,-1.5,-14.7));
#4135=CARTESIAN_POINT('',(2.2,1.5,-17.95));
#4136=CARTESIAN_POINT('',(2.2,1.5,-14.7));
#4137=CARTESIAN_POINT('Origin',(2.2,0.,-17.95));
#4138=CARTESIAN_POINT('',(2.2,-0.75,-14.7));
#4139=CARTESIAN_POINT('',(2.2,0.5,-17.95));
#4140=CARTESIAN_POINT('Origin',(2.2,0.,-17.95));
#4141=CARTESIAN_POINT('Origin',(0.2,0.,-17.95));
#4142=CARTESIAN_POINT('',(2.8,0.5,-17.95));
#4143=CARTESIAN_POINT('',(0.2,0.5,-17.95));
#4144=CARTESIAN_POINT('Origin',(2.8,0.,-17.95));
#4145=CARTESIAN_POINT('Origin',(1.4,0.,-17.95));
#4146=CARTESIAN_POINT('',(2.8,1.5,-17.95));
#4147=CARTESIAN_POINT('',(1.1,1.5,-17.95));
#4148=CARTESIAN_POINT('Origin',(2.8,0.,-17.95));
#4149=CARTESIAN_POINT('Origin',(2.8,1.5,-14.7));
#4150=CARTESIAN_POINT('',(2.8,1.5,-14.7));
#4151=CARTESIAN_POINT('',(2.8,1.3,-14.7));
#4152=CARTESIAN_POINT('Origin',(2.2,1.5,-14.7));
#4153=CARTESIAN_POINT('Origin',(0.,0.,-14.7));
#4154=UNCERTAINTY_MEASURE_WITH_UNIT(LENGTH_MEASURE(0.01),#4158,
'DISTANCE_ACCURACY_VALUE',
'Maximum model space distance between geometric entities at asserted c
onnectivities');
#4155=UNCERTAINTY_MEASURE_WITH_UNIT(LENGTH_MEASURE(0.01),#4158,
'DISTANCE_ACCURACY_VALUE',
'Maximum model space distance between geometric entities at asserted c
onnectivities');
#4156=(
GEOMETRIC_REPRESENTATION_CONTEXT(3)
GLOBAL_UNCERTAINTY_ASSIGNED_CONTEXT((#4154))
GLOBAL_UNIT_ASSIGNED_CONTEXT((#4158,#4160,#4161))
REPRESENTATION_CONTEXT('','3D')
);
#4157=(
GEOMETRIC_REPRESENTATION_CONTEXT(3)
GLOBAL_UNCERTAINTY_ASSIGNED_CONTEXT((#4155))
GLOBAL_UNIT_ASSIGNED_CONTEXT((#4158,#4160,#4161))
REPRESENTATION_CONTEXT('','3D')
);
#4158=(
LENGTH_UNIT()
NAMED_UNIT(*)
SI_UNIT(.MILLI.,.METRE.)
);
#4159=(
LENGTH_UNIT()
NAMED_UNIT(*)
SI_UNIT($,.METRE.)
);
#4160=(
NAMED_UNIT(*)
PLANE_ANGLE_UNIT()
SI_UNIT($,.RADIAN.)
);
#4161=(
NAMED_UNIT(*)
SI_UNIT($,.STERADIAN.)
SOLID_ANGLE_UNIT()
);
#4162=SHAPE_DEFINITION_REPRESENTATION(#4163,#4164);
#4163=PRODUCT_DEFINITION_SHAPE('',$,#4166);
#4164=SHAPE_REPRESENTATION('',(#1284),#4156);
#4165=PRODUCT_DEFINITION_CONTEXT('part definition',#4170,'design');
#4166=PRODUCT_DEFINITION('PushButtonSwitch','PushButtonSwitch v3',#4167,
#4165);
#4167=PRODUCT_DEFINITION_FORMATION('',$,#4172);
#4168=PRODUCT_RELATED_PRODUCT_CATEGORY('PushButtonSwitch v3',
'PushButtonSwitch v3',(#4172));
#4169=APPLICATION_PROTOCOL_DEFINITION('international standard',
'automotive_design',2009,#4170);
#4170=APPLICATION_CONTEXT(
'Core Data for Automotive Mechanical Design Process');
#4171=PRODUCT_CONTEXT('part definition',#4170,'mechanical');
#4172=PRODUCT('PushButtonSwitch','PushButtonSwitch v3',$,(#4171));
#4173=PRESENTATION_STYLE_ASSIGNMENT((#4176));
#4174=PRESENTATION_STYLE_ASSIGNMENT((#4177));
#4175=PRESENTATION_STYLE_ASSIGNMENT((#4178));
#4176=SURFACE_STYLE_USAGE(.BOTH.,#4179);
#4177=SURFACE_STYLE_USAGE(.BOTH.,#4180);
#4178=SURFACE_STYLE_USAGE(.BOTH.,#4181);
#4179=SURFACE_SIDE_STYLE('',(#4182));
#4180=SURFACE_SIDE_STYLE('',(#4183));
#4181=SURFACE_SIDE_STYLE('',(#4184));
#4182=SURFACE_STYLE_FILL_AREA(#4185);
#4183=SURFACE_STYLE_FILL_AREA(#4186);
#4184=SURFACE_STYLE_FILL_AREA(#4187);
#4185=FILL_AREA_STYLE('Steel - Satin',(#4188));
#4186=FILL_AREA_STYLE('Powder Coat (Black)',(#4189));
#4187=FILL_AREA_STYLE('Powder Coat - Rough (Red)',(#4190));
#4188=FILL_AREA_STYLE_COLOUR('Steel - Satin',#4191);
#4189=FILL_AREA_STYLE_COLOUR('Powder Coat (Black)',#4192);
#4190=FILL_AREA_STYLE_COLOUR('Powder Coat - Rough (Red)',#4193);
#4191=COLOUR_RGB('Steel - Satin',0.627450980392157,0.627450980392157,0.627450980392157);
#4192=COLOUR_RGB('Powder Coat (Black)',0.0980392156862745,0.0980392156862745,
0.0980392156862745);
#4193=COLOUR_RGB('Powder Coat - Rough (Red)',0.768627450980392,0.207843137254902,
0.152941176470588);
ENDSEC;
END-ISO-10303-21;
