ISO-10303-21;
HEADER;
/* Generated by software containing ST-Developer
 * from STEP Tools, Inc. (www.steptools.com) 
 */

FILE_DESCRIPTION(
/* description */ (''),
/* implementation_level */ '2;1');

FILE_NAME(
/* name */ 'PushButtonSwitchNut.step',
/* time_stamp */ '2026-05-28T14:42:09+05:30',
/* author */ (''),
/* organization */ (''),
/* preprocessor_version */ 'ST-DEVELOPER v20.1',
/* originating_system */ 'Autodesk Translation Framework v15.8.0.0',
/* authorisation */ '');

FILE_SCHEMA (('AUTOMOTIVE_DESIGN { 1 0 10303 214 3 1 1 }'));
ENDSEC;

DATA;
#10=MECHANICAL_DESIGN_GEOMETRIC_PRESENTATION_REPRESENTATION('',(#13),#1412);
#11=SHAPE_REPRESENTATION_RELATIONSHIP('SRR','None',#1419,#12);
#12=ADVANCED_BREP_SHAPE_REPRESENTATION('',(#14),#1411);
#13=STYLED_ITEM('',(#1428),#14);
#14=MANIFOLD_SOLID_BREP('Body3',#422);
#15=(
BOUNDED_CURVE()
B_SPLINE_CURVE(2,(#1302,#1303,#1304),.UNSPECIFIED.,.F.,.F.)
B_SPLINE_CURVE_WITH_KNOTS((3,3),(0.,0.380096514086438),.UNSPECIFIED.)
CURVE()
GEOMETRIC_REPRESENTATION_ITEM()
RATIONAL_B_SPLINE_CURVE((1.,1.06834532374101,1.06834532374101))
REPRESENTATION_ITEM('')
);
#16=(
BOUNDED_CURVE()
B_SPLINE_CURVE(2,(#1308,#1309,#1310),.UNSPECIFIED.,.F.,.F.)
B_SPLINE_CURVE_WITH_KNOTS((3,3),(0.,0.760193028172875),.UNSPECIFIED.)
CURVE()
GEOMETRIC_REPRESENTATION_ITEM()
RATIONAL_B_SPLINE_CURVE((1.,1.13669064748201,1.))
REPRESENTATION_ITEM('')
);
#17=(
BOUNDED_CURVE()
B_SPLINE_CURVE(2,(#1314,#1315,#1316),.UNSPECIFIED.,.F.,.F.)
B_SPLINE_CURVE_WITH_KNOTS((3,3),(0.,0.760193028172875),.UNSPECIFIED.)
CURVE()
GEOMETRIC_REPRESENTATION_ITEM()
RATIONAL_B_SPLINE_CURVE((1.,1.13669064748202,1.))
REPRESENTATION_ITEM('')
);
#18=(
BOUNDED_CURVE()
B_SPLINE_CURVE(2,(#1320,#1321,#1322),.UNSPECIFIED.,.F.,.F.)
B_SPLINE_CURVE_WITH_KNOTS((3,3),(0.,0.760193028172875),.UNSPECIFIED.)
CURVE()
GEOMETRIC_REPRESENTATION_ITEM()
RATIONAL_B_SPLINE_CURVE((1.,1.13669064748201,1.))
REPRESENTATION_ITEM('')
);
#19=(
BOUNDED_CURVE()
B_SPLINE_CURVE(2,(#1326,#1327,#1328),.UNSPECIFIED.,.F.,.F.)
B_SPLINE_CURVE_WITH_KNOTS((3,3),(0.,0.760193028172875),.UNSPECIFIED.)
CURVE()
GEOMETRIC_REPRESENTATION_ITEM()
RATIONAL_B_SPLINE_CURVE((1.,1.13669064748201,1.))
REPRESENTATION_ITEM('')
);
#20=(
BOUNDED_CURVE()
B_SPLINE_CURVE(2,(#1332,#1333,#1334),.UNSPECIFIED.,.F.,.F.)
B_SPLINE_CURVE_WITH_KNOTS((3,3),(0.,0.760193028172874),.UNSPECIFIED.)
CURVE()
GEOMETRIC_REPRESENTATION_ITEM()
RATIONAL_B_SPLINE_CURVE((1.,1.13669064748202,1.))
REPRESENTATION_ITEM('')
);
#21=(
BOUNDED_CURVE()
B_SPLINE_CURVE(2,(#1337,#1338,#1339),.UNSPECIFIED.,.F.,.F.)
B_SPLINE_CURVE_WITH_KNOTS((3,3),(0.380096514086438,0.760193028172876),
 .UNSPECIFIED.)
CURVE()
GEOMETRIC_REPRESENTATION_ITEM()
RATIONAL_B_SPLINE_CURVE((1.06834532374101,1.06834532374101,1.))
REPRESENTATION_ITEM('')
);
#22=(
BOUNDED_CURVE()
B_SPLINE_CURVE(2,(#1372,#1373,#1374),.UNSPECIFIED.,.F.,.F.)
B_SPLINE_CURVE_WITH_KNOTS((3,3),(0.,0.760193028172876),.UNSPECIFIED.)
CURVE()
GEOMETRIC_REPRESENTATION_ITEM()
RATIONAL_B_SPLINE_CURVE((1.,1.13669064748201,1.))
REPRESENTATION_ITEM('')
);
#23=(
BOUNDED_CURVE()
B_SPLINE_CURVE(2,(#1376,#1377,#1378),.UNSPECIFIED.,.F.,.F.)
B_SPLINE_CURVE_WITH_KNOTS((3,3),(0.380096514086437,0.760193028172876),
 .UNSPECIFIED.)
CURVE()
GEOMETRIC_REPRESENTATION_ITEM()
RATIONAL_B_SPLINE_CURVE((1.06834532374101,1.06834532374101,1.))
REPRESENTATION_ITEM('')
);
#24=(
BOUNDED_CURVE()
B_SPLINE_CURVE(2,(#1380,#1381,#1382),.UNSPECIFIED.,.F.,.F.)
B_SPLINE_CURVE_WITH_KNOTS((3,3),(0.,0.380096514086437),.UNSPECIFIED.)
CURVE()
GEOMETRIC_REPRESENTATION_ITEM()
RATIONAL_B_SPLINE_CURVE((1.,1.06834532374101,1.06834532374101))
REPRESENTATION_ITEM('')
);
#25=(
BOUNDED_CURVE()
B_SPLINE_CURVE(2,(#1383,#1384,#1385),.UNSPECIFIED.,.F.,.F.)
B_SPLINE_CURVE_WITH_KNOTS((3,3),(0.,0.760193028172875),.UNSPECIFIED.)
CURVE()
GEOMETRIC_REPRESENTATION_ITEM()
RATIONAL_B_SPLINE_CURVE((1.,1.13669064748201,1.))
REPRESENTATION_ITEM('')
);
#26=(
BOUNDED_CURVE()
B_SPLINE_CURVE(2,(#1386,#1387,#1388),.UNSPECIFIED.,.F.,.F.)
B_SPLINE_CURVE_WITH_KNOTS((3,3),(0.,0.760193028172875),.UNSPECIFIED.)
CURVE()
GEOMETRIC_REPRESENTATION_ITEM()
RATIONAL_B_SPLINE_CURVE((1.,1.13669064748201,1.))
REPRESENTATION_ITEM('')
);
#27=(
BOUNDED_CURVE()
B_SPLINE_CURVE(2,(#1389,#1390,#1391),.UNSPECIFIED.,.F.,.F.)
B_SPLINE_CURVE_WITH_KNOTS((3,3),(0.,0.760193028172875),.UNSPECIFIED.)
CURVE()
GEOMETRIC_REPRESENTATION_ITEM()
RATIONAL_B_SPLINE_CURVE((1.,1.13669064748201,1.))
REPRESENTATION_ITEM('')
);
#28=(
BOUNDED_CURVE()
B_SPLINE_CURVE(2,(#1393,#1394,#1395),.UNSPECIFIED.,.F.,.F.)
B_SPLINE_CURVE_WITH_KNOTS((3,3),(0.,0.760193028172876),.UNSPECIFIED.)
CURVE()
GEOMETRIC_REPRESENTATION_ITEM()
RATIONAL_B_SPLINE_CURVE((1.,1.13669064748201,1.))
REPRESENTATION_ITEM('')
);
#29=CONICAL_SURFACE('',#445,7.35,1.02041037911811);
#30=CONICAL_SURFACE('',#463,7.35,1.02041037911811);
#31=FACE_BOUND('',#73,.T.);
#32=FACE_BOUND('',#90,.T.);
#33=PLANE('',#443);
#34=PLANE('',#468);
#35=PLANE('',#469);
#36=PLANE('',#470);
#37=PLANE('',#471);
#38=PLANE('',#472);
#39=PLANE('',#473);
#40=PLANE('',#474);
#41=B_SPLINE_SURFACE_WITH_KNOTS('',3,3,((#682,#683,#684,#685,#686,#687,
#688,#689,#690,#691,#692,#693,#694,#695,#696,#697,#698,#699),(#700,#701,
#702,#703,#704,#705,#706,#707,#708,#709,#710,#711,#712,#713,#714,#715,#716,
#717),(#718,#719,#720,#721,#722,#723,#724,#725,#726,#727,#728,#729,#730,
#731,#732,#733,#734,#735),(#736,#737,#738,#739,#740,#741,#742,#743,#744,
#745,#746,#747,#748,#749,#750,#751,#752,#753)),.UNSPECIFIED.,.F.,.F.,.F.,
(4,4),(4,1,1,1,1,1,1,1,1,1,1,1,1,1,1,4),(0.,0.080857905200007),(11.8430274279026,
12.3078457855632,12.7726641432237,13.7023008585449,14.6319375738661,15.5615742891873,
16.4912110045085,17.4208477198297,18.3504844351508,19.280121150472,20.2097578657932,
21.1393945811144,22.0690312964356,22.9986680117567,23.4634863694173,23.9283047270779),
 .UNSPECIFIED.);
#42=B_SPLINE_SURFACE_WITH_KNOTS('',3,3,((#986,#987,#988,#989,#990,#991,
#992,#993,#994,#995,#996,#997,#998,#999,#1000,#1001,#1002,#1003),(#1004,
#1005,#1006,#1007,#1008,#1009,#1010,#1011,#1012,#1013,#1014,#1015,#1016,
#1017,#1018,#1019,#1020,#1021),(#1022,#1023,#1024,#1025,#1026,#1027,#1028,
#1029,#1030,#1031,#1032,#1033,#1034,#1035,#1036,#1037,#1038,#1039),(#1040,
#1041,#1042,#1043,#1044,#1045,#1046,#1047,#1048,#1049,#1050,#1051,#1052,
#1053,#1054,#1055,#1056,#1057)),.UNSPECIFIED.,.F.,.F.,.F.,(4,4),(4,1,1,
1,1,1,1,1,1,1,1,1,1,1,1,4),(0.,0.080857905200007),(14.3991256467176,14.8639440043781,
15.3287623620387,16.2583990773599,17.1880357926811,18.1176725080023,19.0473092233235,
19.9769459386446,20.9065826539658,21.836219369287,22.7658560846082,23.6954927999294,
24.6251295152505,25.5547662305717,26.0195845882323,26.4844029458929),
 .UNSPECIFIED.);
#43=FACE_OUTER_BOUND('',#66,.T.);
#44=FACE_OUTER_BOUND('',#67,.T.);
#45=FACE_OUTER_BOUND('',#68,.T.);
#46=FACE_OUTER_BOUND('',#69,.T.);
#47=FACE_OUTER_BOUND('',#70,.T.);
#48=FACE_OUTER_BOUND('',#71,.T.);
#49=FACE_OUTER_BOUND('',#72,.T.);
#50=FACE_OUTER_BOUND('',#74,.T.);
#51=FACE_OUTER_BOUND('',#75,.T.);
#52=FACE_OUTER_BOUND('',#76,.T.);
#53=FACE_OUTER_BOUND('',#77,.T.);
#54=FACE_OUTER_BOUND('',#78,.T.);
#55=FACE_OUTER_BOUND('',#79,.T.);
#56=FACE_OUTER_BOUND('',#80,.T.);
#57=FACE_OUTER_BOUND('',#81,.T.);
#58=FACE_OUTER_BOUND('',#82,.T.);
#59=FACE_OUTER_BOUND('',#83,.T.);
#60=FACE_OUTER_BOUND('',#84,.T.);
#61=FACE_OUTER_BOUND('',#85,.T.);
#62=FACE_OUTER_BOUND('',#86,.T.);
#63=FACE_OUTER_BOUND('',#87,.T.);
#64=FACE_OUTER_BOUND('',#88,.T.);
#65=FACE_OUTER_BOUND('',#89,.T.);
#66=EDGE_LOOP('',(#262,#263,#264,#265));
#67=EDGE_LOOP('',(#266,#267,#268,#269));
#68=EDGE_LOOP('',(#270,#271,#272,#273));
#69=EDGE_LOOP('',(#274,#275,#276,#277));
#70=EDGE_LOOP('',(#278,#279,#280,#281,#282,#283,#284));
#71=EDGE_LOOP('',(#285,#286,#287,#288,#289,#290,#291));
#72=EDGE_LOOP('',(#292));
#73=EDGE_LOOP('',(#293,#294,#295,#296));
#74=EDGE_LOOP('',(#297,#298,#299,#300,#301,#302,#303,#304,#305,#306,#307,
#308,#309,#310,#311,#312));
#75=EDGE_LOOP('',(#313,#314,#315,#316));
#76=EDGE_LOOP('',(#317,#318,#319,#320));
#77=EDGE_LOOP('',(#321,#322,#323,#324));
#78=EDGE_LOOP('',(#325,#326,#327,#328));
#79=EDGE_LOOP('',(#329,#330,#331,#332));
#80=EDGE_LOOP('',(#333,#334,#335,#336,#337,#338,#339,#340,#341,#342,#343,
#344,#345,#346,#347,#348));
#81=EDGE_LOOP('',(#349,#350,#351,#352));
#82=EDGE_LOOP('',(#353,#354,#355,#356));
#83=EDGE_LOOP('',(#357,#358,#359,#360));
#84=EDGE_LOOP('',(#361,#362,#363,#364));
#85=EDGE_LOOP('',(#365,#366,#367,#368));
#86=EDGE_LOOP('',(#369,#370,#371,#372));
#87=EDGE_LOOP('',(#373,#374,#375,#376));
#88=EDGE_LOOP('',(#377,#378,#379,#380,#381,#382));
#89=EDGE_LOOP('',(#383));
#90=EDGE_LOOP('',(#384,#385,#386,#387));
#91=CIRCLE('',#437,5.38975);
#92=CIRCLE('',#439,6.09);
#93=CIRCLE('',#441,6.09);
#94=CIRCLE('',#444,6.8);
#95=CIRCLE('',#446,6.8);
#96=CIRCLE('',#447,7.9);
#97=CIRCLE('',#448,7.9);
#98=CIRCLE('',#449,7.9);
#99=CIRCLE('',#450,7.9);
#100=CIRCLE('',#451,7.9);
#101=CIRCLE('',#452,7.9);
#102=CIRCLE('',#454,7.9);
#103=CIRCLE('',#456,7.9);
#104=CIRCLE('',#458,7.9);
#105=CIRCLE('',#460,7.9);
#106=CIRCLE('',#462,7.9);
#107=CIRCLE('',#464,7.9);
#108=CIRCLE('',#467,5.38975);
#109=B_SPLINE_CURVE_WITH_KNOTS('',3,(#578,#579,#580,#581,#582,#583,#584,
#585,#586,#587,#588,#589,#590,#591,#592,#593,#594,#595,#596),
 .UNSPECIFIED.,.F.,.F.,(4,3,3,3,3,3,4),(7.592022928411,8.36673043789063,
9.29636715321181,10.226003868533,11.1556405838542,11.6204589415148,12.0852772991754),
 .UNSPECIFIED.);
#110=B_SPLINE_CURVE_WITH_KNOTS('',3,(#599,#600,#601,#602,#603,#604,#605,
#606,#607,#608,#609,#610,#611,#612,#613,#614,#615,#616,#617,#618,#619,#620),
 .UNSPECIFIED.,.F.,.F.,(4,3,3,3,3,3,3,4),(-10.0530964914873,-9.29636715321181,
-8.36673043789063,-7.43709372256945,-6.50745700724827,-5.57782029192709,
-4.64818357660591,-3.8649358400464),.UNSPECIFIED.);
#111=B_SPLINE_CURVE_WITH_KNOTS('',3,(#626,#627,#628,#629,#630,#631,#632),
 .UNSPECIFIED.,.F.,.F.,(4,1,1,1,4),(21.9911485751286,22.0690312964356,22.9986680117567,
23.4634863694173,23.9283047270779),.UNSPECIFIED.);
#112=B_SPLINE_CURVE_WITH_KNOTS('',3,(#635,#636,#637,#638,#639,#640),
 .UNSPECIFIED.,.F.,.F.,(4,1,1,4),(21.9911485751286,22.7658560846082,23.6954927999294,
24.4522221382049),.UNSPECIFIED.);
#113=B_SPLINE_CURVE_WITH_KNOTS('',3,(#646,#647,#648,#649,#650,#651),
 .UNSPECIFIED.,.F.,.F.,(4,1,1,4),(14.3991256467176,14.8639440043781,15.3287623620387,
15.707963267949),.UNSPECIFIED.);
#114=B_SPLINE_CURVE_WITH_KNOTS('',3,(#654,#655,#656,#657,#658,#659),
 .UNSPECIFIED.,.F.,.F.,(4,1,1,4),(13.8752082355906,14.6319375738661,15.5615742891873,
15.707963267949),.UNSPECIFIED.);
#115=B_SPLINE_CURVE_WITH_KNOTS('',3,(#661,#662,#663,#664,#665,#666,#667,
#668,#669,#670),.UNSPECIFIED.,.F.,.F.,(4,1,1,1,1,1,1,4),(15.707963267949,
16.4912110045085,17.4208477198297,18.3504844351508,19.280121150472,20.2097578657932,
21.1393945811144,21.9911485751286),.UNSPECIFIED.);
#116=B_SPLINE_CURVE_WITH_KNOTS('',3,(#671,#672,#673,#674,#675,#676,#677,
#678,#679,#680,#681),.UNSPECIFIED.,.F.,.F.,(4,1,1,1,1,1,1,1,4),(15.707963267949,
16.2583990773599,17.1880357926811,18.1176725080023,19.0473092233235,19.9769459386446,
20.9065826539658,21.836219369287,21.9911485751286),.UNSPECIFIED.);
#117=B_SPLINE_CURVE_WITH_KNOTS('',3,(#754,#755,#756,#757,#758,#759,#760,
#761,#762,#763,#764,#765,#766,#767,#768,#769,#770,#771,#772,#773,#774,#775,
#776,#777,#778,#779,#780,#781,#782,#783,#784,#785,#786,#787,#788,#789,#790,
#791,#792,#793,#794,#795,#796,#797,#798,#799,#800,#801,#802,#803,#804,#805,
#806,#807,#808,#809,#810,#811,#812,#813,#814,#815,#816,#817,#818,#819,#820,
#821,#822,#823,#824,#825,#826,#827,#828,#829,#830,#831,#832,#833,#834,#835,
#836,#837,#838,#839,#840,#841,#842,#843,#844,#845,#846,#847,#848,#849,#850,
#851,#852,#853,#854,#855,#856,#857,#858,#859),.UNSPECIFIED.,.F.,.F.,(4,
3,3,3,3,3,3,3,3,3,3,3,3,3,3,3,3,3,3,3,3,3,3,3,3,3,3,3,3,3,3,3,3,3,3,4),
(0.,0.0504468179927377,0.101492106397781,0.15266047179613,0.203472093126506,
0.222782957962698,0.233600421984986,0.239149166915286,0.280715552471275,
0.331045066697319,0.381185350896967,0.424448298751674,0.456895509642705,
0.464224986974425,0.470802158092628,0.519857681557994,0.554237142315795,
0.603689388813417,0.653505482191674,0.680096027649988,0.688569650449945,
0.694287284520296,0.743096891314583,0.792095158560311,0.84075541555109,
0.888654662900741,0.904120558043783,0.913912246933553,0.96154816502319,
1.00849890806891,1.02989363173765,1.03959120930935,1.04736311068789,1.07895420952471,
1.12644636447677,1.17318355551472),.UNSPECIFIED.);
#118=B_SPLINE_CURVE_WITH_KNOTS('',3,(#861,#862,#863,#864,#865,#866,#867,
#868,#869,#870,#871,#872,#873,#874,#875,#876,#877,#878,#879,#880,#881,#882,
#883,#884,#885,#886,#887,#888,#889,#890,#891,#892,#893,#894,#895,#896,#897,
#898,#899,#900,#901,#902,#903,#904,#905,#906,#907,#908,#909,#910,#911,#912,
#913,#914,#915,#916,#917,#918,#919,#920,#921,#922,#923,#924,#925,#926,#927,
#928,#929,#930,#931,#932,#933,#934,#935,#936,#937,#938,#939,#940,#941,#942,
#943,#944,#945,#946,#947,#948,#949,#950,#951,#952,#953,#954,#955,#956,#957,
#958,#959,#960,#961,#962,#963,#964,#965,#966),.UNSPECIFIED.,.F.,.F.,(4,
3,3,3,3,3,3,3,3,3,3,3,3,3,3,3,3,3,3,3,3,3,3,3,3,3,3,3,3,3,3,3,3,3,3,4),
(0.,0.0460390492669452,0.0928369539106104,0.140275538840991,0.187705186990924,
0.204633570399927,0.211523993698315,0.216948257882202,0.255418720626937,
0.303259314033131,0.351534383648589,0.39320682411461,0.424461154464126,
0.431024334765473,0.480123251176326,0.518224145512674,0.566421878133853,
0.615404872788545,0.64352392955098,0.653256821482066,0.659485363032247,
0.710213415276654,0.760346092373705,0.810730001901122,0.860832334653345,
0.875742235878287,0.882461427636936,0.933482176368379,0.984179932192385,
1.00901762284653,1.02070290053328,1.03043932723077,1.0653097809875,1.11501358193447,
1.16575101724486,1.17017592172559),.UNSPECIFIED.);
#119=B_SPLINE_CURVE_WITH_KNOTS('',3,(#967,#968,#969,#970,#971,#972,#973,
#974,#975,#976,#977,#978,#979,#980,#981,#982,#983,#984,#985),
 .UNSPECIFIED.,.F.,.F.,(4,3,3,3,3,3,4),(-3.8649358400464,-3.71854686128472,
-2.78891014596354,-1.85927343064236,-0.92963671532118,-0.46481835766059,
0.),.UNSPECIFIED.);
#120=B_SPLINE_CURVE_WITH_KNOTS('',3,(#1058,#1059,#1060,#1061,#1062,#1063,
#1064,#1065,#1066,#1067,#1068,#1069,#1070,#1071,#1072,#1073,#1074,#1075,
#1076,#1077,#1078,#1079,#1080,#1081,#1082,#1083,#1084,#1085,#1086,#1087,
#1088,#1089,#1090,#1091,#1092,#1093,#1094,#1095,#1096,#1097,#1098,#1099,
#1100,#1101,#1102,#1103,#1104,#1105,#1106,#1107,#1108,#1109,#1110,#1111,
#1112,#1113,#1114,#1115,#1116,#1117,#1118,#1119,#1120,#1121,#1122,#1123,
#1124,#1125,#1126,#1127,#1128,#1129,#1130,#1131,#1132,#1133,#1134,#1135,
#1136,#1137,#1138,#1139,#1140,#1141,#1142,#1143,#1144,#1145,#1146,#1147,
#1148,#1149,#1150,#1151,#1152,#1153,#1154,#1155,#1156,#1157,#1158,#1159,
#1160,#1161,#1162,#1163),.UNSPECIFIED.,.F.,.F.,(4,3,3,3,3,3,3,3,3,3,3,3,
3,3,3,3,3,3,3,3,3,3,3,3,3,3,3,3,3,3,3,3,3,3,3,4),(0.,0.0460400564036064,
0.0928389532026988,0.140277672635857,0.18770648976216,0.204634547478355,
0.211532603493694,0.216963142026718,0.255418720626939,0.303257393544045,
0.351531079907147,0.39320434630853,0.424459296109567,0.431023593122579,
0.4801213392595,0.518224145512679,0.566422854251884,0.615406645798276,0.643525591747603,
0.653262282309091,0.659486920918907,0.710214778427482,0.760348145060444,
0.810732429600845,0.860834811667599,0.875743981838221,0.882463906699954,
0.933484910632218,0.984182649318013,1.00902005705341,1.02071223718713,1.03044149330451,
1.0653097809875,1.1150133116391,1.16575056167042,1.17017592172559),
 .UNSPECIFIED.);
#121=B_SPLINE_CURVE_WITH_KNOTS('',3,(#1165,#1166,#1167,#1168,#1169,#1170,
#1171,#1172,#1173,#1174,#1175,#1176,#1177,#1178,#1179,#1180,#1181,#1182,
#1183,#1184,#1185,#1186),.UNSPECIFIED.,.F.,.F.,(4,3,3,3,3,3,3,4),(2.03218080768802,
2.78891014596355,3.71854686128473,4.64818357660591,5.57782029192709,6.50745700724827,
7.43709372256945,7.592022928411),.UNSPECIFIED.);
#122=B_SPLINE_CURVE_WITH_KNOTS('',3,(#1187,#1188,#1189,#1190,#1191,#1192,
#1193,#1194,#1195,#1196,#1197,#1198,#1199,#1200,#1201,#1202,#1203,#1204,
#1205,#1206,#1207,#1208,#1209,#1210,#1211,#1212,#1213,#1214,#1215,#1216,
#1217,#1218,#1219,#1220,#1221,#1222,#1223,#1224,#1225,#1226,#1227,#1228,
#1229,#1230,#1231,#1232,#1233,#1234,#1235,#1236,#1237,#1238,#1239,#1240,
#1241,#1242,#1243,#1244,#1245,#1246,#1247,#1248,#1249,#1250,#1251,#1252,
#1253,#1254,#1255,#1256,#1257,#1258,#1259,#1260,#1261,#1262,#1263,#1264,
#1265,#1266,#1267,#1268,#1269,#1270,#1271,#1272,#1273,#1274,#1275,#1276,
#1277,#1278,#1279,#1280,#1281,#1282,#1283,#1284,#1285,#1286,#1287,#1288,
#1289,#1290,#1291,#1292),.UNSPECIFIED.,.F.,.F.,(4,3,3,3,3,3,3,3,3,3,3,3,
3,3,3,3,3,3,3,3,3,3,3,3,3,3,3,3,3,3,3,3,3,3,3,4),(0.,0.050448242510255,
0.10149409225858,0.152660939606282,0.203469772518478,0.222781217506677,
0.233598767615893,0.239147131921376,0.280715552471273,0.331043660286476,
0.381183768068849,0.424447111630585,0.456894619301887,0.464216922786843,
0.470801069690677,0.51985685832127,0.554237142315793,0.603690132769332,
0.653506623458164,0.680097097587323,0.688574597182529,0.694296118375597,
0.74310638566591,0.792104900424399,0.840765047500519,0.88866396509067,0.904123941351788,
0.913912326287706,0.96154815829586,1.00849872795538,1.02989362781963,1.03959125555396,
1.04736315828038,1.07895420952471,1.12644630303406,1.17318355551472),
 .UNSPECIFIED.);
#123=LINE('',#576,#140);
#124=LINE('',#624,#141);
#125=LINE('',#644,#142);
#126=LINE('',#1300,#143);
#127=LINE('',#1342,#144);
#128=LINE('',#1344,#145);
#129=LINE('',#1348,#146);
#130=LINE('',#1351,#147);
#131=LINE('',#1354,#148);
#132=LINE('',#1357,#149);
#133=LINE('',#1360,#150);
#134=LINE('',#1363,#151);
#135=LINE('',#1366,#152);
#136=LINE('',#1369,#153);
#137=LINE('',#1379,#154);
#138=LINE('',#1398,#155);
#139=LINE('',#1399,#156);
#140=VECTOR('',#479,5.5);
#141=VECTOR('',#484,6.09);
#142=VECTOR('',#489,6.09);
#143=VECTOR('',#502,7.35);
#144=VECTOR('',#517,10.);
#145=VECTOR('',#518,10.);
#146=VECTOR('',#523,10.);
#147=VECTOR('',#526,10.);
#148=VECTOR('',#529,10.);
#149=VECTOR('',#532,10.);
#150=VECTOR('',#535,10.);
#151=VECTOR('',#538,10.);
#152=VECTOR('',#541,10.);
#153=VECTOR('',#544,10.);
#154=VECTOR('',#547,7.35);
#155=VECTOR('',#552,10.);
#156=VECTOR('',#553,10.);
#157=VERTEX_POINT('',#574);
#158=VERTEX_POINT('',#575);
#159=VERTEX_POINT('',#577);
#160=VERTEX_POINT('',#597);
#161=VERTEX_POINT('',#622);
#162=VERTEX_POINT('',#623);
#163=VERTEX_POINT('',#625);
#164=VERTEX_POINT('',#633);
#165=VERTEX_POINT('',#642);
#166=VERTEX_POINT('',#643);
#167=VERTEX_POINT('',#645);
#168=VERTEX_POINT('',#652);
#169=VERTEX_POINT('',#860);
#170=VERTEX_POINT('',#1164);
#171=VERTEX_POINT('',#1294);
#172=VERTEX_POINT('',#1297);
#173=VERTEX_POINT('',#1299);
#174=VERTEX_POINT('',#1301);
#175=VERTEX_POINT('',#1305);
#176=VERTEX_POINT('',#1307);
#177=VERTEX_POINT('',#1311);
#178=VERTEX_POINT('',#1313);
#179=VERTEX_POINT('',#1317);
#180=VERTEX_POINT('',#1319);
#181=VERTEX_POINT('',#1323);
#182=VERTEX_POINT('',#1325);
#183=VERTEX_POINT('',#1329);
#184=VERTEX_POINT('',#1331);
#185=VERTEX_POINT('',#1335);
#186=VERTEX_POINT('',#1341);
#187=VERTEX_POINT('',#1343);
#188=VERTEX_POINT('',#1347);
#189=VERTEX_POINT('',#1349);
#190=VERTEX_POINT('',#1353);
#191=VERTEX_POINT('',#1355);
#192=VERTEX_POINT('',#1359);
#193=VERTEX_POINT('',#1361);
#194=VERTEX_POINT('',#1365);
#195=VERTEX_POINT('',#1367);
#196=VERTEX_POINT('',#1371);
#197=VERTEX_POINT('',#1375);
#198=VERTEX_POINT('',#1392);
#199=EDGE_CURVE('',#157,#158,#123,.T.);
#200=EDGE_CURVE('',#157,#159,#109,.T.);
#201=EDGE_CURVE('',#160,#159,#91,.F.);
#202=EDGE_CURVE('',#160,#158,#110,.T.);
#203=EDGE_CURVE('',#161,#162,#124,.T.);
#204=EDGE_CURVE('',#162,#163,#111,.T.);
#205=EDGE_CURVE('',#164,#163,#92,.T.);
#206=EDGE_CURVE('',#161,#164,#112,.T.);
#207=EDGE_CURVE('',#165,#166,#125,.T.);
#208=EDGE_CURVE('',#167,#165,#113,.T.);
#209=EDGE_CURVE('',#168,#167,#93,.T.);
#210=EDGE_CURVE('',#168,#166,#114,.T.);
#211=EDGE_CURVE('',#166,#162,#115,.T.);
#212=EDGE_CURVE('',#165,#161,#116,.T.);
#213=EDGE_CURVE('',#163,#160,#117,.T.);
#214=EDGE_CURVE('',#169,#168,#118,.T.);
#215=EDGE_CURVE('',#158,#169,#119,.T.);
#216=EDGE_CURVE('',#159,#164,#120,.T.);
#217=EDGE_CURVE('',#170,#157,#121,.T.);
#218=EDGE_CURVE('',#167,#170,#122,.T.);
#219=EDGE_CURVE('',#171,#171,#94,.T.);
#220=EDGE_CURVE('',#172,#172,#95,.T.);
#221=EDGE_CURVE('',#172,#173,#126,.T.);
#222=EDGE_CURVE('',#174,#173,#15,.T.);
#223=EDGE_CURVE('',#175,#174,#96,.T.);
#224=EDGE_CURVE('',#176,#175,#16,.T.);
#225=EDGE_CURVE('',#177,#176,#97,.T.);
#226=EDGE_CURVE('',#178,#177,#17,.T.);
#227=EDGE_CURVE('',#179,#178,#98,.T.);
#228=EDGE_CURVE('',#180,#179,#18,.T.);
#229=EDGE_CURVE('',#181,#180,#99,.T.);
#230=EDGE_CURVE('',#182,#181,#19,.T.);
#231=EDGE_CURVE('',#183,#182,#100,.T.);
#232=EDGE_CURVE('',#184,#183,#20,.T.);
#233=EDGE_CURVE('',#185,#184,#101,.T.);
#234=EDGE_CURVE('',#173,#185,#21,.T.);
#235=EDGE_CURVE('',#175,#186,#127,.T.);
#236=EDGE_CURVE('',#187,#174,#128,.T.);
#237=EDGE_CURVE('',#186,#187,#102,.T.);
#238=EDGE_CURVE('',#188,#184,#129,.T.);
#239=EDGE_CURVE('',#189,#188,#103,.T.);
#240=EDGE_CURVE('',#185,#189,#130,.T.);
#241=EDGE_CURVE('',#190,#182,#131,.T.);
#242=EDGE_CURVE('',#191,#190,#104,.T.);
#243=EDGE_CURVE('',#183,#191,#132,.T.);
#244=EDGE_CURVE('',#192,#180,#133,.T.);
#245=EDGE_CURVE('',#193,#192,#105,.T.);
#246=EDGE_CURVE('',#181,#193,#134,.T.);
#247=EDGE_CURVE('',#194,#178,#135,.T.);
#248=EDGE_CURVE('',#195,#194,#106,.T.);
#249=EDGE_CURVE('',#179,#195,#136,.T.);
#250=EDGE_CURVE('',#186,#196,#22,.T.);
#251=EDGE_CURVE('',#197,#187,#23,.T.);
#252=EDGE_CURVE('',#197,#171,#137,.T.);
#253=EDGE_CURVE('',#189,#197,#24,.T.);
#254=EDGE_CURVE('',#191,#188,#25,.T.);
#255=EDGE_CURVE('',#193,#190,#26,.T.);
#256=EDGE_CURVE('',#195,#192,#27,.T.);
#257=EDGE_CURVE('',#198,#194,#28,.T.);
#258=EDGE_CURVE('',#198,#196,#107,.T.);
#259=EDGE_CURVE('',#196,#176,#138,.T.);
#260=EDGE_CURVE('',#177,#198,#139,.T.);
#261=EDGE_CURVE('',#169,#170,#108,.F.);
#262=ORIENTED_EDGE('',*,*,#199,.F.);
#263=ORIENTED_EDGE('',*,*,#200,.T.);
#264=ORIENTED_EDGE('',*,*,#201,.F.);
#265=ORIENTED_EDGE('',*,*,#202,.T.);
#266=ORIENTED_EDGE('',*,*,#203,.T.);
#267=ORIENTED_EDGE('',*,*,#204,.T.);
#268=ORIENTED_EDGE('',*,*,#205,.F.);
#269=ORIENTED_EDGE('',*,*,#206,.F.);
#270=ORIENTED_EDGE('',*,*,#207,.F.);
#271=ORIENTED_EDGE('',*,*,#208,.F.);
#272=ORIENTED_EDGE('',*,*,#209,.F.);
#273=ORIENTED_EDGE('',*,*,#210,.T.);
#274=ORIENTED_EDGE('',*,*,#207,.T.);
#275=ORIENTED_EDGE('',*,*,#211,.T.);
#276=ORIENTED_EDGE('',*,*,#203,.F.);
#277=ORIENTED_EDGE('',*,*,#212,.F.);
#278=ORIENTED_EDGE('',*,*,#213,.F.);
#279=ORIENTED_EDGE('',*,*,#204,.F.);
#280=ORIENTED_EDGE('',*,*,#211,.F.);
#281=ORIENTED_EDGE('',*,*,#210,.F.);
#282=ORIENTED_EDGE('',*,*,#214,.F.);
#283=ORIENTED_EDGE('',*,*,#215,.F.);
#284=ORIENTED_EDGE('',*,*,#202,.F.);
#285=ORIENTED_EDGE('',*,*,#216,.F.);
#286=ORIENTED_EDGE('',*,*,#200,.F.);
#287=ORIENTED_EDGE('',*,*,#217,.F.);
#288=ORIENTED_EDGE('',*,*,#218,.F.);
#289=ORIENTED_EDGE('',*,*,#208,.T.);
#290=ORIENTED_EDGE('',*,*,#212,.T.);
#291=ORIENTED_EDGE('',*,*,#206,.T.);
#292=ORIENTED_EDGE('',*,*,#219,.T.);
#293=ORIENTED_EDGE('',*,*,#216,.T.);
#294=ORIENTED_EDGE('',*,*,#205,.T.);
#295=ORIENTED_EDGE('',*,*,#213,.T.);
#296=ORIENTED_EDGE('',*,*,#201,.T.);
#297=ORIENTED_EDGE('',*,*,#220,.F.);
#298=ORIENTED_EDGE('',*,*,#221,.T.);
#299=ORIENTED_EDGE('',*,*,#222,.F.);
#300=ORIENTED_EDGE('',*,*,#223,.F.);
#301=ORIENTED_EDGE('',*,*,#224,.F.);
#302=ORIENTED_EDGE('',*,*,#225,.F.);
#303=ORIENTED_EDGE('',*,*,#226,.F.);
#304=ORIENTED_EDGE('',*,*,#227,.F.);
#305=ORIENTED_EDGE('',*,*,#228,.F.);
#306=ORIENTED_EDGE('',*,*,#229,.F.);
#307=ORIENTED_EDGE('',*,*,#230,.F.);
#308=ORIENTED_EDGE('',*,*,#231,.F.);
#309=ORIENTED_EDGE('',*,*,#232,.F.);
#310=ORIENTED_EDGE('',*,*,#233,.F.);
#311=ORIENTED_EDGE('',*,*,#234,.F.);
#312=ORIENTED_EDGE('',*,*,#221,.F.);
#313=ORIENTED_EDGE('',*,*,#235,.F.);
#314=ORIENTED_EDGE('',*,*,#223,.T.);
#315=ORIENTED_EDGE('',*,*,#236,.F.);
#316=ORIENTED_EDGE('',*,*,#237,.F.);
#317=ORIENTED_EDGE('',*,*,#238,.F.);
#318=ORIENTED_EDGE('',*,*,#239,.F.);
#319=ORIENTED_EDGE('',*,*,#240,.F.);
#320=ORIENTED_EDGE('',*,*,#233,.T.);
#321=ORIENTED_EDGE('',*,*,#241,.F.);
#322=ORIENTED_EDGE('',*,*,#242,.F.);
#323=ORIENTED_EDGE('',*,*,#243,.F.);
#324=ORIENTED_EDGE('',*,*,#231,.T.);
#325=ORIENTED_EDGE('',*,*,#244,.F.);
#326=ORIENTED_EDGE('',*,*,#245,.F.);
#327=ORIENTED_EDGE('',*,*,#246,.F.);
#328=ORIENTED_EDGE('',*,*,#229,.T.);
#329=ORIENTED_EDGE('',*,*,#247,.F.);
#330=ORIENTED_EDGE('',*,*,#248,.F.);
#331=ORIENTED_EDGE('',*,*,#249,.F.);
#332=ORIENTED_EDGE('',*,*,#227,.T.);
#333=ORIENTED_EDGE('',*,*,#250,.F.);
#334=ORIENTED_EDGE('',*,*,#237,.T.);
#335=ORIENTED_EDGE('',*,*,#251,.F.);
#336=ORIENTED_EDGE('',*,*,#252,.T.);
#337=ORIENTED_EDGE('',*,*,#219,.F.);
#338=ORIENTED_EDGE('',*,*,#252,.F.);
#339=ORIENTED_EDGE('',*,*,#253,.F.);
#340=ORIENTED_EDGE('',*,*,#239,.T.);
#341=ORIENTED_EDGE('',*,*,#254,.F.);
#342=ORIENTED_EDGE('',*,*,#242,.T.);
#343=ORIENTED_EDGE('',*,*,#255,.F.);
#344=ORIENTED_EDGE('',*,*,#245,.T.);
#345=ORIENTED_EDGE('',*,*,#256,.F.);
#346=ORIENTED_EDGE('',*,*,#248,.T.);
#347=ORIENTED_EDGE('',*,*,#257,.F.);
#348=ORIENTED_EDGE('',*,*,#258,.T.);
#349=ORIENTED_EDGE('',*,*,#259,.F.);
#350=ORIENTED_EDGE('',*,*,#258,.F.);
#351=ORIENTED_EDGE('',*,*,#260,.F.);
#352=ORIENTED_EDGE('',*,*,#225,.T.);
#353=ORIENTED_EDGE('',*,*,#199,.T.);
#354=ORIENTED_EDGE('',*,*,#215,.T.);
#355=ORIENTED_EDGE('',*,*,#261,.T.);
#356=ORIENTED_EDGE('',*,*,#217,.T.);
#357=ORIENTED_EDGE('',*,*,#250,.T.);
#358=ORIENTED_EDGE('',*,*,#259,.T.);
#359=ORIENTED_EDGE('',*,*,#224,.T.);
#360=ORIENTED_EDGE('',*,*,#235,.T.);
#361=ORIENTED_EDGE('',*,*,#257,.T.);
#362=ORIENTED_EDGE('',*,*,#247,.T.);
#363=ORIENTED_EDGE('',*,*,#226,.T.);
#364=ORIENTED_EDGE('',*,*,#260,.T.);
#365=ORIENTED_EDGE('',*,*,#256,.T.);
#366=ORIENTED_EDGE('',*,*,#244,.T.);
#367=ORIENTED_EDGE('',*,*,#228,.T.);
#368=ORIENTED_EDGE('',*,*,#249,.T.);
#369=ORIENTED_EDGE('',*,*,#255,.T.);
#370=ORIENTED_EDGE('',*,*,#241,.T.);
#371=ORIENTED_EDGE('',*,*,#230,.T.);
#372=ORIENTED_EDGE('',*,*,#246,.T.);
#373=ORIENTED_EDGE('',*,*,#254,.T.);
#374=ORIENTED_EDGE('',*,*,#238,.T.);
#375=ORIENTED_EDGE('',*,*,#232,.T.);
#376=ORIENTED_EDGE('',*,*,#243,.T.);
#377=ORIENTED_EDGE('',*,*,#253,.T.);
#378=ORIENTED_EDGE('',*,*,#251,.T.);
#379=ORIENTED_EDGE('',*,*,#236,.T.);
#380=ORIENTED_EDGE('',*,*,#222,.T.);
#381=ORIENTED_EDGE('',*,*,#234,.T.);
#382=ORIENTED_EDGE('',*,*,#240,.T.);
#383=ORIENTED_EDGE('',*,*,#220,.T.);
#384=ORIENTED_EDGE('',*,*,#218,.T.);
#385=ORIENTED_EDGE('',*,*,#261,.F.);
#386=ORIENTED_EDGE('',*,*,#214,.T.);
#387=ORIENTED_EDGE('',*,*,#209,.T.);
#388=CYLINDRICAL_SURFACE('',#436,5.38975);
#389=CYLINDRICAL_SURFACE('',#438,6.09);
#390=CYLINDRICAL_SURFACE('',#440,6.09);
#391=CYLINDRICAL_SURFACE('',#442,6.09);
#392=CYLINDRICAL_SURFACE('',#453,7.9);
#393=CYLINDRICAL_SURFACE('',#455,7.9);
#394=CYLINDRICAL_SURFACE('',#457,7.9);
#395=CYLINDRICAL_SURFACE('',#459,7.9);
#396=CYLINDRICAL_SURFACE('',#461,7.9);
#397=CYLINDRICAL_SURFACE('',#465,7.9);
#398=CYLINDRICAL_SURFACE('',#466,5.38975);
#399=ADVANCED_FACE('',(#43),#388,.F.);
#400=ADVANCED_FACE('',(#44),#389,.F.);
#401=ADVANCED_FACE('',(#45),#390,.F.);
#402=ADVANCED_FACE('',(#46),#391,.F.);
#403=ADVANCED_FACE('',(#47),#41,.F.);
#404=ADVANCED_FACE('',(#48),#42,.F.);
#405=ADVANCED_FACE('',(#49,#31),#33,.T.);
#406=ADVANCED_FACE('',(#50),#29,.T.);
#407=ADVANCED_FACE('',(#51),#392,.T.);
#408=ADVANCED_FACE('',(#52),#393,.T.);
#409=ADVANCED_FACE('',(#53),#394,.T.);
#410=ADVANCED_FACE('',(#54),#395,.T.);
#411=ADVANCED_FACE('',(#55),#396,.T.);
#412=ADVANCED_FACE('',(#56),#30,.T.);
#413=ADVANCED_FACE('',(#57),#397,.T.);
#414=ADVANCED_FACE('',(#58),#398,.F.);
#415=ADVANCED_FACE('',(#59),#34,.T.);
#416=ADVANCED_FACE('',(#60),#35,.T.);
#417=ADVANCED_FACE('',(#61),#36,.T.);
#418=ADVANCED_FACE('',(#62),#37,.T.);
#419=ADVANCED_FACE('',(#63),#38,.T.);
#420=ADVANCED_FACE('',(#64),#39,.T.);
#421=ADVANCED_FACE('',(#65,#32),#40,.F.);
#422=CLOSED_SHELL('',(#399,#400,#401,#402,#403,#404,#405,#406,#407,#408,
#409,#410,#411,#412,#413,#414,#415,#416,#417,#418,#419,#420,#421));
#423=DERIVED_UNIT_ELEMENT(#425,1.);
#424=DERIVED_UNIT_ELEMENT(#1414,-3.);
#425=(
MASS_UNIT()
NAMED_UNIT(*)
SI_UNIT(.KILO.,.GRAM.)
);
#426=DERIVED_UNIT((#423,#424));
#427=MEASURE_REPRESENTATION_ITEM('density measure',
POSITIVE_RATIO_MEASURE(7850.),#426);
#428=PROPERTY_DEFINITION_REPRESENTATION(#433,#430);
#429=PROPERTY_DEFINITION_REPRESENTATION(#434,#431);
#430=REPRESENTATION('material name',(#432),#1411);
#431=REPRESENTATION('density',(#427),#1411);
#432=DESCRIPTIVE_REPRESENTATION_ITEM('Steel','Steel');
#433=PROPERTY_DEFINITION('material property','material name',#1421);
#434=PROPERTY_DEFINITION('material property','density of part',#1421);
#435=AXIS2_PLACEMENT_3D('',#572,#475,#476);
#436=AXIS2_PLACEMENT_3D('',#573,#477,#478);
#437=AXIS2_PLACEMENT_3D('',#598,#480,#481);
#438=AXIS2_PLACEMENT_3D('',#621,#482,#483);
#439=AXIS2_PLACEMENT_3D('',#634,#485,#486);
#440=AXIS2_PLACEMENT_3D('',#641,#487,#488);
#441=AXIS2_PLACEMENT_3D('',#653,#490,#491);
#442=AXIS2_PLACEMENT_3D('',#660,#492,#493);
#443=AXIS2_PLACEMENT_3D('',#1293,#494,#495);
#444=AXIS2_PLACEMENT_3D('',#1295,#496,#497);
#445=AXIS2_PLACEMENT_3D('',#1296,#498,#499);
#446=AXIS2_PLACEMENT_3D('',#1298,#500,#501);
#447=AXIS2_PLACEMENT_3D('',#1306,#503,#504);
#448=AXIS2_PLACEMENT_3D('',#1312,#505,#506);
#449=AXIS2_PLACEMENT_3D('',#1318,#507,#508);
#450=AXIS2_PLACEMENT_3D('',#1324,#509,#510);
#451=AXIS2_PLACEMENT_3D('',#1330,#511,#512);
#452=AXIS2_PLACEMENT_3D('',#1336,#513,#514);
#453=AXIS2_PLACEMENT_3D('',#1340,#515,#516);
#454=AXIS2_PLACEMENT_3D('',#1345,#519,#520);
#455=AXIS2_PLACEMENT_3D('',#1346,#521,#522);
#456=AXIS2_PLACEMENT_3D('',#1350,#524,#525);
#457=AXIS2_PLACEMENT_3D('',#1352,#527,#528);
#458=AXIS2_PLACEMENT_3D('',#1356,#530,#531);
#459=AXIS2_PLACEMENT_3D('',#1358,#533,#534);
#460=AXIS2_PLACEMENT_3D('',#1362,#536,#537);
#461=AXIS2_PLACEMENT_3D('',#1364,#539,#540);
#462=AXIS2_PLACEMENT_3D('',#1368,#542,#543);
#463=AXIS2_PLACEMENT_3D('',#1370,#545,#546);
#464=AXIS2_PLACEMENT_3D('',#1396,#548,#549);
#465=AXIS2_PLACEMENT_3D('',#1397,#550,#551);
#466=AXIS2_PLACEMENT_3D('',#1400,#554,#555);
#467=AXIS2_PLACEMENT_3D('',#1401,#556,#557);
#468=AXIS2_PLACEMENT_3D('',#1402,#558,#559);
#469=AXIS2_PLACEMENT_3D('',#1403,#560,#561);
#470=AXIS2_PLACEMENT_3D('',#1404,#562,#563);
#471=AXIS2_PLACEMENT_3D('',#1405,#564,#565);
#472=AXIS2_PLACEMENT_3D('',#1406,#566,#567);
#473=AXIS2_PLACEMENT_3D('',#1407,#568,#569);
#474=AXIS2_PLACEMENT_3D('',#1408,#570,#571);
#475=DIRECTION('axis',(0.,0.,1.));
#476=DIRECTION('refdir',(1.,0.,0.));
#477=DIRECTION('center_axis',(0.,0.,1.));
#478=DIRECTION('ref_axis',(0.998880050643252,-0.0473143152432044,0.));
#479=DIRECTION('',(0.,0.,-1.));
#480=DIRECTION('center_axis',(0.,0.,1.));
#481=DIRECTION('ref_axis',(1.,0.,0.));
#482=DIRECTION('center_axis',(0.,0.,1.));
#483=DIRECTION('ref_axis',(-0.333561346882918,-0.942728395597403,0.));
#484=DIRECTION('',(1.22464679914735E-16,5.99903913064743E-32,1.));
#485=DIRECTION('center_axis',(0.,0.,-1.));
#486=DIRECTION('ref_axis',(1.,3.67394039744206E-16,0.));
#487=DIRECTION('center_axis',(0.,0.,1.));
#488=DIRECTION('ref_axis',(-0.608393272914223,0.793635700729698,0.));
#489=DIRECTION('',(1.22464679914735E-16,5.99903913064743E-32,1.));
#490=DIRECTION('center_axis',(0.,0.,1.));
#491=DIRECTION('ref_axis',(1.,3.67394039744206E-16,0.));
#492=DIRECTION('center_axis',(0.,0.,1.));
#493=DIRECTION('ref_axis',(1.,3.67394039744206E-16,0.));
#494=DIRECTION('center_axis',(0.,0.,1.));
#495=DIRECTION('ref_axis',(1.,0.,0.));
#496=DIRECTION('center_axis',(0.,0.,1.));
#497=DIRECTION('ref_axis',(1.,0.,0.));
#498=DIRECTION('center_axis',(0.,0.,1.));
#499=DIRECTION('ref_axis',(1.,0.,0.));
#500=DIRECTION('center_axis',(0.,0.,-1.));
#501=DIRECTION('ref_axis',(1.,0.,0.));
#502=DIRECTION('',(-0.852322728648666,-1.04379430148013E-16,0.52301621985259));
#503=DIRECTION('center_axis',(0.,0.,1.));
#504=DIRECTION('ref_axis',(1.,0.,0.));
#505=DIRECTION('center_axis',(0.,0.,1.));
#506=DIRECTION('ref_axis',(1.,0.,0.));
#507=DIRECTION('center_axis',(0.,0.,1.));
#508=DIRECTION('ref_axis',(1.,0.,0.));
#509=DIRECTION('center_axis',(0.,0.,1.));
#510=DIRECTION('ref_axis',(1.,0.,0.));
#511=DIRECTION('center_axis',(0.,0.,1.));
#512=DIRECTION('ref_axis',(1.,0.,0.));
#513=DIRECTION('center_axis',(0.,0.,1.));
#514=DIRECTION('ref_axis',(1.,0.,0.));
#515=DIRECTION('center_axis',(0.,0.,1.));
#516=DIRECTION('ref_axis',(1.,0.,0.));
#517=DIRECTION('',(0.,0.,1.));
#518=DIRECTION('',(0.,0.,-1.));
#519=DIRECTION('center_axis',(0.,0.,1.));
#520=DIRECTION('ref_axis',(1.,0.,0.));
#521=DIRECTION('center_axis',(0.,0.,1.));
#522=DIRECTION('ref_axis',(1.,0.,0.));
#523=DIRECTION('',(0.,0.,-1.));
#524=DIRECTION('center_axis',(0.,0.,1.));
#525=DIRECTION('ref_axis',(1.,0.,0.));
#526=DIRECTION('',(0.,0.,1.));
#527=DIRECTION('center_axis',(0.,0.,1.));
#528=DIRECTION('ref_axis',(1.,0.,0.));
#529=DIRECTION('',(0.,0.,-1.));
#530=DIRECTION('center_axis',(0.,0.,1.));
#531=DIRECTION('ref_axis',(1.,0.,0.));
#532=DIRECTION('',(0.,0.,1.));
#533=DIRECTION('center_axis',(0.,0.,1.));
#534=DIRECTION('ref_axis',(1.,0.,0.));
#535=DIRECTION('',(0.,0.,-1.));
#536=DIRECTION('center_axis',(0.,0.,1.));
#537=DIRECTION('ref_axis',(1.,0.,0.));
#538=DIRECTION('',(0.,0.,1.));
#539=DIRECTION('center_axis',(0.,0.,1.));
#540=DIRECTION('ref_axis',(1.,0.,0.));
#541=DIRECTION('',(0.,0.,-1.));
#542=DIRECTION('center_axis',(0.,0.,1.));
#543=DIRECTION('ref_axis',(1.,0.,0.));
#544=DIRECTION('',(0.,0.,1.));
#545=DIRECTION('center_axis',(0.,0.,-1.));
#546=DIRECTION('ref_axis',(1.,0.,0.));
#547=DIRECTION('',(0.852322728648666,1.04379430148013E-16,0.52301621985259));
#548=DIRECTION('center_axis',(0.,0.,1.));
#549=DIRECTION('ref_axis',(1.,0.,0.));
#550=DIRECTION('center_axis',(0.,0.,1.));
#551=DIRECTION('ref_axis',(1.,0.,0.));
#552=DIRECTION('',(0.,0.,-1.));
#553=DIRECTION('',(0.,0.,1.));
#554=DIRECTION('center_axis',(0.,0.,1.));
#555=DIRECTION('ref_axis',(1.,0.,0.));
#556=DIRECTION('center_axis',(0.,0.,1.));
#557=DIRECTION('ref_axis',(1.,0.,0.));
#558=DIRECTION('center_axis',(-0.499999999999999,0.866025403784439,0.));
#559=DIRECTION('ref_axis',(-0.866025403784439,-0.499999999999999,0.));
#560=DIRECTION('center_axis',(0.5,0.866025403784438,0.));
#561=DIRECTION('ref_axis',(-0.866025403784438,0.5,0.));
#562=DIRECTION('center_axis',(1.,-4.1502791792451E-16,0.));
#563=DIRECTION('ref_axis',(4.1502791792451E-16,1.,0.));
#564=DIRECTION('center_axis',(0.5,-0.866025403784439,0.));
#565=DIRECTION('ref_axis',(0.866025403784439,0.5,0.));
#566=DIRECTION('center_axis',(-0.5,-0.866025403784439,0.));
#567=DIRECTION('ref_axis',(0.866025403784439,-0.5,0.));
#568=DIRECTION('center_axis',(-1.,4.1502791792451E-16,0.));
#569=DIRECTION('ref_axis',(-4.1502791792451E-16,-1.,0.));
#570=DIRECTION('center_axis',(0.,0.,1.));
#571=DIRECTION('ref_axis',(1.,0.,0.));
#572=CARTESIAN_POINT('',(0.,0.,0.));
#573=CARTESIAN_POINT('Origin',(0.,0.,-0.2));
#574=CARTESIAN_POINT('',(-5.3924307821203,0.00301238215110216,0.906095445404484));
#575=CARTESIAN_POINT('',(-5.39227303207065,0.00278679645888902,0.568904554595514));
#576=CARTESIAN_POINT('',(-5.38975,-6.60054008570445E-16,-0.2));
#577=CARTESIAN_POINT('',(1.17165085336778,5.26085918270985,1.8));
#578=CARTESIAN_POINT('Ctrl Pts',(-5.3924307821203,0.00301238215110216,0.906095445404484));
#579=CARTESIAN_POINT('Ctrl Pts',(-5.38253578268758,-1.38652773751336,0.957469832731191));
#580=CARTESIAN_POINT('Ctrl Pts',(-4.82620089768981,-2.78290049121927,1.0088442200579));
#581=CARTESIAN_POINT('Ctrl Pts',(-3.85608021489071,-3.77441621429272,1.0602186073846));
#582=CARTESIAN_POINT('Ctrl Pts',(-2.69195079315803,-4.96421934477539,1.12186705676922));
#583=CARTESIAN_POINT('Ctrl Pts',(-0.931985584614547,-5.5710437730538,1.18351550615384));
#584=CARTESIAN_POINT('Ctrl Pts',(0.718104005945424,-5.34879714533953,1.24516395553845));
#585=CARTESIAN_POINT('Ctrl Pts',(2.36819359650541,-5.12655051762527,1.30681240492307));
#586=CARTESIAN_POINT('Ctrl Pts',(3.90840756908187,-4.07523283391833,1.36846085430769));
#587=CARTESIAN_POINT('Ctrl Pts',(4.71652893992996,-2.6220556316608,1.4301093036923));
#588=CARTESIAN_POINT('Ctrl Pts',(5.52465031077805,-1.16887842940329,1.49175775307692));
#589=CARTESIAN_POINT('Ctrl Pts',(5.60067907989776,0.686158291404809,1.55340620246154));
#590=CARTESIAN_POINT('Ctrl Pts',(4.92092018564851,2.20951580937585,1.61505465184615));
#591=CARTESIAN_POINT('Ctrl Pts',(4.58104073852389,2.97119456836137,1.64587887653846));
#592=CARTESIAN_POINT('Ctrl Pts',(4.05221437555703,3.64995352663763,1.67670310123077));
#593=CARTESIAN_POINT('Ctrl Pts',(3.40364556470057,4.17698594477358,1.70752732592308));
#594=CARTESIAN_POINT('Ctrl Pts',(2.75507675384412,4.70401836290953,1.73835155061538));
#595=CARTESIAN_POINT('Ctrl Pts',(1.98676549509807,5.07932424090516,1.76917577530769));
#596=CARTESIAN_POINT('Ctrl Pts',(1.1716508533678,5.26085918270985,1.8));
#597=CARTESIAN_POINT('',(-5.36763242394703,0.506619273358341,1.8));
#598=CARTESIAN_POINT('Origin',(0.,0.,1.8));
#599=CARTESIAN_POINT('Ctrl Pts',(-5.36763242394703,0.506619273358341,1.8));
#600=CARTESIAN_POINT('Ctrl Pts',(-5.22901764647054,1.85738632988104,1.7498178271795));
#601=CARTESIAN_POINT('Ctrl Pts',(-4.57378720763619,3.16802863008838,1.69963565435899));
#602=CARTESIAN_POINT('Ctrl Pts',(-3.55430172589342,4.06106061812372,1.64945348153849));
#603=CARTESIAN_POINT('Ctrl Pts',(-2.30187092054794,5.15814418822264,1.58780503215387));
#604=CARTESIAN_POINT('Ctrl Pts',(-0.49970818305188,5.62497231432479,1.52615658276925));
#605=CARTESIAN_POINT('Ctrl Pts',(1.12802133415932,5.27665676082318,1.46450813338464));
#606=CARTESIAN_POINT('Ctrl Pts',(2.75575085137052,4.92834120732158,1.40285968400002));
#607=CARTESIAN_POINT('Ctrl Pts',(4.20904714829685,3.76488197421624,1.34121123461541));
#608=CARTESIAN_POINT('Ctrl Pts',(4.90376156153032,2.25249647053725,1.27956278523079));
#609=CARTESIAN_POINT('Ctrl Pts',(5.59847597476379,0.740110966858248,1.21791433584618));
#610=CARTESIAN_POINT('Ctrl Pts',(5.53460850430439,-1.1212008073944,1.15626588646156));
#611=CARTESIAN_POINT('Ctrl Pts',(4.73800689603975,-2.58278404255419,1.09461743707694));
#612=CARTESIAN_POINT('Ctrl Pts',(3.94140528777512,-4.04436727771398,1.03296898769232));
#613=CARTESIAN_POINT('Ctrl Pts',(2.41206954170526,-5.10622197378091,0.971320538307709));
#614=CARTESIAN_POINT('Ctrl Pts',(0.764259527631905,-5.34185268720663,0.909672088923093));
#615=CARTESIAN_POINT('Ctrl Pts',(-0.883550486441451,-5.57748340063235,0.848023639538477));
#616=CARTESIAN_POINT('Ctrl Pts',(-2.6498347685183,-4.98689013141686,0.786375190153861));
#617=CARTESIAN_POINT('Ctrl Pts',(-3.82410478734069,-3.80747165157708,0.724726740769244));
#618=CARTESIAN_POINT('Ctrl Pts',(-4.81346366182808,-2.81377503916241,0.672786012044667));
#619=CARTESIAN_POINT('Ctrl Pts',(-5.38257620365547,-1.40209587007369,0.620845283320091));
#620=CARTESIAN_POINT('Ctrl Pts',(-5.39227303207065,0.00278679645888902,
0.568904554595514));
#621=CARTESIAN_POINT('Origin',(0.,0.,-2.96038497140452));
#622=CARTESIAN_POINT('',(-6.0930290761376,0.00340375848605468,1.31038497140452));
#623=CARTESIAN_POINT('',(-6.09605713879512,-0.00383086625788285,1.41461502859548));
#624=CARTESIAN_POINT('',(-6.09,-2.98323960272295E-15,-2.96038497140452));
#625=CARTESIAN_POINT('',(2.18155498312348,-5.68585242998876,1.8));
#626=CARTESIAN_POINT('Ctrl Pts',(-6.09605713879513,-0.0038308662578829,
1.41461502859548));
#627=CARTESIAN_POINT('Ctrl Pts',(-6.09680913720952,-0.161393720099448,1.41977978696109));
#628=CARTESIAN_POINT('Ctrl Pts',(-6.0235860685156,-2.19855782030928,1.48659299471131));
#629=CARTESIAN_POINT('Ctrl Pts',(-4.30252772705655,-5.04054748703902,1.58423042715384));
#630=CARTESIAN_POINT('Ctrl Pts',(-0.615131070649106,-6.27641881673889,1.70752732592307));
#631=CARTESIAN_POINT('Ctrl Pts',(1.30059212032086,-6.02386136478934,1.76917577530769));
#632=CARTESIAN_POINT('Ctrl Pts',(2.18155498312348,-5.68585242998876,1.8));
#633=CARTESIAN_POINT('',(4.73848375257585,-3.82868631457564,1.8));
#634=CARTESIAN_POINT('Origin',(0.,0.,1.8));
#635=CARTESIAN_POINT('Ctrl Pts',(-6.0930290761376,0.00340375848605433,1.31038497140452));
#636=CARTESIAN_POINT('Ctrl Pts',(-6.08184849326358,-1.56666894038802,1.36175935873123));
#637=CARTESIAN_POINT('Ctrl Pts',(-4.69890475486116,-5.03778859922636,1.47478219544255));
#638=CARTESIAN_POINT('Ctrl Pts',(0.565679515036044,-6.85298262931049,1.63798720497438));
#639=CARTESIAN_POINT('Ctrl Pts',(3.76452187790639,-5.01417896594562,1.7498178271795));
#640=CARTESIAN_POINT('Ctrl Pts',(4.73848375257585,-3.82868631457564,1.8));
#641=CARTESIAN_POINT('Origin',(0.,0.,-2.96038497140452));
#642=CARTESIAN_POINT('',(-6.08124305290108,-0.000916420403105356,0.060384971404521));
#643=CARTESIAN_POINT('',(-6.09285083080111,0.00314886412813843,0.164615028595479));
#644=CARTESIAN_POINT('',(-6.09,-2.98323960272295E-15,-2.96038497140452));
#645=CARTESIAN_POINT('',(-1.57714514954846,5.88223708951414,-0.2));
#646=CARTESIAN_POINT('Ctrl Pts',(-1.57714514954845,5.88223708951414,-0.200000000000001));
#647=CARTESIAN_POINT('Ctrl Pts',(-2.48853574398784,5.63787508344565,-0.169175775307693));
#648=CARTESIAN_POINT('Ctrl Pts',(-4.18689889739045,4.71618829148774,-0.107527325923076));
#649=CARTESIAN_POINT('Ctrl Pts',(-5.77543869501958,2.48656985630487,-0.0207323354549026));
#650=CARTESIAN_POINT('Ctrl Pts',(-6.0833219734771,0.770273944667172,0.0352384303209633));
#651=CARTESIAN_POINT('Ctrl Pts',(-6.08124305290108,-0.000916420403105356,
0.0603849714045209));
#652=CARTESIAN_POINT('',(1.5830623718024,5.88268085758354,-0.2));
#653=CARTESIAN_POINT('Origin',(0.,0.,-0.2));
#654=CARTESIAN_POINT('Ctrl Pts',(1.5830623718024,5.88268085758354,-0.2));
#655=CARTESIAN_POINT('Ctrl Pts',(0.0982909044600183,6.26928256205987,-0.149817827179496));
#656=CARTESIAN_POINT('Ctrl Pts',(-3.57042809882463,5.8766760368208,-0.0379872049743757));
#657=CARTESIAN_POINT('Ctrl Pts',(-5.94765181671207,2.47864548868564,0.0835511378907837));
#658=CARTESIAN_POINT('Ctrl Pts',(-6.09489863116036,0.299835482272975,0.15490730793544));
#659=CARTESIAN_POINT('Ctrl Pts',(-6.09285083080111,0.00314886412813877,
0.164615028595479));
#660=CARTESIAN_POINT('Origin',(0.,0.,-2.96038497140452));
#661=CARTESIAN_POINT('Ctrl Pts',(-6.09285083080111,0.00314886412813888,
0.164615028595479));
#662=CARTESIAN_POINT('Ctrl Pts',(-6.08189416582622,-1.58425972424486,0.216555757320056));
#663=CARTESIAN_POINT('Ctrl Pts',(-4.67560138726273,-5.07255786429898,0.330144935429249));
#664=CARTESIAN_POINT('Ctrl Pts',(0.997420810876125,-6.96944884630518,0.505382562923058));
#665=CARTESIAN_POINT('Ctrl Pts',(6.1815135945296,-3.37000818632228,0.690327911076907));
#666=CARTESIAN_POINT('Ctrl Pts',(6.39800947750996,2.93940618644004,0.875273259230756));
#667=CARTESIAN_POINT('Ctrl Pts',(1.47167275598405,6.88326261555731,1.0602186073846));
#668=CARTESIAN_POINT('Ctrl Pts',(-4.46664346624382,5.34501472231971,1.23999919717285));
#669=CARTESIAN_POINT('Ctrl Pts',(-6.08783300843345,1.71933426993207,1.35813133757647));
#670=CARTESIAN_POINT('Ctrl Pts',(-6.09605713879513,-0.0038308662578829,
1.41461502859548));
#671=CARTESIAN_POINT('Ctrl Pts',(-6.08124305290108,-0.000916420403105356,
0.0603849714045209));
#672=CARTESIAN_POINT('Ctrl Pts',(-6.07822535881826,-1.1203514908137,0.0968868797055797));
#673=CARTESIAN_POINT('Ctrl Pts',(-5.27462498926043,-4.1309393446726,0.195037237391255));
#674=CARTESIAN_POINT('Ctrl Pts',(-0.635852335812281,-7.01416466443666,0.354836044461546));
#675=CARTESIAN_POINT('Ctrl Pts',(5.23648917214033,-4.7036517061157,0.539781392615395));
#676=CARTESIAN_POINT('Ctrl Pts',(6.9038414213448,1.3826277390062,0.724726740769244));
#677=CARTESIAN_POINT('Ctrl Pts',(3.02011082635213,6.3597993068665,0.909672088923092));
#678=CARTESIAN_POINT('Ctrl Pts',(-3.28961137269529,6.22467458134984,1.09461743707694));
#679=CARTESIAN_POINT('Ctrl Pts',(-5.93805338788582,2.51328384007643,1.22818839790408));
#680=CARTESIAN_POINT('Ctrl Pts',(-6.09526501525568,0.317393378276168,1.30011090934661));
#681=CARTESIAN_POINT('Ctrl Pts',(-6.0930290761376,0.00340375848605433,1.31038497140452));
#682=CARTESIAN_POINT('Ctrl Pts',(4.04014089383274,-3.56744539138028,-0.2));
#683=CARTESIAN_POINT('Ctrl Pts',(4.59287892978781,-2.94146817305071,-0.169175775307692));
#684=CARTESIAN_POINT('Ctrl Pts',(5.39477752514011,-1.43101874273498,-0.107527325923076));
#685=CARTESIAN_POINT('Ctrl Pts',(5.51036272145256,2.00886317552297,0.0157695728461569));
#686=CARTESIAN_POINT('Ctrl Pts',(2.63058988347309,5.64901291405293,0.169890696307697));
#687=CARTESIAN_POINT('Ctrl Pts',(-2.9614012184161,5.48467332524292,0.354836044461546));
#688=CARTESIAN_POINT('Ctrl Pts',(-6.16288631729891,0.90843420919083,0.539781392615395));
#689=CARTESIAN_POINT('Ctrl Pts',(-4.41611905059515,-4.39629686220137,0.724726740769244));
#690=CARTESIAN_POINT('Ctrl Pts',(0.8827337956354,-6.16807666984784,0.909672088923094));
#691=CARTESIAN_POINT('Ctrl Pts',(5.47074103384498,-2.98251258164705,1.09461743707694));
#692=CARTESIAN_POINT('Ctrl Pts',(5.6623434452232,2.60142274111087,1.27956278523079));
#693=CARTESIAN_POINT('Ctrl Pts',(1.30245455444418,6.09180044042693,1.46450813338464));
#694=CARTESIAN_POINT('Ctrl Pts',(-4.104033658044,4.69131606212049,1.64945348153849));
#695=CARTESIAN_POINT('Ctrl Pts',(-6.2121302776287,-0.490700980166587,1.83439882969233));
#696=CARTESIAN_POINT('Ctrl Pts',(-3.80780768750461,-4.46096729364016,1.98851995315388));
#697=CARTESIAN_POINT('Ctrl Pts',(-0.544401098198853,-5.55473371387823,2.11181685192311));
#698=CARTESIAN_POINT('Ctrl Pts',(1.15104538267641,-5.33121622181828,2.17346530130773));
#699=CARTESIAN_POINT('Ctrl Pts',(1.93071198198518,-5.03207276429096,2.20428952600003));
#700=CARTESIAN_POINT('Ctrl Pts',(4.21510934697103,-3.72194257803483,-0.334763175333345));
#701=CARTESIAN_POINT('Ctrl Pts',(4.79178509244742,-3.06885584336187,-0.303938950641037));
#702=CARTESIAN_POINT('Ctrl Pts',(5.62841192141572,-1.49299260513429,-0.242290501256421));
#703=CARTESIAN_POINT('Ctrl Pts',(5.74900282508737,2.09586204304372,-0.118993602487188));
#704=CARTESIAN_POINT('Ctrl Pts',(2.74451418830492,5.893657612667,0.0351275209743521));
#705=CARTESIAN_POINT('Ctrl Pts',(-3.08965213934291,5.72220088502469,0.220072869128201));
#706=CARTESIAN_POINT('Ctrl Pts',(-6.429785594859,0.947776235257956,0.40501821728205));
#707=CARTESIAN_POINT('Ctrl Pts',(-4.60737018253877,-4.58668954446904,0.5899635654359));
#708=CARTESIAN_POINT('Ctrl Pts',(0.920962800715645,-6.43520072866695,0.774908913589748));
#709=CARTESIAN_POINT('Ctrl Pts',(5.70766522073985,-3.11167778320546,0.959854261743597));
#710=CARTESIAN_POINT('Ctrl Pts',(5.90756545598546,2.71408388955393,1.14479960989745));
#711=CARTESIAN_POINT('Ctrl Pts',(1.35886062162414,6.35562116547039,1.32974495805129));
#712=CARTESIAN_POINT('Ctrl Pts',(-4.2817691478809,4.89448529214043,1.51469030620515));
#713=CARTESIAN_POINT('Ctrl Pts',(-6.48116218862701,-0.511952019105416,1.69963565435899));
#714=CARTESIAN_POINT('Ctrl Pts',(-3.97271436735525,-4.65416069143978,1.85375677782054));
#715=CARTESIAN_POINT('Ctrl Pts',(-0.567977755682273,-5.79529541483178,1.97705367658976));
#716=CARTESIAN_POINT('Ctrl Pts',(1.20089429522456,-5.56209793614197,2.03870212597438));
#717=CARTESIAN_POINT('Ctrl Pts',(2.01432631569795,-5.24999931952356,2.06952635066669));
#718=CARTESIAN_POINT('Ctrl Pts',(4.39007780010933,-3.87643976468938,-0.46952635066669));
#719=CARTESIAN_POINT('Ctrl Pts',(4.99069125510703,-3.19624351367303,-0.438702125974382));
#720=CARTESIAN_POINT('Ctrl Pts',(5.86204631769132,-1.55496646753361,-0.377053676589766));
#721=CARTESIAN_POINT('Ctrl Pts',(5.98764292872217,2.18286091056448,-0.253756777820533));
#722=CARTESIAN_POINT('Ctrl Pts',(2.85843849313675,6.13830231128106,-0.0996356543589928));
#723=CARTESIAN_POINT('Ctrl Pts',(-3.21790306026972,5.95972844480646,0.0853096937948567));
#724=CARTESIAN_POINT('Ctrl Pts',(-6.69668487241909,0.987118261325083,0.270255041948705));
#725=CARTESIAN_POINT('Ctrl Pts',(-4.79862131448238,-4.77708222673671,0.455200390102554));
#726=CARTESIAN_POINT('Ctrl Pts',(0.959191805795883,-6.70232478748606,0.640145738256403));
#727=CARTESIAN_POINT('Ctrl Pts',(5.94458940763473,-3.24084298476387,0.825091086410252));
#728=CARTESIAN_POINT('Ctrl Pts',(6.1527874667477,2.82674503799698,1.0100364345641));
#729=CARTESIAN_POINT('Ctrl Pts',(1.4152666888041,6.61944189051386,1.19498178271795));
#730=CARTESIAN_POINT('Ctrl Pts',(-4.4595046377178,5.09765452216036,1.3799271308718));
#731=CARTESIAN_POINT('Ctrl Pts',(-6.75019409962533,-0.53320305804424,1.56487247902565));
#732=CARTESIAN_POINT('Ctrl Pts',(-4.1376210472059,-4.8473540892394,1.71899360248719));
#733=CARTESIAN_POINT('Ctrl Pts',(-0.591554413165689,-6.03585711578533,1.84229050125642));
#734=CARTESIAN_POINT('Ctrl Pts',(1.25074320777271,-5.79297965046565,1.90393895064104));
#735=CARTESIAN_POINT('Ctrl Pts',(2.09794064941071,-5.46792587475616,1.93476317533334));
#736=CARTESIAN_POINT('Ctrl Pts',(4.56504625324762,-4.03093695134393,-0.604289526000035));
#737=CARTESIAN_POINT('Ctrl Pts',(5.18959741776664,-3.3236311839842,-0.573465301307727));
#738=CARTESIAN_POINT('Ctrl Pts',(6.09568071396693,-1.61694032993293,-0.511816851923111));
#739=CARTESIAN_POINT('Ctrl Pts',(6.22628303235699,2.26985977808523,-0.388519953153877));
#740=CARTESIAN_POINT('Ctrl Pts',(2.97236279796858,6.38294700989514,-0.234398829692338));
#741=CARTESIAN_POINT('Ctrl Pts',(-3.34615398119653,6.19725600458823,-0.0494534815384882));
#742=CARTESIAN_POINT('Ctrl Pts',(-6.9635841499792,1.02646028739221,0.13549186661536));
#743=CARTESIAN_POINT('Ctrl Pts',(-4.98987244642599,-4.96747490900437,0.320437214769209));
#744=CARTESIAN_POINT('Ctrl Pts',(0.997420810876125,-6.96944884630518,0.505382562923058));
#745=CARTESIAN_POINT('Ctrl Pts',(6.1815135945296,-3.37000818632228,0.690327911076907));
#746=CARTESIAN_POINT('Ctrl Pts',(6.39800947750996,2.93940618644004,0.875273259230756));
#747=CARTESIAN_POINT('Ctrl Pts',(1.47167275598405,6.88326261555731,1.0602186073846));
#748=CARTESIAN_POINT('Ctrl Pts',(-4.6372401275547,5.3008237521803,1.24516395553845));
#749=CARTESIAN_POINT('Ctrl Pts',(-7.01922601062364,-0.554454096983075,1.4301093036923));
#750=CARTESIAN_POINT('Ctrl Pts',(-4.30252772705655,-5.04054748703902,1.58423042715384));
#751=CARTESIAN_POINT('Ctrl Pts',(-0.615131070649106,-6.27641881673889,1.70752732592307));
#752=CARTESIAN_POINT('Ctrl Pts',(1.30059212032086,-6.02386136478934,1.76917577530769));
#753=CARTESIAN_POINT('Ctrl Pts',(2.18155498312348,-5.68585242998876,1.8));
#754=CARTESIAN_POINT('Ctrl Pts',(2.18155498312348,-5.68585242998876,1.8));
#755=CARTESIAN_POINT('Ctrl Pts',(2.02140605093429,-5.737124059817,1.8));
#756=CARTESIAN_POINT('Ctrl Pts',(1.85952596596534,-5.78142572320209,1.8));
#757=CARTESIAN_POINT('Ctrl Pts',(1.69632436671604,-5.81883215102672,1.8));
#758=CARTESIAN_POINT('Ctrl Pts',(1.53118664280559,-5.85668234599414,1.8));
#759=CARTESIAN_POINT('Ctrl Pts',(1.36469518169687,-5.88747277427614,1.8));
#760=CARTESIAN_POINT('Ctrl Pts',(1.19726297864349,-5.91122883224155,1.8));
#761=CARTESIAN_POINT('Ctrl Pts',(1.02942707423436,-5.93504216922876,1.8));
#762=CARTESIAN_POINT('Ctrl Pts',(0.860645178936751,-5.9517871457197,1.8));
#763=CARTESIAN_POINT('Ctrl Pts',(0.691332407375874,-5.9614373930847,1.8));
#764=CARTESIAN_POINT('Ctrl Pts',(0.523200078583028,-5.97102035925994,1.8));
#765=CARTESIAN_POINT('Ctrl Pts',(0.354543575099171,-5.97360708596036,1.8));
#766=CARTESIAN_POINT('Ctrl Pts',(0.185778839130622,-5.96912161602512,1.8));
#767=CARTESIAN_POINT('Ctrl Pts',(0.121640106295974,-5.96741692128446,1.8));
#768=CARTESIAN_POINT('Ctrl Pts',(0.0574858910399298,-5.96469023045437,1.8));
#769=CARTESIAN_POINT('Ctrl Pts',(-0.00666030293355997,-5.96093549589953,
1.8));
#770=CARTESIAN_POINT('Ctrl Pts',(-0.0425933981812882,-5.95883218740947,
1.8));
#771=CARTESIAN_POINT('Ctrl Pts',(-0.0785239685811446,-5.95640626434326,
1.8));
#772=CARTESIAN_POINT('Ctrl Pts',(-0.114447816866157,-5.95365652232366,1.8));
#773=CARTESIAN_POINT('Ctrl Pts',(-0.132874711620571,-5.95224606077191,1.8));
#774=CARTESIAN_POINT('Ctrl Pts',(-0.15129826884234,-5.95075048806554,1.8));
#775=CARTESIAN_POINT('Ctrl Pts',(-0.169708460809092,-5.94917057431538,1.8));
#776=CARTESIAN_POINT('Ctrl Pts',(-0.307621655065132,-5.93733523048371,1.8));
#777=CARTESIAN_POINT('Ctrl Pts',(-0.444932890664501,-5.92075785231334,1.8));
#778=CARTESIAN_POINT('Ctrl Pts',(-0.581420435011975,-5.89944884698363,1.8));
#779=CARTESIAN_POINT('Ctrl Pts',(-0.746682622547171,-5.87364742421041,1.8));
#780=CARTESIAN_POINT('Ctrl Pts',(-0.910737943154071,-5.84091030311893,1.8));
#781=CARTESIAN_POINT('Ctrl Pts',(-1.07310835324698,-5.80136879426655,1.8));
#782=CARTESIAN_POINT('Ctrl Pts',(-1.23486827946258,-5.76197595445815,1.8));
#783=CARTESIAN_POINT('Ctrl Pts',(-1.39495669457068,-5.71582951698001,1.8));
#784=CARTESIAN_POINT('Ctrl Pts',(-1.55288271559708,-5.66301117473567,1.8));
#785=CARTESIAN_POINT('Ctrl Pts',(-1.68914730447259,-5.61743749634984,1.8));
#786=CARTESIAN_POINT('Ctrl Pts',(-1.82380200755918,-5.56689580610194,1.8));
#787=CARTESIAN_POINT('Ctrl Pts',(-1.95651408670186,-5.51141191585928,1.8));
#788=CARTESIAN_POINT('Ctrl Pts',(-2.05604814605887,-5.46979899817729,1.8));
#789=CARTESIAN_POINT('Ctrl Pts',(-2.15448917723806,-5.42540557863587,1.8));
#790=CARTESIAN_POINT('Ctrl Pts',(-2.25168890114059,-5.37823402337484,1.8));
#791=CARTESIAN_POINT('Ctrl Pts',(-2.27364527746475,-5.36757847439256,1.8));
#792=CARTESIAN_POINT('Ctrl Pts',(-2.29553828401674,-5.35678113990356,1.8));
#793=CARTESIAN_POINT('Ctrl Pts',(-2.31736615587441,-5.34584199791084,1.8));
#794=CARTESIAN_POINT('Ctrl Pts',(-2.33695358917375,-5.33602566237747,1.8));
#795=CARTESIAN_POINT('Ctrl Pts',(-2.35648159619041,-5.32609860460585,1.8));
#796=CARTESIAN_POINT('Ctrl Pts',(-2.37594343782262,-5.31606399004962,1.8));
#797=CARTESIAN_POINT('Ctrl Pts',(-2.52109867427766,-5.24122128625157,1.8));
#798=CARTESIAN_POINT('Ctrl Pts',(-2.66267495089288,-5.16034915290909,1.8));
#799=CARTESIAN_POINT('Ctrl Pts',(-2.80022409792263,-5.07355369253875,1.8));
#800=CARTESIAN_POINT('Ctrl Pts',(-2.89662232524798,-5.01272504546776,1.8));
#801=CARTESIAN_POINT('Ctrl Pts',(-2.99104221341265,-4.94898611166919,1.8));
#802=CARTESIAN_POINT('Ctrl Pts',(-3.08332117285234,-4.88236057074358,1.8));
#803=CARTESIAN_POINT('Ctrl Pts',(-3.21605745632416,-4.78652478390266,1.8));
#804=CARTESIAN_POINT('Ctrl Pts',(-3.34436583964293,-4.68471769278634,1.8));
#805=CARTESIAN_POINT('Ctrl Pts',(-3.46804278120699,-4.57736331283222,1.8));
#806=CARTESIAN_POINT('Ctrl Pts',(-3.59262968081303,-4.46921906873571,1.8));
#807=CARTESIAN_POINT('Ctrl Pts',(-3.71251714445685,-4.35544490559666,1.8));
#808=CARTESIAN_POINT('Ctrl Pts',(-3.82745417374302,-4.23644383156789,1.8));
#809=CARTESIAN_POINT('Ctrl Pts',(-3.888804594758,-4.1729241283161,1.8));
#810=CARTESIAN_POINT('Ctrl Pts',(-3.94874379950487,-4.10791474892989,1.8));
#811=CARTESIAN_POINT('Ctrl Pts',(-4.0072280453464,-4.04147453385698,1.8));
#812=CARTESIAN_POINT('Ctrl Pts',(-4.02586525005429,-4.02030199634141,1.8));
#813=CARTESIAN_POINT('Ctrl Pts',(-4.04435467143823,-3.99898414614081,1.8));
#814=CARTESIAN_POINT('Ctrl Pts',(-4.06269480577523,-3.97752286184206,1.8));
#815=CARTESIAN_POINT('Ctrl Pts',(-4.07506993497505,-3.96304171567862,1.8));
#816=CARTESIAN_POINT('Ctrl Pts',(-4.08737478397367,-3.94849792462078,1.8));
#817=CARTESIAN_POINT('Ctrl Pts',(-4.0996036827819,-3.93389855740144,1.8));
#818=CARTESIAN_POINT('Ctrl Pts',(-4.20399786663707,-3.80926844560109,1.8));
#819=CARTESIAN_POINT('Ctrl Pts',(-4.30297786359849,-3.68045417119968,1.8));
#820=CARTESIAN_POINT('Ctrl Pts',(-4.39637207969579,-3.54788836160636,1.8));
#821=CARTESIAN_POINT('Ctrl Pts',(-4.4901272861007,-3.41481015441088,1.8));
#822=CARTESIAN_POINT('Ctrl Pts',(-4.57825380391621,-3.27795062413717,1.8));
#823=CARTESIAN_POINT('Ctrl Pts',(-4.66053423505474,-3.13771796900244,1.8));
#824=CARTESIAN_POINT('Ctrl Pts',(-4.74224706184583,-2.99845269655651,1.8));
#825=CARTESIAN_POINT('Ctrl Pts',(-4.81819445293102,-2.85585994016733,1.8));
#826=CARTESIAN_POINT('Ctrl Pts',(-4.88811578741632,-2.71032153942146,1.8));
#827=CARTESIAN_POINT('Ctrl Pts',(-4.95694360507794,-2.56705924926298,1.8));
#828=CARTESIAN_POINT('Ctrl Pts',(-5.01993256054021,-2.42094205014777,1.8));
#829=CARTESIAN_POINT('Ctrl Pts',(-5.07678445989435,-2.27232715248514,1.8));
#830=CARTESIAN_POINT('Ctrl Pts',(-5.09514102211078,-2.22434179674111,1.8));
#831=CARTESIAN_POINT('Ctrl Pts',(-5.11285736911427,-2.17609603280102,1.8));
#832=CARTESIAN_POINT('Ctrl Pts',(-5.12992228432468,-2.12760190303498,1.8));
#833=CARTESIAN_POINT('Ctrl Pts',(-5.14072633666857,-2.09689954618737,1.8));
#834=CARTESIAN_POINT('Ctrl Pts',(-5.15127106235627,-2.06609194219523,1.8));
#835=CARTESIAN_POINT('Ctrl Pts',(-5.16154325200103,-2.03521377361551,1.8));
#836=CARTESIAN_POINT('Ctrl Pts',(-5.21151677444721,-1.88499352808072,1.8));
#837=CARTESIAN_POINT('Ctrl Pts',(-5.25508635647169,-1.73299102542336,1.8));
#838=CARTESIAN_POINT('Ctrl Pts',(-5.29201183345503,-1.57957682881651,1.8));
#839=CARTESIAN_POINT('Ctrl Pts',(-5.32840618988211,-1.42836927759643,1.8));
#840=CARTESIAN_POINT('Ctrl Pts',(-5.35834635745095,-1.27578970771104,1.8));
#841=CARTESIAN_POINT('Ctrl Pts',(-5.38155254403888,-1.12218916411988,1.8));
#842=CARTESIAN_POINT('Ctrl Pts',(-5.39212724248338,-1.05219578441341,1.8));
#843=CARTESIAN_POINT('Ctrl Pts',(-5.40130293721447,-0.981990407666173,1.8));
#844=CARTESIAN_POINT('Ctrl Pts',(-5.40904950552595,-0.911606529642147,1.8));
#845=CARTESIAN_POINT('Ctrl Pts',(-5.41256078934892,-0.879703658284548,1.8));
#846=CARTESIAN_POINT('Ctrl Pts',(-5.41577842242524,-0.847764117611408,1.8));
#847=CARTESIAN_POINT('Ctrl Pts',(-5.41869943827738,-0.815791053364913,1.8));
#848=CARTESIAN_POINT('Ctrl Pts',(-5.42104041951317,-0.79016697351029,1.8));
#849=CARTESIAN_POINT('Ctrl Pts',(-5.42319081300358,-0.764521354689308,1.8));
#850=CARTESIAN_POINT('Ctrl Pts',(-5.42514814741042,-0.738870467584901,1.8));
#851=CARTESIAN_POINT('Ctrl Pts',(-5.4331042886031,-0.634605157167497,1.8));
#852=CARTESIAN_POINT('Ctrl Pts',(-5.43787731300363,-0.530192270587039,1.8));
#853=CARTESIAN_POINT('Ctrl Pts',(-5.4393881382308,-0.425739580256848,1.8));
#854=CARTESIAN_POINT('Ctrl Pts',(-5.44165942186563,-0.268711697816107,1.8));
#855=CARTESIAN_POINT('Ctrl Pts',(-5.43656039224705,-0.111593170498412,1.8));
#856=CARTESIAN_POINT('Ctrl Pts',(-5.42432365678401,0.0451835698404048,1.8));
#857=CARTESIAN_POINT('Ctrl Pts',(-5.4122814438418,0.199468092640386,1.8));
#858=CARTESIAN_POINT('Ctrl Pts',(-5.39332614421899,0.353422278175946,1.8));
#859=CARTESIAN_POINT('Ctrl Pts',(-5.36763242394703,0.50661927335836,1.8));
#860=CARTESIAN_POINT('',(4.04014089383274,-3.56744539138028,-0.2));
#861=CARTESIAN_POINT('Ctrl Pts',(4.04014089383274,-3.56744539138028,-0.2));
#862=CARTESIAN_POINT('Ctrl Pts',(4.1488501173638,-3.45912480330238,-0.2));
#863=CARTESIAN_POINT('Ctrl Pts',(4.25249853366367,-3.34634366235658,-0.2));
#864=CARTESIAN_POINT('Ctrl Pts',(4.35100816359149,-3.22952068842002,-0.2));
#865=CARTESIAN_POINT('Ctrl Pts',(4.45114151432849,-3.11077213732,-0.2));
#866=CARTESIAN_POINT('Ctrl Pts',(4.54596568894182,-2.9878469875782,-0.199999999999999));
#867=CARTESIAN_POINT('Ctrl Pts',(4.63536953584538,-2.86113982741757,-0.2));
#868=CARTESIAN_POINT('Ctrl Pts',(4.72599735383705,-2.7326980002816,-0.2));
#869=CARTESIAN_POINT('Ctrl Pts',(4.81105586309013,-2.60036940376677,-0.2));
#870=CARTESIAN_POINT('Ctrl Pts',(4.89039295175777,-2.46452606403243,-0.2));
#871=CARTESIAN_POINT('Ctrl Pts',(4.96971509440322,-2.32870831532497,-0.200000000000001));
#872=CARTESIAN_POINT('Ctrl Pts',(5.0433183586418,-2.18937654983966,-0.2));
#873=CARTESIAN_POINT('Ctrl Pts',(5.11100848497354,-2.04687225003895,-0.200000000000001));
#874=CARTESIAN_POINT('Ctrl Pts',(5.13516814999837,-1.9960102361182,-0.200000000000001));
#875=CARTESIAN_POINT('Ctrl Pts',(5.15857412819327,-1.94474383917827,-0.2));
#876=CARTESIAN_POINT('Ctrl Pts',(5.18121613698658,-1.89308787352432,-0.2));
#877=CARTESIAN_POINT('Ctrl Pts',(5.19043219862356,-1.87206215236459,-0.2));
#878=CARTESIAN_POINT('Ctrl Pts',(5.19952167930136,-1.85097188514336,-0.2));
#879=CARTESIAN_POINT('Ctrl Pts',(5.20848384711877,-1.82981805650783,-0.2));
#880=CARTESIAN_POINT('Ctrl Pts',(5.21553902555944,-1.81316538510422,-0.2));
#881=CARTESIAN_POINT('Ctrl Pts',(5.22251430072971,-1.79647562426927,-0.2));
#882=CARTESIAN_POINT('Ctrl Pts',(5.22940611135772,-1.77975741602953,-0.2));
#883=CARTESIAN_POINT('Ctrl Pts',(5.27828484126849,-1.66118700989849,-0.2));
#884=CARTESIAN_POINT('Ctrl Pts',(5.32301612541915,-1.5410702957011,-0.200000000000001));
#885=CARTESIAN_POINT('Ctrl Pts',(5.36353964346151,-1.41961512281377,-0.200000000000001));
#886=CARTESIAN_POINT('Ctrl Pts',(5.41393334844283,-1.26857749215837,-0.200000000000001));
#887=CARTESIAN_POINT('Ctrl Pts',(5.45782151603268,-1.11547066682723,-0.200000000000001));
#888=CARTESIAN_POINT('Ctrl Pts',(5.4951722683172,-0.960790967185597,-0.200000000000001));
#889=CARTESIAN_POINT('Ctrl Pts',(5.53286223071829,-0.804706505504744,-0.200000000000001));
#890=CARTESIAN_POINT('Ctrl Pts',(5.56389578557372,-0.647019730377394,-0.2));
#891=CARTESIAN_POINT('Ctrl Pts',(5.58819342513318,-0.488215927104412,-0.2));
#892=CARTESIAN_POINT('Ctrl Pts',(5.60916785243223,-0.351131877503125,-0.2));
#893=CARTESIAN_POINT('Ctrl Pts',(5.62512226310924,-0.213214766667964,-0.200000000000001));
#894=CARTESIAN_POINT('Ctrl Pts',(5.63597540310632,-0.074768694647965,-0.200000000000001));
#895=CARTESIAN_POINT('Ctrl Pts',(5.64411525810413,0.0290658593670343,-0.200000000000001));
#896=CARTESIAN_POINT('Ctrl Pts',(5.64938508665171,0.13319813831387,-0.2));
#897=CARTESIAN_POINT('Ctrl Pts',(5.65173968293269,0.237500539479821,-0.2));
#898=CARTESIAN_POINT('Ctrl Pts',(5.65223413089418,0.259403279262124,-0.2));
#899=CARTESIAN_POINT('Ctrl Pts',(5.65260001127504,0.281315389774449,-0.2));
#900=CARTESIAN_POINT('Ctrl Pts',(5.65283679054105,0.303229799301628,-0.2));
#901=CARTESIAN_POINT('Ctrl Pts',(5.65460812773666,0.467170710897074,-0.2));
#902=CARTESIAN_POINT('Ctrl Pts',(5.64915444000664,0.630763643876133,-0.2));
#903=CARTESIAN_POINT('Ctrl Pts',(5.63643440822208,0.793501317302693,-0.2));
#904=CARTESIAN_POINT('Ctrl Pts',(5.62656362853067,0.919786200005274,-0.2));
#905=CARTESIAN_POINT('Ctrl Pts',(5.6123162912585,1.04555670397807,-0.2));
#906=CARTESIAN_POINT('Ctrl Pts',(5.59365237125858,1.17058195862378,-0.2));
#907=CARTESIAN_POINT('Ctrl Pts',(5.57004246284337,1.3287392381121,-0.2));
#908=CARTESIAN_POINT('Ctrl Pts',(5.53936696252883,1.48570446701057,-0.2));
#909=CARTESIAN_POINT('Ctrl Pts',(5.50194792042766,1.64116214244964,-0.2));
#910=CARTESIAN_POINT('Ctrl Pts',(5.46391922821446,1.79915261359718,-0.2));
#911=CARTESIAN_POINT('Ctrl Pts',(5.41892525801847,1.95558663503226,-0.2));
#912=CARTESIAN_POINT('Ctrl Pts',(5.36725061797636,2.11012604613978,-0.2));
#913=CARTESIAN_POINT('Ctrl Pts',(5.33758640192004,2.19884055825974,-0.2));
#914=CARTESIAN_POINT('Ctrl Pts',(5.30571966083672,2.28693053848068,-0.200000000000001));
#915=CARTESIAN_POINT('Ctrl Pts',(5.27169690641394,2.37432974650905,-0.200000000000001));
#916=CARTESIAN_POINT('Ctrl Pts',(5.25992055862274,2.40458136745741,-0.200000000000001));
#917=CARTESIAN_POINT('Ctrl Pts',(5.24788586047942,2.43475021056054,-0.2));
#918=CARTESIAN_POINT('Ctrl Pts',(5.23559460106127,2.46483346550352,-0.2));
#919=CARTESIAN_POINT('Ctrl Pts',(5.22772883818914,2.48408517452318,-0.2));
#920=CARTESIAN_POINT('Ctrl Pts',(5.21976187149645,2.50329235421787,-0.2));
#921=CARTESIAN_POINT('Ctrl Pts',(5.21169492570436,2.52245330018705,-0.2));
#922=CARTESIAN_POINT('Ctrl Pts',(5.14599407996107,2.67850868816928,-0.2));
#923=CARTESIAN_POINT('Ctrl Pts',(5.07365700816254,2.83152058589561,-0.2));
#924=CARTESIAN_POINT('Ctrl Pts',(4.99507850133066,2.98113549053565,-0.2));
#925=CARTESIAN_POINT('Ctrl Pts',(4.91742223945032,3.12899442403239,-0.2));
#926=CARTESIAN_POINT('Ctrl Pts',(4.83366966443099,3.27353628178551,-0.200000000000001));
#927=CARTESIAN_POINT('Ctrl Pts',(4.74414697681332,3.41441113280706,-0.200000000000001));
#928=CARTESIAN_POINT('Ctrl Pts',(4.65417565960542,3.55599195712285,-0.200000000000001));
#929=CARTESIAN_POINT('Ctrl Pts',(4.55837588635845,3.69386961732782,-0.2));
#930=CARTESIAN_POINT('Ctrl Pts',(4.45702949932519,3.82766999868797,-0.2));
#931=CARTESIAN_POINT('Ctrl Pts',(4.35624949924177,3.960722619895,-0.2));
#932=CARTESIAN_POINT('Ctrl Pts',(4.24998427026525,4.08974406163338,-0.2));
#933=CARTESIAN_POINT('Ctrl Pts',(4.13846848505616,4.21433782367932,-0.2));
#934=CARTESIAN_POINT('Ctrl Pts',(4.10528261822813,4.25141555206645,-0.2));
#935=CARTESIAN_POINT('Ctrl Pts',(4.07163150344742,4.28810093899331,-0.2));
#936=CARTESIAN_POINT('Ctrl Pts',(4.03752068116656,4.32438290839665,-0.2));
#937=CARTESIAN_POINT('Ctrl Pts',(4.02214853667731,4.3407334868562,-0.2));
#938=CARTESIAN_POINT('Ctrl Pts',(4.00668128392839,4.35700394115401,-0.2));
#939=CARTESIAN_POINT('Ctrl Pts',(3.991125192677,4.37318723475454,-0.2));
#940=CARTESIAN_POINT('Ctrl Pts',(3.87300333345798,4.49607162116556,-0.2));
#941=CARTESIAN_POINT('Ctrl Pts',(3.74994423748438,4.61374651105853,-0.2));
#942=CARTESIAN_POINT('Ctrl Pts',(3.62225540455824,4.72583672443554,-0.2));
#943=CARTESIAN_POINT('Ctrl Pts',(3.49537492094919,4.83721733740852,-0.2));
#944=CARTESIAN_POINT('Ctrl Pts',(3.36392266796269,4.94308440306385,-0.2));
#945=CARTESIAN_POINT('Ctrl Pts',(3.22815930405763,5.04303943717054,-0.2));
#946=CARTESIAN_POINT('Ctrl Pts',(3.16164652888576,5.09200910409396,-0.2));
#947=CARTESIAN_POINT('Ctrl Pts',(3.09409842430429,5.13955924988146,-0.2));
#948=CARTESIAN_POINT('Ctrl Pts',(3.0255425212189,5.18563960978384,-0.2));
#949=CARTESIAN_POINT('Ctrl Pts',(2.99328933086505,5.2073188314499,-0.2));
#950=CARTESIAN_POINT('Ctrl Pts',(2.96081304898714,5.22867269861139,-0.2));
#951=CARTESIAN_POINT('Ctrl Pts',(2.92811640082955,5.24969577978344,-0.2));
#952=CARTESIAN_POINT('Ctrl Pts',(2.9008728447435,5.26721266678214,-0.2));
#953=CARTESIAN_POINT('Ctrl Pts',(2.87347418651034,5.28450109870679,-0.200000000000001));
#954=CARTESIAN_POINT('Ctrl Pts',(2.84594193307568,5.30154581894787,-0.200000000000001));
#955=CARTESIAN_POINT('Ctrl Pts',(2.74733674658982,5.36259050684309,-0.2));
#956=CARTESIAN_POINT('Ctrl Pts',(2.64696569027376,5.42054450254243,-0.200000000000001));
#957=CARTESIAN_POINT('Ctrl Pts',(2.54491694556785,5.4752852657477,-0.2));
#958=CARTESIAN_POINT('Ctrl Pts',(2.39945825641122,5.55331189588625,-0.2));
#959=CARTESIAN_POINT('Ctrl Pts',(2.25059222787708,5.62481234749875,-0.2));
#960=CARTESIAN_POINT('Ctrl Pts',(2.09878311187507,5.68986524637401,-0.2));
#961=CARTESIAN_POINT('Ctrl Pts',(1.94381699145913,5.75627097763706,-0.2));
#962=CARTESIAN_POINT('Ctrl Pts',(1.78578350696339,5.8159584270585,-0.2));
#963=CARTESIAN_POINT('Ctrl Pts',(1.62514911383476,5.86896498536735,-0.2));
#964=CARTESIAN_POINT('Ctrl Pts',(1.61113989477262,5.87358778421271,-0.2));
#965=CARTESIAN_POINT('Ctrl Pts',(1.59711088002378,5.87815973906097,-0.2));
#966=CARTESIAN_POINT('Ctrl Pts',(1.58306237180238,5.88268085758354,-0.2));
#967=CARTESIAN_POINT('Ctrl Pts',(-5.39227303207065,0.00278679645888902,
0.568904554595514));
#968=CARTESIAN_POINT('Ctrl Pts',(-5.39408536901421,0.265359325218516,0.559196833935474));
#969=CARTESIAN_POINT('Ctrl Pts',(-5.3763564206232,0.527694441276744,0.549489113275435));
#970=CARTESIAN_POINT('Ctrl Pts',(-5.33817758970115,0.787018883300816,0.539781392615395));
#971=CARTESIAN_POINT('Ctrl Pts',(-5.0957246176713,2.43384724787486,0.478132943230779));
#972=CARTESIAN_POINT('Ctrl Pts',(-4.0285629180437,3.95926028655889,0.416484493846163));
#973=CARTESIAN_POINT('Ctrl Pts',(-2.56298355124837,4.74935673736924,0.354836044461546));
#974=CARTESIAN_POINT('Ctrl Pts',(-1.09740418445303,5.53945318817959,0.29318759507693));
#975=CARTESIAN_POINT('Ctrl Pts',(0.766592849510035,5.59423305111626,0.231539145692313));
#976=CARTESIAN_POINT('Ctrl Pts',(2.27454593408746,4.8935930348786,0.169890696307697));
#977=CARTESIAN_POINT('Ctrl Pts',(3.78249901866488,4.19295301864094,0.108242246923081));
#978=CARTESIAN_POINT('Ctrl Pts',(4.93440815385667,2.73689312322896,0.0465937975384645));
#979=CARTESIAN_POINT('Ctrl Pts',(5.27984946681645,1.10491251867232,-0.0150546518461517));
#980=CARTESIAN_POINT('Ctrl Pts',(5.45257012329633,0.288922216393995,-0.0458788765384599));
#981=CARTESIAN_POINT('Ctrl Pts',(5.42367382421822,-0.571048263170491,-0.0767031012307681));
#982=CARTESIAN_POINT('Ctrl Pts',(5.20875102584109,-1.37864586053167,-0.107527325923076));
#983=CARTESIAN_POINT('Ctrl Pts',(4.99382822746396,-2.18624345789284,-0.138351550615384));
#984=CARTESIAN_POINT('Ctrl Pts',(4.59287892978781,-2.94146817305071,-0.169175775307693));
#985=CARTESIAN_POINT('Ctrl Pts',(4.04014089383274,-3.56744539138028,-0.200000000000001));
#986=CARTESIAN_POINT('Ctrl Pts',(-1.57714514954845,5.88223708951414,-0.200000000000001));
#987=CARTESIAN_POINT('Ctrl Pts',(-2.48853574398784,5.63787508344565,-0.169175775307693));
#988=CARTESIAN_POINT('Ctrl Pts',(-4.18689889739045,4.71618829148774,-0.107527325923076));
#989=CARTESIAN_POINT('Ctrl Pts',(-6.44350414111123,1.54889675756495,0.0157695728461559));
#990=CARTESIAN_POINT('Ctrl Pts',(-6.00459969461544,-3.67722416815875,0.169890696307698));
#991=CARTESIAN_POINT('Ctrl Pts',(-0.635852335812281,-7.01416466443666,0.354836044461546));
#992=CARTESIAN_POINT('Ctrl Pts',(5.23648917214033,-4.7036517061157,0.539781392615395));
#993=CARTESIAN_POINT('Ctrl Pts',(6.9038414213448,1.3826277390062,0.724726740769244));
#994=CARTESIAN_POINT('Ctrl Pts',(3.02011082635213,6.3597993068665,0.909672088923092));
#995=CARTESIAN_POINT('Ctrl Pts',(-3.28961137269529,6.22467458134984,1.09461743707694));
#996=CARTESIAN_POINT('Ctrl Pts',(-6.95670358743632,1.08579972015845,1.27956278523079));
#997=CARTESIAN_POINT('Ctrl Pts',(-5.03032022827818,-4.92351872377505,1.46450813338464));
#998=CARTESIAN_POINT('Ctrl Pts',(0.935552838207203,-6.9805125184124,1.64945348153849));
#999=CARTESIAN_POINT('Ctrl Pts',(6.15652028177545,-3.41678988168046,1.83439882969233));
#1000=CARTESIAN_POINT('Ctrl Pts',(6.37128683121609,1.82332961816706,1.98851995315388));
#1001=CARTESIAN_POINT('Ctrl Pts',(3.9811555260771,4.89110979788035,2.11181685192311));
#1002=CARTESIAN_POINT('Ctrl Pts',(2.24489111093228,5.73924293837607,2.17346530130773));
#1003=CARTESIAN_POINT('Ctrl Pts',(1.32387470606427,5.94436336058314,2.20428952600004));
#1004=CARTESIAN_POINT('Ctrl Pts',(-1.51669655124679,5.65678353056875,-0.334763175333346));
#1005=CARTESIAN_POINT('Ctrl Pts',(-2.39315549468693,5.42178739722875,-0.303938950641038));
#1006=CARTESIAN_POINT('Ctrl Pts',(-4.02642402312128,4.53542688748586,-0.242290501256421));
#1007=CARTESIAN_POINT('Ctrl Pts',(-6.1965384172572,1.48953085967306,-0.118993602487189));
#1008=CARTESIAN_POINT('Ctrl Pts',(-5.77445623888722,-3.53628403549574,0.0351275209743522));
#1009=CARTESIAN_POINT('Ctrl Pts',(-0.611481476581167,-6.7453267440058,0.220072869128201));
#1010=CARTESIAN_POINT('Ctrl Pts',(5.03578574888958,-4.52337080260133,0.405018217282049));
#1011=CARTESIAN_POINT('Ctrl Pts',(6.63923195471662,1.32963457675995,0.589963565435899));
#1012=CARTESIAN_POINT('Ctrl Pts',(2.90435644177889,6.11604181017065,0.774908913589747));
#1013=CARTESIAN_POINT('Ctrl Pts',(-3.16352760894434,5.98609612619986,0.959854261743597));
#1014=CARTESIAN_POINT('Ctrl Pts',(-6.69006802711326,1.04418334062693,1.14479960989745));
#1015=CARTESIAN_POINT('Ctrl Pts',(-4.8375188194193,-4.73481078801569,1.32974495805129));
#1016=CARTESIAN_POINT('Ctrl Pts',(0.899695100114449,-6.712964412719,1.51469030620515));
#1017=CARTESIAN_POINT('Ctrl Pts',(5.92055403506975,-3.28583163785744,1.69963565435899));
#1018=CARTESIAN_POINT('Ctrl Pts',(6.1270890422966,1.75344529604766,1.85375677782054));
#1019=CARTESIAN_POINT('Ctrl Pts',(3.82856635491479,4.70364402689153,1.97705367658977));
#1020=CARTESIAN_POINT('Ctrl Pts',(2.15884923898754,5.5192700392191,2.03870212597438));
#1021=CARTESIAN_POINT('Ctrl Pts',(1.27313342183211,5.71652863462537,2.06952635066669));
#1022=CARTESIAN_POINT('Ctrl Pts',(-1.45624795294513,5.43132997162336,-0.469526350666691));
#1023=CARTESIAN_POINT('Ctrl Pts',(-2.29777524538603,5.20569971101185,-0.438702125974383));
#1024=CARTESIAN_POINT('Ctrl Pts',(-3.86594914885212,4.35466548348398,-0.377053676589766));
#1025=CARTESIAN_POINT('Ctrl Pts',(-5.94957269340317,1.43016496178117,-0.253756777820534));
#1026=CARTESIAN_POINT('Ctrl Pts',(-5.54431278315901,-3.39534390283274,-0.0996356543589926));
#1027=CARTESIAN_POINT('Ctrl Pts',(-0.587110617350044,-6.47648882357494,
0.0853096937948557));
#1028=CARTESIAN_POINT('Ctrl Pts',(4.83508232563882,-4.34308989908697,0.270255041948705));
#1029=CARTESIAN_POINT('Ctrl Pts',(6.37462248808845,1.2766414145137,0.455200390102553));
#1030=CARTESIAN_POINT('Ctrl Pts',(2.78860205720565,5.87228431347478,0.640145738256402));
#1031=CARTESIAN_POINT('Ctrl Pts',(-3.03744384519339,5.74751767104988,0.825091086410252));
#1032=CARTESIAN_POINT('Ctrl Pts',(-6.4234324667902,1.0025669610954,1.0100364345641));
#1033=CARTESIAN_POINT('Ctrl Pts',(-4.64471741056042,-4.54610285225633,1.19498178271795));
#1034=CARTESIAN_POINT('Ctrl Pts',(0.863837362021697,-6.44541630702561,1.3799271308718));
#1035=CARTESIAN_POINT('Ctrl Pts',(5.68458778836404,-3.15487339403441,1.56487247902565));
#1036=CARTESIAN_POINT('Ctrl Pts',(5.88289125337711,1.68356097392825,1.71899360248719));
#1037=CARTESIAN_POINT('Ctrl Pts',(3.67597718375247,4.51617825590271,1.84229050125642));
#1038=CARTESIAN_POINT('Ctrl Pts',(2.07280736704281,5.29929714006213,1.90393895064104));
#1039=CARTESIAN_POINT('Ctrl Pts',(1.22239213759995,5.48869390866761,1.93476317533335));
#1040=CARTESIAN_POINT('Ctrl Pts',(-1.39579935464347,5.20587641267797,-0.604289526000036));
#1041=CARTESIAN_POINT('Ctrl Pts',(-2.20239499608513,4.98961202479494,-0.573465301307728));
#1042=CARTESIAN_POINT('Ctrl Pts',(-3.70547427458295,4.17390407948211,-0.511816851923111));
#1043=CARTESIAN_POINT('Ctrl Pts',(-5.70260696954914,1.37079906388928,-0.388519953153879));
#1044=CARTESIAN_POINT('Ctrl Pts',(-5.3141693274308,-3.25440377016973,-0.234398829692338));
#1045=CARTESIAN_POINT('Ctrl Pts',(-0.562739758118925,-6.20765090314408,
-0.0494534815384888));
#1046=CARTESIAN_POINT('Ctrl Pts',(4.63437890238807,-4.1628089955726,0.135491866615359));
#1047=CARTESIAN_POINT('Ctrl Pts',(6.11001302146028,1.22364825226744,0.320437214769209));
#1048=CARTESIAN_POINT('Ctrl Pts',(2.67284767263242,5.62852681677893,0.505382562923056));
#1049=CARTESIAN_POINT('Ctrl Pts',(-2.91136008144244,5.50893921589989,0.690327911076908));
#1050=CARTESIAN_POINT('Ctrl Pts',(-6.15679690646714,0.960950581563879,0.875273259230754));
#1051=CARTESIAN_POINT('Ctrl Pts',(-4.45191600170154,-4.35739491649698,1.06021860738461));
#1052=CARTESIAN_POINT('Ctrl Pts',(0.827979623928946,-6.17786820133221,1.24516395553845));
#1053=CARTESIAN_POINT('Ctrl Pts',(5.44862154165834,-3.02391515021138,1.4301093036923));
#1054=CARTESIAN_POINT('Ctrl Pts',(5.63869346445762,1.61367665180885,1.58423042715384));
#1055=CARTESIAN_POINT('Ctrl Pts',(3.52338801259016,4.32871248491389,1.70752732592308));
#1056=CARTESIAN_POINT('Ctrl Pts',(1.98676549509807,5.07932424090516,1.76917577530769));
#1057=CARTESIAN_POINT('Ctrl Pts',(1.1716508533678,5.26085918270985,1.8));
#1058=CARTESIAN_POINT('Ctrl Pts',(1.1716508533678,5.26085918270985,1.8));
#1059=CARTESIAN_POINT('Ctrl Pts',(1.32327102356713,5.23712314526267,1.8));
#1060=CARTESIAN_POINT('Ctrl Pts',(1.47341958797303,5.20680388090739,1.8));
#1061=CARTESIAN_POINT('Ctrl Pts',(1.62178698454838,5.17019417547957,1.8));
#1062=CARTESIAN_POINT('Ctrl Pts',(1.77259979893354,5.13298106237774,1.8));
#1063=CARTESIAN_POINT('Ctrl Pts',(1.92157282901855,5.08926833595056,1.8));
#1064=CARTESIAN_POINT('Ctrl Pts',(2.06838385507986,5.03930975464419,1.8));
#1065=CARTESIAN_POINT('Ctrl Pts',(2.21720204421187,4.98866815229946,1.8));
#1066=CARTESIAN_POINT('Ctrl Pts',(2.36379936234049,4.93160860591353,1.8));
#1067=CARTESIAN_POINT('Ctrl Pts',(2.50783372329358,4.86834252668989,1.8));
#1068=CARTESIAN_POINT('Ctrl Pts',(2.65183801867035,4.80508965355902,1.8));
#1069=CARTESIAN_POINT('Ctrl Pts',(2.79328109126949,4.73563258221631,1.8));
#1070=CARTESIAN_POINT('Ctrl Pts',(2.9318047313893,4.66013322992991,1.8));
#1071=CARTESIAN_POINT('Ctrl Pts',(2.98124590064218,4.63318637629795,1.8));
#1072=CARTESIAN_POINT('Ctrl Pts',(3.03031496864316,4.60546936767225,1.8));
#1073=CARTESIAN_POINT('Ctrl Pts',(3.078994893841,4.57698813762734,1.8));
#1074=CARTESIAN_POINT('Ctrl Pts',(3.09883159669652,4.56538225090782,1.8));
#1075=CARTESIAN_POINT('Ctrl Pts',(3.11860367705839,4.55364945672312,1.8));
#1076=CARTESIAN_POINT('Ctrl Pts',(3.1383099590436,4.5417901221896,1.8));
#1077=CARTESIAN_POINT('Ctrl Pts',(3.15382385504928,4.53245378554386,1.8));
#1078=CARTESIAN_POINT('Ctrl Pts',(3.1692947625865,4.52304031805656,1.8));
#1079=CARTESIAN_POINT('Ctrl Pts',(3.18471474905181,4.51355460118417,1.8));
#1080=CARTESIAN_POINT('Ctrl Pts',(3.29390916833915,4.44638285964379,1.8));
#1081=CARTESIAN_POINT('Ctrl Pts',(3.40065850539107,4.37552502810103,1.8));
#1082=CARTESIAN_POINT('Ctrl Pts',(3.50479180671063,4.30111356711603,1.8));
#1083=CARTESIAN_POINT('Ctrl Pts',(3.63433345249871,4.20854583902768,1.8));
#1084=CARTESIAN_POINT('Ctrl Pts',(3.75982759733633,4.11048024581166,1.8));
#1085=CARTESIAN_POINT('Ctrl Pts',(3.88095704218414,4.00729966209635,1.8));
#1086=CARTESIAN_POINT('Ctrl Pts',(4.00318795858209,3.90318082197582,1.8));
#1087=CARTESIAN_POINT('Ctrl Pts',(4.12097510354469,3.79385311463595,1.8));
#1088=CARTESIAN_POINT('Ctrl Pts',(4.23396922235229,3.67966250810431,1.8));
#1089=CARTESIAN_POINT('Ctrl Pts',(4.33151375167288,3.58108508580565,1.8));
#1090=CARTESIAN_POINT('Ctrl Pts',(4.4254862209255,3.47888270990916,1.8));
#1091=CARTESIAN_POINT('Ctrl Pts',(4.5156423133496,3.37325373495557,1.8));
#1092=CARTESIAN_POINT('Ctrl Pts',(4.58325938266768,3.29403200374038,1.8));
#1093=CARTESIAN_POINT('Ctrl Pts',(4.6487293938269,3.21288233125481,1.8));
#1094=CARTESIAN_POINT('Ctrl Pts',(4.71194084051038,3.12988141730133,1.8));
#1095=CARTESIAN_POINT('Ctrl Pts',(4.72521677642754,3.11244921360206,1.8));
#1096=CARTESIAN_POINT('Ctrl Pts',(4.73839417208472,3.09493383202765,1.8));
#1097=CARTESIAN_POINT('Ctrl Pts',(4.75146844300228,3.07734067606591,1.8));
#1098=CARTESIAN_POINT('Ctrl Pts',(4.8492576248695,2.94575243387566,1.8));
#1099=CARTESIAN_POINT('Ctrl Pts',(4.94099743935021,2.81019915329434,1.8));
#1100=CARTESIAN_POINT('Ctrl Pts',(5.02635659860142,2.67106704817873,1.8));
#1101=CARTESIAN_POINT('Ctrl Pts',(5.09260044404828,2.56309216008442,1.8));
#1102=CARTESIAN_POINT('Ctrl Pts',(5.15500105803045,2.45296080224256,1.8));
#1103=CARTESIAN_POINT('Ctrl Pts',(5.21339046467629,2.34083631060428,1.8));
#1104=CARTESIAN_POINT('Ctrl Pts',(5.28725100884927,2.19900277532355,1.8));
#1105=CARTESIAN_POINT('Ctrl Pts',(5.35469497065091,2.05398068757473,1.8));
#1106=CARTESIAN_POINT('Ctrl Pts',(5.41579738299261,1.90621458694011,1.8));
#1107=CARTESIAN_POINT('Ctrl Pts',(5.47789505961965,1.75604160387797,1.8));
#1108=CARTESIAN_POINT('Ctrl Pts',(5.53344311701118,1.60303385855474,1.8));
#1109=CARTESIAN_POINT('Ctrl Pts',(5.58247297549044,1.44763220760492,1.8));
#1110=CARTESIAN_POINT('Ctrl Pts',(5.61061836597487,1.35842452307205,1.8));
#1111=CARTESIAN_POINT('Ctrl Pts',(5.63661493856968,1.2684275557174,1.8));
#1112=CARTESIAN_POINT('Ctrl Pts',(5.66046137440742,1.17772222733241,1.8));
#1113=CARTESIAN_POINT('Ctrl Pts',(5.66871863153095,1.14631387666541,1.8));
#1114=CARTESIAN_POINT('Ctrl Pts',(5.67671803687336,1.11482058105313,1.8));
#1115=CARTESIAN_POINT('Ctrl Pts',(5.68445938519729,1.0832456693429,1.8));
#1116=CARTESIAN_POINT('Ctrl Pts',(5.68940840718426,1.06305991800451,1.8));
#1117=CARTESIAN_POINT('Ctrl Pts',(5.69424951250585,1.04285077442253,1.8));
#1118=CARTESIAN_POINT('Ctrl Pts',(5.69898270300746,1.02262028049081,1.8));
#1119=CARTESIAN_POINT('Ctrl Pts',(5.73755596458567,0.857751333420073,1.8));
#1120=CARTESIAN_POINT('Ctrl Pts',(5.7689719265156,0.691444141978334,1.8));
#1121=CARTESIAN_POINT('Ctrl Pts',(5.79334211722915,0.524216706046258,1.8));
#1122=CARTESIAN_POINT('Ctrl Pts',(5.8174267083387,0.358949045072089,1.8));
#1123=CARTESIAN_POINT('Ctrl Pts',(5.8346296582946,0.192781750497015,1.8));
#1124=CARTESIAN_POINT('Ctrl Pts',(5.84500911405828,0.0261896447982687,1.8));
#1125=CARTESIAN_POINT('Ctrl Pts',(5.85544051908242,-0.141236255743416,1.8));
#1126=CARTESIAN_POINT('Ctrl Pts',(5.85898006370893,-0.309092002428126,1.8));
#1127=CARTESIAN_POINT('Ctrl Pts',(5.85563579202737,-0.476909289083714,1.8));
#1128=CARTESIAN_POINT('Ctrl Pts',(5.85231023170528,-0.643787630021198,1.8));
#1129=CARTESIAN_POINT('Ctrl Pts',(5.84217770040541,-0.810628726440773,1.8));
#1130=CARTESIAN_POINT('Ctrl Pts',(5.82519492513747,-0.976973895051729,1.8));
#1131=CARTESIAN_POINT('Ctrl Pts',(5.82014129143794,-1.02647390530229,1.8));
#1132=CARTESIAN_POINT('Ctrl Pts',(5.8144807186353,-1.07592996967573,1.8));
#1133=CARTESIAN_POINT('Ctrl Pts',(5.80821117716614,-1.12532987344784,1.8));
#1134=CARTESIAN_POINT('Ctrl Pts',(5.80538534265569,-1.14759560908076,1.8));
#1135=CARTESIAN_POINT('Ctrl Pts',(5.8024354417168,-1.16985242714274,1.8));
#1136=CARTESIAN_POINT('Ctrl Pts',(5.79936241273998,-1.19209093298685,1.8));
#1137=CARTESIAN_POINT('Ctrl Pts',(5.77603045193146,-1.36093670395394,1.8));
#1138=CARTESIAN_POINT('Ctrl Pts',(5.74564210309615,-1.52846988169773,1.8));
#1139=CARTESIAN_POINT('Ctrl Pts',(5.7082255395349,-1.69420622109688,1.8));
#1140=CARTESIAN_POINT('Ctrl Pts',(5.67104604450837,-1.85889246750539,1.8));
#1141=CARTESIAN_POINT('Ctrl Pts',(5.62692711547525,-2.02180536711944,1.8));
#1142=CARTESIAN_POINT('Ctrl Pts',(5.57584533415285,-2.18246936007297,1.8));
#1143=CARTESIAN_POINT('Ctrl Pts',(5.55081977949413,-2.26118050587211,1.8));
#1144=CARTESIAN_POINT('Ctrl Pts',(5.52412226863695,-2.33935180300696,1.8));
#1145=CARTESIAN_POINT('Ctrl Pts',(5.49574552141784,-2.41692640977216,1.8));
#1146=CARTESIAN_POINT('Ctrl Pts',(5.48238720143415,-2.45344456358933,1.8));
#1147=CARTESIAN_POINT('Ctrl Pts',(5.46865671211558,-2.48983047583092,1.8));
#1148=CARTESIAN_POINT('Ctrl Pts',(5.45455306299923,-2.52607814020716,1.8));
#1149=CARTESIAN_POINT('Ctrl Pts',(5.44281718373007,-2.55624042015325,1.8));
#1150=CARTESIAN_POINT('Ctrl Pts',(5.43082192413419,-2.586309165645,1.8));
#1151=CARTESIAN_POINT('Ctrl Pts',(5.41857570014523,-2.61625944132206,1.8));
#1152=CARTESIAN_POINT('Ctrl Pts',(5.3746869530585,-2.72359702354763,1.8));
#1153=CARTESIAN_POINT('Ctrl Pts',(5.32755325406709,-2.82947234318476,1.8));
#1154=CARTESIAN_POINT('Ctrl Pts',(5.27717389374449,-2.93373446947435,1.8));
#1155=CARTESIAN_POINT('Ctrl Pts',(5.20535986884118,-3.08235650210611,1.8));
#1156=CARTESIAN_POINT('Ctrl Pts',(5.12695313496582,-3.22770165710894,1.8));
#1157=CARTESIAN_POINT('Ctrl Pts',(5.04237551099081,-3.36956065587355,1.8));
#1158=CARTESIAN_POINT('Ctrl Pts',(4.95603886652274,-3.51436999627966,1.8));
#1159=CARTESIAN_POINT('Ctrl Pts',(4.86327163206695,-3.65554719603408,1.8));
#1160=CARTESIAN_POINT('Ctrl Pts',(4.76447317463016,-3.79284832078197,1.8));
#1161=CARTESIAN_POINT('Ctrl Pts',(4.75585586196967,-3.80482387942211,1.8));
#1162=CARTESIAN_POINT('Ctrl Pts',(4.74719263825243,-3.81676993451699,1.8));
#1163=CARTESIAN_POINT('Ctrl Pts',(4.73848375257583,-3.82868631457566,1.8));
#1164=CARTESIAN_POINT('',(-4.04014089383274,-3.56744539138028,-0.2));
#1165=CARTESIAN_POINT('Ctrl Pts',(-4.04472818428262,-3.56487746776477,-0.2));
#1166=CARTESIAN_POINT('Ctrl Pts',(-3.13862972532962,-4.57619412884468,-0.149817827179496));
#1167=CARTESIAN_POINT('Ctrl Pts',(-1.83815363013917,-5.25139493136946,-0.0996356543589925));
#1168=CARTESIAN_POINT('Ctrl Pts',(-0.488458242919731,-5.37463606305311,
-0.0494534815384888));
#1169=CARTESIAN_POINT('Ctrl Pts',(1.16963312871674,-5.52603693395358,0.0121949678461273));
#1170=CARTESIAN_POINT('Ctrl Pts',(2.90200601555241,-4.84442296476309,0.0738434172307431));
#1171=CARTESIAN_POINT('Ctrl Pts',(4.01413147881561,-3.60587310552784,0.135491866615359));
#1172=CARTESIAN_POINT('Ctrl Pts',(5.12625694207881,-2.36732324629259,0.197140315999976));
#1173=CARTESIAN_POINT('Ctrl Pts',(5.61813498176954,-0.571837497012574,0.258788765384593));
#1174=CARTESIAN_POINT('Ctrl Pts',(5.2912131101436,1.06005180504601,0.320437214769209));
#1175=CARTESIAN_POINT('Ctrl Pts',(4.96429123851766,2.6919411071046,0.382085664153825));
#1176=CARTESIAN_POINT('Ctrl Pts',(3.81856945557504,4.16023396194177,0.44373411353844));
#1177=CARTESIAN_POINT('Ctrl Pts',(2.31500727175792,4.87444912254718,0.505382562923057));
#1178=CARTESIAN_POINT('Ctrl Pts',(0.811445087940799,5.58866428315259,0.567031012307673));
#1179=CARTESIAN_POINT('Ctrl Pts',(-1.04995749675082,5.54880174952624,0.62867946169229));
#1180=CARTESIAN_POINT('Ctrl Pts',(-2.52156492660074,4.7708723769904,0.690327911076906));
#1181=CARTESIAN_POINT('Ctrl Pts',(-3.99317235645067,3.99294300445455,0.751976360461523));
#1182=CARTESIAN_POINT('Ctrl Pts',(-5.07498463145891,2.47694679300921,0.813624809846138));
#1183=CARTESIAN_POINT('Ctrl Pts',(-5.33174395150209,0.832557770943064,0.875273259230754));
#1184=CARTESIAN_POINT('Ctrl Pts',(-5.37453434143732,0.558511058840857,0.885547321288664));
#1185=CARTESIAN_POINT('Ctrl Pts',(-5.39440962495473,0.280898351488338,0.895821383346574));
#1186=CARTESIAN_POINT('Ctrl Pts',(-5.3924307821203,0.00301238215110216,
0.906095445404484));
#1187=CARTESIAN_POINT('Ctrl Pts',(-1.57714514954845,5.88223708951414,-0.200000000000001));
#1188=CARTESIAN_POINT('Ctrl Pts',(-1.73684957480162,5.82958204203176,-0.200000000000001));
#1189=CARTESIAN_POINT('Ctrl Pts',(-1.89385850099222,5.77027062751886,-0.200000000000001));
#1190=CARTESIAN_POINT('Ctrl Pts',(-2.0478840654512,5.70460396815221,-0.200000000000001));
#1191=CARTESIAN_POINT('Ctrl Pts',(-2.20373420867822,5.63815942497862,-0.200000000000001));
#1192=CARTESIAN_POINT('Ctrl Pts',(-2.35653046606976,5.5652078099282,-0.200000000000001));
#1193=CARTESIAN_POINT('Ctrl Pts',(-2.50595326798187,5.48601228559052,-0.200000000000001));
#1194=CARTESIAN_POINT('Ctrl Pts',(-2.65573025736295,5.40662903848256,-0.200000000000001));
#1195=CARTESIAN_POINT('Ctrl Pts',(-2.80211833551318,5.32097180823649,-0.2));
#1196=CARTESIAN_POINT('Ctrl Pts',(-2.94476583045291,5.22926309533961,-0.2));
#1197=CARTESIAN_POINT('Ctrl Pts',(-3.08641522085768,5.13819606831513,-0.2));
#1198=CARTESIAN_POINT('Ctrl Pts',(-3.22437668179707,5.04116147416031,-0.200000000000001));
#1199=CARTESIAN_POINT('Ctrl Pts',(-3.3582687581981,4.93834217333229,-0.200000000000001));
#1200=CARTESIAN_POINT('Ctrl Pts',(-3.4091585212486,4.89926256536143,-0.2));
#1201=CARTESIAN_POINT('Ctrl Pts',(-3.45945999374594,4.85934696617971,-0.2));
#1202=CARTESIAN_POINT('Ctrl Pts',(-3.50915058349522,4.81860429105231,-0.2));
#1203=CARTESIAN_POINT('Ctrl Pts',(-3.53698539569586,4.79578176637622,-0.2));
#1204=CARTESIAN_POINT('Ctrl Pts',(-3.56462850656816,4.7726997096006,-0.200000000000001));
#1205=CARTESIAN_POINT('Ctrl Pts',(-3.59207580877915,4.74935961205986,-0.200000000000001));
#1206=CARTESIAN_POINT('Ctrl Pts',(-3.60615363881753,4.73738838356781,-0.200000000000001));
#1207=CARTESIAN_POINT('Ctrl Pts',(-3.62017874569732,4.72535026194293,-0.200000000000001));
#1208=CARTESIAN_POINT('Ctrl Pts',(-3.63414346389897,4.71325176834905,-0.200000000000001));
#1209=CARTESIAN_POINT('Ctrl Pts',(-3.73876732186972,4.6226096904246,-0.200000000000001));
#1210=CARTESIAN_POINT('Ctrl Pts',(-3.84011607372044,4.52848450311105,-0.2));
#1211=CARTESIAN_POINT('Ctrl Pts',(-3.93801622590471,4.43101489959191,-0.2));
#1212=CARTESIAN_POINT('Ctrl Pts',(-4.05654681593135,4.31300558748134,-0.2));
#1213=CARTESIAN_POINT('Ctrl Pts',(-4.17002358349384,4.19009442591717,-0.2));
#1214=CARTESIAN_POINT('Ctrl Pts',(-4.27813728728355,4.06266871886074,-0.2));
#1215=CARTESIAN_POINT('Ctrl Pts',(-4.38584713365155,3.93571900897866,-0.2));
#1216=CARTESIAN_POINT('Ctrl Pts',(-4.48823435318524,3.80428774913065,-0.2));
#1217=CARTESIAN_POINT('Ctrl Pts',(-4.58495012422229,3.66872967472312,-0.2));
#1218=CARTESIAN_POINT('Ctrl Pts',(-4.6684012338285,3.55176352117763,-0.2));
#1219=CARTESIAN_POINT('Ctrl Pts',(-4.7476293986326,3.43172423650493,-0.200000000000001));
#1220=CARTESIAN_POINT('Ctrl Pts',(-4.82238077952788,3.30882836113627,-0.200000000000001));
#1221=CARTESIAN_POINT('Ctrl Pts',(-4.87844431519935,3.21665645460977,-0.200000000000001));
#1222=CARTESIAN_POINT('Ctrl Pts',(-4.93198911308079,3.1228774773121,-0.200000000000001));
#1223=CARTESIAN_POINT('Ctrl Pts',(-4.9828966803762,3.02758053370214,-0.200000000000001));
#1224=CARTESIAN_POINT('Ctrl Pts',(-4.99438479407645,3.006075241235,-0.200000000000001));
#1225=CARTESIAN_POINT('Ctrl Pts',(-5.00573856467333,2.98449264117345,-0.2));
#1226=CARTESIAN_POINT('Ctrl Pts',(-5.01695655655547,2.96283375049273,-0.2));
#1227=CARTESIAN_POINT('Ctrl Pts',(-5.02704367008058,2.94335827828525,-0.2));
#1228=CARTESIAN_POINT('Ctrl Pts',(-5.03701740900192,2.92382800175663,-0.200000000000001));
#1229=CARTESIAN_POINT('Ctrl Pts',(-5.04687414385111,2.90424951660329,-0.200000000000001));
#1230=CARTESIAN_POINT('Ctrl Pts',(-5.1203126482484,2.75837822250587,-0.200000000000001));
#1231=CARTESIAN_POINT('Ctrl Pts',(-5.18731173542957,2.60973267858956,-0.2));
#1232=CARTESIAN_POINT('Ctrl Pts',(-5.24757146625316,2.45866226634511,-0.2));
#1233=CARTESIAN_POINT('Ctrl Pts',(-5.28980392682472,2.35278600135943,-0.2));
#1234=CARTESIAN_POINT('Ctrl Pts',(-5.32872528035307,2.24571811654487,-0.200000000000001));
#1235=CARTESIAN_POINT('Ctrl Pts',(-5.36421799483026,2.13757338284096,-0.200000000000001));
#1236=CARTESIAN_POINT('Ctrl Pts',(-5.41527111790774,1.98201677125765,-0.200000000000001));
#1237=CARTESIAN_POINT('Ctrl Pts',(-5.4592325115874,1.82423208912084,-0.200000000000001));
#1238=CARTESIAN_POINT('Ctrl Pts',(-5.49618666786325,1.66468200226693,-0.200000000000001));
#1239=CARTESIAN_POINT('Ctrl Pts',(-5.53341245269741,1.50395915531135,-0.200000000000001));
#1240=CARTESIAN_POINT('Ctrl Pts',(-5.56352752770732,1.34144404797495,-0.2));
#1241=CARTESIAN_POINT('Ctrl Pts',(-5.58656564119964,1.17761023624686,-0.2));
#1242=CARTESIAN_POINT('Ctrl Pts',(-5.59886266076749,1.09016090627601,-0.2));
#1243=CARTESIAN_POINT('Ctrl Pts',(-5.60914250836746,1.00233594958845,-0.200000000000001));
#1244=CARTESIAN_POINT('Ctrl Pts',(-5.61740437009048,0.914208675488661,-0.200000000000001));
#1245=CARTESIAN_POINT('Ctrl Pts',(-5.62003839342802,0.886112187743514,-0.200000000000001));
#1246=CARTESIAN_POINT('Ctrl Pts',(-5.62246726887442,0.857984981205735,-0.200000000000001));
#1247=CARTESIAN_POINT('Ctrl Pts',(-5.62469088358135,0.829829462715983,-0.200000000000001));
#1248=CARTESIAN_POINT('Ctrl Pts',(-5.62619161602351,0.810827114920882,-0.200000000000001));
#1249=CARTESIAN_POINT('Ctrl Pts',(-5.62759854451053,0.791815412928784,-0.200000000000001));
#1250=CARTESIAN_POINT('Ctrl Pts',(-5.6289112392342,0.772803385448189,-0.200000000000001));
#1251=CARTESIAN_POINT('Ctrl Pts',(-5.64010983103711,0.61061187872392,-0.200000000000001));
#1252=CARTESIAN_POINT('Ctrl Pts',(-5.6444690693566,0.448217912508308,-0.2));
#1253=CARTESIAN_POINT('Ctrl Pts',(-5.6421043448667,0.286072337942471,-0.2));
#1254=CARTESIAN_POINT('Ctrl Pts',(-5.63973050029976,0.123301413515174,-0.2));
#1255=CARTESIAN_POINT('Ctrl Pts',(-5.63058058688667,-0.0392200002635039,
-0.200000000000001));
#1256=CARTESIAN_POINT('Ctrl Pts',(-5.6147185777123,-0.201033901309275,-0.200000000000001));
#1257=CARTESIAN_POINT('Ctrl Pts',(-5.59896610637409,-0.361730368593192,
-0.200000000000001));
#1258=CARTESIAN_POINT('Ctrl Pts',(-5.57659370895164,-0.521729816997297,
-0.2));
#1259=CARTESIAN_POINT('Ctrl Pts',(-5.54761489938633,-0.68057017010824,-0.2));
#1260=CARTESIAN_POINT('Ctrl Pts',(-5.51908942844893,-0.836925656904236,
-0.2));
#1261=CARTESIAN_POINT('Ctrl Pts',(-5.48416237555838,-0.992158686830538,
-0.200000000000001));
#1262=CARTESIAN_POINT('Ctrl Pts',(-5.44280238543884,-1.14580502751226,-0.200000000000001));
#1263=CARTESIAN_POINT('Ctrl Pts',(-5.42945293001107,-1.19539631055277,-0.200000000000001));
#1264=CARTESIAN_POINT('Ctrl Pts',(-5.4154329859755,-1.24482207334641,-0.200000000000001));
#1265=CARTESIAN_POINT('Ctrl Pts',(-5.4007405570947,-1.29406599997996,-0.200000000000001));
#1266=CARTESIAN_POINT('Ctrl Pts',(-5.39143813986587,-1.32524447668031,-0.200000000000001));
#1267=CARTESIAN_POINT('Ctrl Pts',(-5.38186424670958,-1.35635571169557,-0.2));
#1268=CARTESIAN_POINT('Ctrl Pts',(-5.3720285699707,-1.38736390708789,-0.2));
#1269=CARTESIAN_POINT('Ctrl Pts',(-5.32416258923056,-1.53826737035127,-0.2));
#1270=CARTESIAN_POINT('Ctrl Pts',(-5.27006818542313,-1.68684856519685,-0.2));
#1271=CARTESIAN_POINT('Ctrl Pts',(-5.20976880533023,-1.83266656415336,-0.200000000000001));
#1272=CARTESIAN_POINT('Ctrl Pts',(-5.15033685828262,-1.97638690720202,-0.200000000000001));
#1273=CARTESIAN_POINT('Ctrl Pts',(-5.08487692399374,-2.1174235956259,-0.2));
#1274=CARTESIAN_POINT('Ctrl Pts',(-5.01336892001851,-2.25532820187099,-0.2));
#1275=CARTESIAN_POINT('Ctrl Pts',(-4.98078344564329,-2.31816993654702,-0.2));
#1276=CARTESIAN_POINT('Ctrl Pts',(-4.94694150411233,-2.38036086517865,-0.2));
#1277=CARTESIAN_POINT('Ctrl Pts',(-4.91183840756213,-2.44185618489247,-0.199999999999999));
#1278=CARTESIAN_POINT('Ctrl Pts',(-4.89592729020118,-2.46973005772067,-0.199999999999999));
#1279=CARTESIAN_POINT('Ctrl Pts',(-4.87975704263347,-2.49746099393489,-0.2));
#1280=CARTESIAN_POINT('Ctrl Pts',(-4.86332711334769,-2.52504470509834,-0.2));
#1281=CARTESIAN_POINT('Ctrl Pts',(-4.85015978874942,-2.54715092796737,-0.2));
#1282=CARTESIAN_POINT('Ctrl Pts',(-4.83682561129804,-2.56916255306007,-0.2));
#1283=CARTESIAN_POINT('Ctrl Pts',(-4.82333214480773,-2.59106496478342,-0.2));
#1284=CARTESIAN_POINT('Ctrl Pts',(-4.76848421292228,-2.68009338362539,-0.2));
#1285=CARTESIAN_POINT('Ctrl Pts',(-4.71097428017155,-2.76737024009748,-0.2));
#1286=CARTESIAN_POINT('Ctrl Pts',(-4.6508016945572,-2.8527618697473,-0.2));
#1287=CARTESIAN_POINT('Ctrl Pts',(-4.56034183487747,-2.98113452910838,-0.2));
#1288=CARTESIAN_POINT('Ctrl Pts',(-4.46386579842965,-3.10524845749673,-0.2));
#1289=CARTESIAN_POINT('Ctrl Pts',(-4.36181596875419,-3.22489052333164,-0.2));
#1290=CARTESIAN_POINT('Ctrl Pts',(-4.26138812271262,-3.34263099390348,-0.2));
#1291=CARTESIAN_POINT('Ctrl Pts',(-4.15556145121947,-3.45604086745849,-0.2));
#1292=CARTESIAN_POINT('Ctrl Pts',(-4.04472818428262,-3.56487746776477,-0.2));
#1293=CARTESIAN_POINT('Origin',(0.,0.,1.8));
#1294=CARTESIAN_POINT('',(-6.8,-8.327598234202E-16,1.8));
#1295=CARTESIAN_POINT('Origin',(0.,0.,1.8));
#1296=CARTESIAN_POINT('Origin',(0.,0.,0.1375));
#1297=CARTESIAN_POINT('',(-6.8,-8.327598234202E-16,-0.2));
#1298=CARTESIAN_POINT('Origin',(0.,0.,-0.2));
#1299=CARTESIAN_POINT('',(-6.95,-1.01011400672983E-15,-0.107954545454547));
#1300=CARTESIAN_POINT('',(-7.35,-9.00115397373305E-16,0.1375));
#1301=CARTESIAN_POINT('',(-6.95,3.75599520766468,0.474999999999999));
#1302=CARTESIAN_POINT('Ctrl Pts',(-6.95,3.75599520766468,0.475));
#1303=CARTESIAN_POINT('Ctrl Pts',(-6.95,1.75785634298111,-0.107954545454548));
#1304=CARTESIAN_POINT('Ctrl Pts',(-6.95,-1.16909848805225E-15,-0.107954545454547));
#1305=CARTESIAN_POINT('',(-6.72778726633021,4.14087895246952,0.474999999999999));
#1306=CARTESIAN_POINT('Origin',(0.,0.,0.474999999999999));
#1307=CARTESIAN_POINT('',(-0.222212733669778,7.89687416013419,0.474999999999999));
#1308=CARTESIAN_POINT('Ctrl Pts',(-0.222212733669775,7.89687416013419,0.474999999999999));
#1309=CARTESIAN_POINT('Ctrl Pts',(-3.475,6.01887655630185,-0.620806962025318));
#1310=CARTESIAN_POINT('Ctrl Pts',(-6.72778726633022,4.14087895246951,0.474999999999999));
#1311=CARTESIAN_POINT('',(0.222212733669785,7.89687416013419,0.474999999999999));
#1312=CARTESIAN_POINT('Origin',(0.,0.,0.474999999999999));
#1313=CARTESIAN_POINT('',(6.72778726633022,4.14087895246951,0.474999999999999));
#1314=CARTESIAN_POINT('Ctrl Pts',(6.72778726633022,4.1408789524695,0.474999999999999));
#1315=CARTESIAN_POINT('Ctrl Pts',(3.475,6.01887655630185,-0.620806962025319));
#1316=CARTESIAN_POINT('Ctrl Pts',(0.222212733669783,7.89687416013419,0.475));
#1317=CARTESIAN_POINT('',(6.95,3.75599520766467,0.474999999999999));
#1318=CARTESIAN_POINT('Origin',(0.,0.,0.474999999999999));
#1319=CARTESIAN_POINT('',(6.95,-3.75599520766468,0.474999999999999));
#1320=CARTESIAN_POINT('Ctrl Pts',(6.95,-3.75599520766468,0.475));
#1321=CARTESIAN_POINT('Ctrl Pts',(6.95,-3.42833911220711E-15,-0.620806962025318));
#1322=CARTESIAN_POINT('Ctrl Pts',(6.95,3.75599520766468,0.475));
#1323=CARTESIAN_POINT('',(6.72778726633021,-4.14087895246951,0.474999999999999));
#1324=CARTESIAN_POINT('Origin',(0.,0.,0.474999999999999));
#1325=CARTESIAN_POINT('',(0.222212733669781,-7.89687416013419,0.474999999999999));
#1326=CARTESIAN_POINT('Ctrl Pts',(0.222212733669778,-7.89687416013419,0.475));
#1327=CARTESIAN_POINT('Ctrl Pts',(3.475,-6.01887655630185,-0.620806962025318));
#1328=CARTESIAN_POINT('Ctrl Pts',(6.72778726633022,-4.14087895246951,0.475));
#1329=CARTESIAN_POINT('',(-0.222212733669785,-7.89687416013419,0.474999999999999));
#1330=CARTESIAN_POINT('Origin',(0.,0.,0.474999999999999));
#1331=CARTESIAN_POINT('',(-6.72778726633022,-4.14087895246951,0.474999999999999));
#1332=CARTESIAN_POINT('Ctrl Pts',(-6.72778726633022,-4.14087895246951,0.474999999999999));
#1333=CARTESIAN_POINT('Ctrl Pts',(-3.475,-6.01887655630185,-0.620806962025317));
#1334=CARTESIAN_POINT('Ctrl Pts',(-0.222212733669784,-7.89687416013419,
0.475));
#1335=CARTESIAN_POINT('',(-6.95,-3.75599520766467,0.474999999999999));
#1336=CARTESIAN_POINT('Origin',(0.,0.,0.474999999999999));
#1337=CARTESIAN_POINT('Ctrl Pts',(-6.95,-1.16909848805225E-15,-0.107954545454547));
#1338=CARTESIAN_POINT('Ctrl Pts',(-6.95,-1.75785634298111,-0.107954545454546));
#1339=CARTESIAN_POINT('Ctrl Pts',(-6.95,-3.75599520766468,0.475));
#1340=CARTESIAN_POINT('Origin',(0.,0.,0.8));
#1341=CARTESIAN_POINT('',(-6.72778726633021,4.14087895246952,1.125));
#1342=CARTESIAN_POINT('',(-6.72778726633021,4.14087895246952,0.8));
#1343=CARTESIAN_POINT('',(-6.95,3.75599520766468,1.125));
#1344=CARTESIAN_POINT('',(-6.95,3.75599520766468,0.8));
#1345=CARTESIAN_POINT('Origin',(0.,0.,1.125));
#1346=CARTESIAN_POINT('Origin',(0.,0.,0.8));
#1347=CARTESIAN_POINT('',(-6.72778726633022,-4.14087895246951,1.125));
#1348=CARTESIAN_POINT('',(-6.72778726633022,-4.14087895246951,0.8));
#1349=CARTESIAN_POINT('',(-6.95,-3.75599520766467,1.125));
#1350=CARTESIAN_POINT('Origin',(0.,0.,1.125));
#1351=CARTESIAN_POINT('',(-6.95,-3.75599520766467,0.8));
#1352=CARTESIAN_POINT('Origin',(0.,0.,0.8));
#1353=CARTESIAN_POINT('',(0.222212733669781,-7.89687416013419,1.125));
#1354=CARTESIAN_POINT('',(0.222212733669781,-7.89687416013419,0.8));
#1355=CARTESIAN_POINT('',(-0.222212733669785,-7.89687416013419,1.125));
#1356=CARTESIAN_POINT('Origin',(0.,0.,1.125));
#1357=CARTESIAN_POINT('',(-0.222212733669785,-7.89687416013419,0.8));
#1358=CARTESIAN_POINT('Origin',(0.,0.,0.8));
#1359=CARTESIAN_POINT('',(6.95,-3.75599520766468,1.125));
#1360=CARTESIAN_POINT('',(6.95,-3.75599520766468,0.8));
#1361=CARTESIAN_POINT('',(6.72778726633021,-4.14087895246951,1.125));
#1362=CARTESIAN_POINT('Origin',(0.,0.,1.125));
#1363=CARTESIAN_POINT('',(6.72778726633021,-4.14087895246951,0.8));
#1364=CARTESIAN_POINT('Origin',(0.,0.,0.8));
#1365=CARTESIAN_POINT('',(6.72778726633022,4.14087895246951,1.125));
#1366=CARTESIAN_POINT('',(6.72778726633022,4.14087895246951,0.8));
#1367=CARTESIAN_POINT('',(6.95,3.75599520766467,1.125));
#1368=CARTESIAN_POINT('Origin',(0.,0.,1.125));
#1369=CARTESIAN_POINT('',(6.95,3.75599520766467,0.8));
#1370=CARTESIAN_POINT('Origin',(0.,0.,1.4625));
#1371=CARTESIAN_POINT('',(-0.222212733669778,7.89687416013419,1.125));
#1372=CARTESIAN_POINT('Ctrl Pts',(-6.72778726633022,4.14087895246951,1.125));
#1373=CARTESIAN_POINT('Ctrl Pts',(-3.475,6.01887655630185,2.22080696202532));
#1374=CARTESIAN_POINT('Ctrl Pts',(-0.222212733669773,7.89687416013419,1.125));
#1375=CARTESIAN_POINT('',(-6.95,-1.01011400672983E-15,1.70795454545455));
#1376=CARTESIAN_POINT('Ctrl Pts',(-6.95,-1.16909848805225E-15,1.70795454545455));
#1377=CARTESIAN_POINT('Ctrl Pts',(-6.95,1.75785634298111,1.70795454545455));
#1378=CARTESIAN_POINT('Ctrl Pts',(-6.95,3.75599520766468,1.125));
#1379=CARTESIAN_POINT('',(-7.35,-9.00115397373305E-16,1.4625));
#1380=CARTESIAN_POINT('Ctrl Pts',(-6.95,-3.75599520766468,1.125));
#1381=CARTESIAN_POINT('Ctrl Pts',(-6.95,-1.75785634298111,1.70795454545455));
#1382=CARTESIAN_POINT('Ctrl Pts',(-6.95,-1.16909848805225E-15,1.70795454545455));
#1383=CARTESIAN_POINT('Ctrl Pts',(-0.222212733669781,-7.89687416013419,
1.125));
#1384=CARTESIAN_POINT('Ctrl Pts',(-3.475,-6.01887655630185,2.22080696202532));
#1385=CARTESIAN_POINT('Ctrl Pts',(-6.72778726633022,-4.14087895246951,1.125));
#1386=CARTESIAN_POINT('Ctrl Pts',(6.72778726633022,-4.14087895246951,1.125));
#1387=CARTESIAN_POINT('Ctrl Pts',(3.475,-6.01887655630185,2.22080696202532));
#1388=CARTESIAN_POINT('Ctrl Pts',(0.222212733669777,-7.89687416013419,1.125));
#1389=CARTESIAN_POINT('Ctrl Pts',(6.95,3.75599520766468,1.125));
#1390=CARTESIAN_POINT('Ctrl Pts',(6.95,-3.21074526199237E-15,2.22080696202532));
#1391=CARTESIAN_POINT('Ctrl Pts',(6.95,-3.75599520766468,1.125));
#1392=CARTESIAN_POINT('',(0.222212733669785,7.89687416013419,1.125));
#1393=CARTESIAN_POINT('Ctrl Pts',(0.222212733669783,7.89687416013419,1.125));
#1394=CARTESIAN_POINT('Ctrl Pts',(3.475,6.01887655630185,2.22080696202532));
#1395=CARTESIAN_POINT('Ctrl Pts',(6.72778726633022,4.1408789524695,1.125));
#1396=CARTESIAN_POINT('Origin',(0.,0.,1.125));
#1397=CARTESIAN_POINT('Origin',(0.,0.,0.8));
#1398=CARTESIAN_POINT('',(-0.222212733669778,7.89687416013419,0.8));
#1399=CARTESIAN_POINT('',(0.222212733669785,7.89687416013419,0.8));
#1400=CARTESIAN_POINT('Origin',(0.,0.,-0.2));
#1401=CARTESIAN_POINT('Origin',(0.,0.,-0.2));
#1402=CARTESIAN_POINT('Origin',(4.9960036108132E-15,8.0251687417358,-0.2));
#1403=CARTESIAN_POINT('Origin',(6.95,4.01258437086789,-0.2));
#1404=CARTESIAN_POINT('Origin',(6.95,-4.0125843708679,-0.2));
#1405=CARTESIAN_POINT('Origin',(-2.22044604925031E-15,-8.0251687417358,
-0.2));
#1406=CARTESIAN_POINT('Origin',(-6.95,-4.0125843708679,-0.2));
#1407=CARTESIAN_POINT('Origin',(-6.95,4.0125843708679,-0.2));
#1408=CARTESIAN_POINT('Origin',(0.,0.,-0.2));
#1409=UNCERTAINTY_MEASURE_WITH_UNIT(LENGTH_MEASURE(0.01),#1413,
'DISTANCE_ACCURACY_VALUE',
'Maximum model space distance between geometric entities at asserted c
onnectivities');
#1410=UNCERTAINTY_MEASURE_WITH_UNIT(LENGTH_MEASURE(0.01),#1413,
'DISTANCE_ACCURACY_VALUE',
'Maximum model space distance between geometric entities at asserted c
onnectivities');
#1411=(
GEOMETRIC_REPRESENTATION_CONTEXT(3)
GLOBAL_UNCERTAINTY_ASSIGNED_CONTEXT((#1409))
GLOBAL_UNIT_ASSIGNED_CONTEXT((#1413,#1415,#1416))
REPRESENTATION_CONTEXT('','3D')
);
#1412=(
GEOMETRIC_REPRESENTATION_CONTEXT(3)
GLOBAL_UNCERTAINTY_ASSIGNED_CONTEXT((#1410))
GLOBAL_UNIT_ASSIGNED_CONTEXT((#1413,#1415,#1416))
REPRESENTATION_CONTEXT('','3D')
);
#1413=(
LENGTH_UNIT()
NAMED_UNIT(*)
SI_UNIT(.MILLI.,.METRE.)
);
#1414=(
LENGTH_UNIT()
NAMED_UNIT(*)
SI_UNIT($,.METRE.)
);
#1415=(
NAMED_UNIT(*)
PLANE_ANGLE_UNIT()
SI_UNIT($,.RADIAN.)
);
#1416=(
NAMED_UNIT(*)
SI_UNIT($,.STERADIAN.)
SOLID_ANGLE_UNIT()
);
#1417=SHAPE_DEFINITION_REPRESENTATION(#1418,#1419);
#1418=PRODUCT_DEFINITION_SHAPE('',$,#1421);
#1419=SHAPE_REPRESENTATION('',(#435),#1411);
#1420=PRODUCT_DEFINITION_CONTEXT('part definition',#1425,'design');
#1421=PRODUCT_DEFINITION('PushButtonSwitch','PushButtonSwitch v3',#1422,
#1420);
#1422=PRODUCT_DEFINITION_FORMATION('',$,#1427);
#1423=PRODUCT_RELATED_PRODUCT_CATEGORY('PushButtonSwitch v3',
'PushButtonSwitch v3',(#1427));
#1424=APPLICATION_PROTOCOL_DEFINITION('international standard',
'automotive_design',2009,#1425);
#1425=APPLICATION_CONTEXT(
'Core Data for Automotive Mechanical Design Process');
#1426=PRODUCT_CONTEXT('part definition',#1425,'mechanical');
#1427=PRODUCT('PushButtonSwitch','PushButtonSwitch v3',$,(#1426));
#1428=PRESENTATION_STYLE_ASSIGNMENT((#1431));
#1429=PRESENTATION_STYLE_ASSIGNMENT((#1432));
#1430=PRESENTATION_STYLE_ASSIGNMENT((#1433));
#1431=SURFACE_STYLE_USAGE(.BOTH.,#1434);
#1432=SURFACE_STYLE_USAGE(.BOTH.,#1435);
#1433=SURFACE_STYLE_USAGE(.BOTH.,#1436);
#1434=SURFACE_SIDE_STYLE('',(#1437));
#1435=SURFACE_SIDE_STYLE('',(#1438));
#1436=SURFACE_SIDE_STYLE('',(#1439));
#1437=SURFACE_STYLE_FILL_AREA(#1440);
#1438=SURFACE_STYLE_FILL_AREA(#1441);
#1439=SURFACE_STYLE_FILL_AREA(#1442);
#1440=FILL_AREA_STYLE('Steel - Satin',(#1443));
#1441=FILL_AREA_STYLE('Powder Coat (Black)',(#1444));
#1442=FILL_AREA_STYLE('Powder Coat - Rough (Red)',(#1445));
#1443=FILL_AREA_STYLE_COLOUR('Steel - Satin',#1446);
#1444=FILL_AREA_STYLE_COLOUR('Powder Coat (Black)',#1447);
#1445=FILL_AREA_STYLE_COLOUR('Powder Coat - Rough (Red)',#1448);
#1446=COLOUR_RGB('Steel - Satin',0.627450980392157,0.627450980392157,0.627450980392157);
#1447=COLOUR_RGB('Powder Coat (Black)',0.0980392156862745,0.0980392156862745,
0.0980392156862745);
#1448=COLOUR_RGB('Powder Coat - Rough (Red)',0.768627450980392,0.207843137254902,
0.152941176470588);
ENDSEC;
END-ISO-10303-21;
