ISO-10303-21;
HEADER;
/* Generated by software containing ST-Developer
 * from STEP Tools, Inc. (www.steptools.com) 
 */

FILE_DESCRIPTION(
/* description */ (''),
/* implementation_level */ '2;1');

FILE_NAME(
/* name */ 'PushButtonSwitch.step',
/* time_stamp */ '2026-05-28T14:41:03+05:30',
/* author */ (''),
/* organization */ (''),
/* preprocessor_version */ 'ST-DEVELOPER v20.1',
/* originating_system */ 'Autodesk Translation Framework v15.8.0.0',
/* authorisation */ '');

FILE_SCHEMA (('AUTOMOTIVE_DESIGN { 1 0 10303 214 3 1 1 }'));
ENDSEC;

DATA;
#10=MECHANICAL_DESIGN_GEOMETRIC_PRESENTATION_REPRESENTATION('',(#27,#28,
#29,#30,#31,#32),#5745);
#11=SHAPE_REPRESENTATION_RELATIONSHIP('SRR','None',#5752,#12);
#12=ADVANCED_BREP_SHAPE_REPRESENTATION('',(#33,#34,#35,#36,#37,#38),#5744);
#13=(
BOUNDED_CURVE()
B_SPLINE_CURVE(2,(#5485,#5486,#5487),.UNSPECIFIED.,.F.,.F.)
B_SPLINE_CURVE_WITH_KNOTS((3,3),(0.,0.380096514086438),.UNSPECIFIED.)
CURVE()
GEOMETRIC_REPRESENTATION_ITEM()
RATIONAL_B_SPLINE_CURVE((1.,1.06834532374101,1.06834532374101))
REPRESENTATION_ITEM('')
);
#14=(
BOUNDED_CURVE()
B_SPLINE_CURVE(2,(#5491,#5492,#5493),.UNSPECIFIED.,.F.,.F.)
B_SPLINE_CURVE_WITH_KNOTS((3,3),(0.,0.760193028172875),.UNSPECIFIED.)
CURVE()
GEOMETRIC_REPRESENTATION_ITEM()
RATIONAL_B_SPLINE_CURVE((1.,1.13669064748201,1.))
REPRESENTATION_ITEM('')
);
#15=(
BOUNDED_CURVE()
B_SPLINE_CURVE(2,(#5497,#5498,#5499),.UNSPECIFIED.,.F.,.F.)
B_SPLINE_CURVE_WITH_KNOTS((3,3),(0.,0.760193028172875),.UNSPECIFIED.)
CURVE()
GEOMETRIC_REPRESENTATION_ITEM()
RATIONAL_B_SPLINE_CURVE((1.,1.13669064748202,1.))
REPRESENTATION_ITEM('')
);
#16=(
BOUNDED_CURVE()
B_SPLINE_CURVE(2,(#5503,#5504,#5505),.UNSPECIFIED.,.F.,.F.)
B_SPLINE_CURVE_WITH_KNOTS((3,3),(0.,0.760193028172875),.UNSPECIFIED.)
CURVE()
GEOMETRIC_REPRESENTATION_ITEM()
RATIONAL_B_SPLINE_CURVE((1.,1.13669064748201,1.))
REPRESENTATION_ITEM('')
);
#17=(
BOUNDED_CURVE()
B_SPLINE_CURVE(2,(#5509,#5510,#5511),.UNSPECIFIED.,.F.,.F.)
B_SPLINE_CURVE_WITH_KNOTS((3,3),(0.,0.760193028172875),.UNSPECIFIED.)
CURVE()
GEOMETRIC_REPRESENTATION_ITEM()
RATIONAL_B_SPLINE_CURVE((1.,1.13669064748201,1.))
REPRESENTATION_ITEM('')
);
#18=(
BOUNDED_CURVE()
B_SPLINE_CURVE(2,(#5515,#5516,#5517),.UNSPECIFIED.,.F.,.F.)
B_SPLINE_CURVE_WITH_KNOTS((3,3),(0.,0.760193028172874),.UNSPECIFIED.)
CURVE()
GEOMETRIC_REPRESENTATION_ITEM()
RATIONAL_B_SPLINE_CURVE((1.,1.13669064748202,1.))
REPRESENTATION_ITEM('')
);
#19=(
BOUNDED_CURVE()
B_SPLINE_CURVE(2,(#5520,#5521,#5522),.UNSPECIFIED.,.F.,.F.)
B_SPLINE_CURVE_WITH_KNOTS((3,3),(0.380096514086438,0.760193028172876),
 .UNSPECIFIED.)
CURVE()
GEOMETRIC_REPRESENTATION_ITEM()
RATIONAL_B_SPLINE_CURVE((1.06834532374101,1.06834532374101,1.))
REPRESENTATION_ITEM('')
);
#20=(
BOUNDED_CURVE()
B_SPLINE_CURVE(2,(#5555,#5556,#5557),.UNSPECIFIED.,.F.,.F.)
B_SPLINE_CURVE_WITH_KNOTS((3,3),(0.,0.760193028172876),.UNSPECIFIED.)
CURVE()
GEOMETRIC_REPRESENTATION_ITEM()
RATIONAL_B_SPLINE_CURVE((1.,1.13669064748201,1.))
REPRESENTATION_ITEM('')
);
#21=(
BOUNDED_CURVE()
B_SPLINE_CURVE(2,(#5559,#5560,#5561),.UNSPECIFIED.,.F.,.F.)
B_SPLINE_CURVE_WITH_KNOTS((3,3),(0.380096514086437,0.760193028172876),
 .UNSPECIFIED.)
CURVE()
GEOMETRIC_REPRESENTATION_ITEM()
RATIONAL_B_SPLINE_CURVE((1.06834532374101,1.06834532374101,1.))
REPRESENTATION_ITEM('')
);
#22=(
BOUNDED_CURVE()
B_SPLINE_CURVE(2,(#5563,#5564,#5565),.UNSPECIFIED.,.F.,.F.)
B_SPLINE_CURVE_WITH_KNOTS((3,3),(0.,0.380096514086437),.UNSPECIFIED.)
CURVE()
GEOMETRIC_REPRESENTATION_ITEM()
RATIONAL_B_SPLINE_CURVE((1.,1.06834532374101,1.06834532374101))
REPRESENTATION_ITEM('')
);
#23=(
BOUNDED_CURVE()
B_SPLINE_CURVE(2,(#5566,#5567,#5568),.UNSPECIFIED.,.F.,.F.)
B_SPLINE_CURVE_WITH_KNOTS((3,3),(0.,0.760193028172875),.UNSPECIFIED.)
CURVE()
GEOMETRIC_REPRESENTATION_ITEM()
RATIONAL_B_SPLINE_CURVE((1.,1.13669064748201,1.))
REPRESENTATION_ITEM('')
);
#24=(
BOUNDED_CURVE()
B_SPLINE_CURVE(2,(#5569,#5570,#5571),.UNSPECIFIED.,.F.,.F.)
B_SPLINE_CURVE_WITH_KNOTS((3,3),(0.,0.760193028172875),.UNSPECIFIED.)
CURVE()
GEOMETRIC_REPRESENTATION_ITEM()
RATIONAL_B_SPLINE_CURVE((1.,1.13669064748201,1.))
REPRESENTATION_ITEM('')
);
#25=(
BOUNDED_CURVE()
B_SPLINE_CURVE(2,(#5572,#5573,#5574),.UNSPECIFIED.,.F.,.F.)
B_SPLINE_CURVE_WITH_KNOTS((3,3),(0.,0.760193028172875),.UNSPECIFIED.)
CURVE()
GEOMETRIC_REPRESENTATION_ITEM()
RATIONAL_B_SPLINE_CURVE((1.,1.13669064748201,1.))
REPRESENTATION_ITEM('')
);
#26=(
BOUNDED_CURVE()
B_SPLINE_CURVE(2,(#5576,#5577,#5578),.UNSPECIFIED.,.F.,.F.)
B_SPLINE_CURVE_WITH_KNOTS((3,3),(0.,0.760193028172876),.UNSPECIFIED.)
CURVE()
GEOMETRIC_REPRESENTATION_ITEM()
RATIONAL_B_SPLINE_CURVE((1.,1.13669064748201,1.))
REPRESENTATION_ITEM('')
);
#27=STYLED_ITEM('',(#5762),#33);
#28=STYLED_ITEM('',(#5763),#34);
#29=STYLED_ITEM('',(#5761),#35);
#30=STYLED_ITEM('',(#5762),#36);
#31=STYLED_ITEM('',(#5761),#37);
#32=STYLED_ITEM('',(#5761),#38);
#33=MANIFOLD_SOLID_BREP('Body1',#1791);
#34=MANIFOLD_SOLID_BREP('Body2',#1792);
#35=MANIFOLD_SOLID_BREP('Body3',#1793);
#36=MANIFOLD_SOLID_BREP('Body4',#1794);
#37=MANIFOLD_SOLID_BREP('Body8',#1795);
#38=MANIFOLD_SOLID_BREP('Body5',#1796);
#39=FACE_BOUND('',#250,.T.);
#40=FACE_BOUND('',#255,.T.);
#41=FACE_BOUND('',#258,.T.);
#42=FACE_BOUND('',#262,.T.);
#43=FACE_BOUND('',#263,.T.);
#44=FACE_BOUND('',#276,.T.);
#45=FACE_BOUND('',#293,.T.);
#46=FACE_BOUND('',#297,.T.);
#47=FACE_BOUND('',#299,.T.);
#48=FACE_BOUND('',#304,.T.);
#49=FACE_BOUND('',#308,.T.);
#50=FACE_BOUND('',#323,.T.);
#51=FACE_BOUND('',#327,.T.);
#52=CONICAL_SURFACE('',#1848,7.1,0.0294032882040051);
#53=CONICAL_SURFACE('',#1872,5.,0.0333209958782472);
#54=CONICAL_SURFACE('',#1885,7.35,1.02041037911811);
#55=CONICAL_SURFACE('',#1903,7.35,1.02041037911811);
#56=TOROIDAL_SURFACE('',#1843,6.27173449918993,0.75);
#57=TOROIDAL_SURFACE('',#1867,4.41638896600655,0.5);
#58=B_SPLINE_SURFACE_WITH_KNOTS('',3,1,((#3389,#3390),(#3391,#3392),(#3393,
#3394),(#3395,#3396),(#3397,#3398),(#3399,#3400),(#3401,#3402),(#3403,#3404)),
 .UNSPECIFIED.,.F.,.F.,.F.,(4,2,2,4),(2,2),(0.722446426543499,0.884653312140189,
1.02443110518452,1.16190518812705),(0.,0.1),.UNSPECIFIED.);
#59=B_SPLINE_SURFACE_WITH_KNOTS('',3,1,((#3424,#3425),(#3426,#3427),(#3428,
#3429),(#3430,#3431),(#3432,#3433),(#3434,#3435),(#3436,#3437),(#3438,#3439)),
 .UNSPECIFIED.,.F.,.F.,.F.,(4,2,2,4),(2,2),(0.,0.205995346243425,0.417107984355169,
0.438683246778187),(0.,0.1),.UNSPECIFIED.);
#60=B_SPLINE_SURFACE_WITH_KNOTS('',3,3,((#3476,#3477,#3478,#3479,#3480,
#3481,#3482,#3483,#3484,#3485,#3486,#3487,#3488,#3489,#3490,#3491,#3492,
#3493,#3494,#3495,#3496,#3497,#3498,#3499,#3500,#3501,#3502,#3503,#3504,
#3505,#3506,#3507,#3508,#3509,#3510,#3511,#3512,#3513,#3514,#3515,#3516,
#3517,#3518,#3519,#3520,#3521,#3522,#3523,#3524,#3525,#3526,#3527,#3528,
#3529,#3530,#3531,#3532,#3533,#3534,#3535,#3536,#3537,#3538,#3539,#3540,
#3541,#3542,#3543,#3544,#3545,#3546,#3547,#3548,#3549,#3550,#3551,#3552,
#3553,#3554,#3555,#3556,#3557,#3558,#3559,#3560,#3561,#3562,#3563,#3564,
#3565,#3566,#3567,#3568,#3569,#3570,#3571,#3572,#3573,#3574,#3575,#3576,
#3577,#3578),(#3579,#3580,#3581,#3582,#3583,#3584,#3585,#3586,#3587,#3588,
#3589,#3590,#3591,#3592,#3593,#3594,#3595,#3596,#3597,#3598,#3599,#3600,
#3601,#3602,#3603,#3604,#3605,#3606,#3607,#3608,#3609,#3610,#3611,#3612,
#3613,#3614,#3615,#3616,#3617,#3618,#3619,#3620,#3621,#3622,#3623,#3624,
#3625,#3626,#3627,#3628,#3629,#3630,#3631,#3632,#3633,#3634,#3635,#3636,
#3637,#3638,#3639,#3640,#3641,#3642,#3643,#3644,#3645,#3646,#3647,#3648,
#3649,#3650,#3651,#3652,#3653,#3654,#3655,#3656,#3657,#3658,#3659,#3660,
#3661,#3662,#3663,#3664,#3665,#3666,#3667,#3668,#3669,#3670,#3671,#3672,
#3673,#3674,#3675,#3676,#3677,#3678,#3679,#3680,#3681),(#3682,#3683,#3684,
#3685,#3686,#3687,#3688,#3689,#3690,#3691,#3692,#3693,#3694,#3695,#3696,
#3697,#3698,#3699,#3700,#3701,#3702,#3703,#3704,#3705,#3706,#3707,#3708,
#3709,#3710,#3711,#3712,#3713,#3714,#3715,#3716,#3717,#3718,#3719,#3720,
#3721,#3722,#3723,#3724,#3725,#3726,#3727,#3728,#3729,#3730,#3731,#3732,
#3733,#3734,#3735,#3736,#3737,#3738,#3739,#3740,#3741,#3742,#3743,#3744,
#3745,#3746,#3747,#3748,#3749,#3750,#3751,#3752,#3753,#3754,#3755,#3756,
#3757,#3758,#3759,#3760,#3761,#3762,#3763,#3764,#3765,#3766,#3767,#3768,
#3769,#3770,#3771,#3772,#3773,#3774,#3775,#3776,#3777,#3778,#3779,#3780,
#3781,#3782,#3783,#3784),(#3785,#3786,#3787,#3788,#3789,#3790,#3791,#3792,
#3793,#3794,#3795,#3796,#3797,#3798,#3799,#3800,#3801,#3802,#3803,#3804,
#3805,#3806,#3807,#3808,#3809,#3810,#3811,#3812,#3813,#3814,#3815,#3816,
#3817,#3818,#3819,#3820,#3821,#3822,#3823,#3824,#3825,#3826,#3827,#3828,
#3829,#3830,#3831,#3832,#3833,#3834,#3835,#3836,#3837,#3838,#3839,#3840,
#3841,#3842,#3843,#3844,#3845,#3846,#3847,#3848,#3849,#3850,#3851,#3852,
#3853,#3854,#3855,#3856,#3857,#3858,#3859,#3860,#3861,#3862,#3863,#3864,
#3865,#3866,#3867,#3868,#3869,#3870,#3871,#3872,#3873,#3874,#3875,#3876,
#3877,#3878,#3879,#3880,#3881,#3882,#3883,#3884,#3885,#3886,#3887)),
 .UNSPECIFIED.,.F.,.F.,.F.,(4,4),(4,1,1,1,1,1,1,1,1,1,1,1,1,1,1,1,1,1,1,
1,1,1,1,1,1,1,1,1,1,1,1,1,1,1,1,1,1,1,1,1,1,1,1,1,1,1,1,1,1,1,1,1,1,1,1,
1,1,1,1,1,1,1,1,1,1,1,1,1,1,1,1,1,1,1,1,1,1,1,1,1,1,1,1,1,1,1,1,1,1,1,1,
1,1,1,1,1,1,1,1,1,4),(0.,0.0824167509268192),(8.30457547341831,8.80281114550351,
9.30104681758871,9.79928248967392,10.2975181617591,10.7957538338443,11.2939895059295,
11.7922251780147,12.2904608500999,12.7886965221851,13.2869321942703,13.7851678663555,
14.2834035384407,14.781639210526,15.2798748826112,15.7781105546964,16.2763462267816,
16.7745818988668,17.272817570952,17.7710532430372,18.2692889151224,18.7675245872076,
19.2657602592928,19.763995931378,20.2622316034632,20.7604672755484,21.2587029476336,
21.7569386197188,22.255174291804,22.7534099638892,23.2516456359744,23.7498813080596,
24.2481169801448,24.74635265223,25.2445883243152,25.7428239964004,26.2410596684856,
26.7392953405708,27.237531012656,27.7357666847412,28.2340023568264,28.7322380289116,
29.2304737009969,29.7287093730821,30.2269450451673,30.7251807172525,31.2234163893377,
31.7216520614229,32.2198877335081,32.7181234055933,33.2163590776785,33.7145947497637,
34.2128304218489,34.7110660939341,35.2093017660193,35.7075374381045,36.2057731101897,
36.7040087822749,37.2022444543601,37.7004801264453,38.1987157985305,38.6969514706157,
39.1951871427009,39.6934228147861,40.1916584868713,40.6898941589565,41.1881298310417,
41.6863655031269,42.1846011752121,42.6828368472974,43.1810725193826,43.6793081914678,
44.177543863553,44.6757795356382,45.1740152077234,45.6722508798086,46.1704865518938,
46.668722223979,47.1669578960642,47.6651935681494,48.1634292402346,48.6616649123198,
49.159900584405,49.6581362564902,50.1563719285754,50.6546076006606,51.1528432727458,
51.651078944831,52.1493146169162,52.6475502890014,53.1457859610866,53.6440216331718,
54.142257305257,54.6404929773422,55.1387286494274,55.6369643215126,56.1351999935978,
56.633435665683,57.1316713377682,57.6299070098535,58.1281426819387),
 .UNSPECIFIED.);
#61=B_SPLINE_SURFACE_WITH_KNOTS('',3,3,((#4114,#4115,#4116,#4117,#4118,
#4119,#4120,#4121,#4122,#4123,#4124,#4125,#4126,#4127,#4128,#4129,#4130,
#4131,#4132,#4133,#4134,#4135,#4136,#4137,#4138,#4139,#4140,#4141,#4142,
#4143,#4144,#4145,#4146,#4147,#4148,#4149,#4150,#4151,#4152,#4153,#4154,
#4155,#4156,#4157,#4158,#4159,#4160,#4161,#4162,#4163,#4164,#4165,#4166,
#4167,#4168,#4169,#4170,#4171,#4172,#4173,#4174,#4175,#4176,#4177,#4178,
#4179,#4180,#4181,#4182,#4183,#4184,#4185,#4186,#4187,#4188,#4189,#4190,
#4191,#4192,#4193,#4194,#4195,#4196,#4197,#4198,#4199,#4200,#4201,#4202,
#4203,#4204,#4205,#4206,#4207,#4208,#4209,#4210,#4211,#4212,#4213,#4214,
#4215,#4216),(#4217,#4218,#4219,#4220,#4221,#4222,#4223,#4224,#4225,#4226,
#4227,#4228,#4229,#4230,#4231,#4232,#4233,#4234,#4235,#4236,#4237,#4238,
#4239,#4240,#4241,#4242,#4243,#4244,#4245,#4246,#4247,#4248,#4249,#4250,
#4251,#4252,#4253,#4254,#4255,#4256,#4257,#4258,#4259,#4260,#4261,#4262,
#4263,#4264,#4265,#4266,#4267,#4268,#4269,#4270,#4271,#4272,#4273,#4274,
#4275,#4276,#4277,#4278,#4279,#4280,#4281,#4282,#4283,#4284,#4285,#4286,
#4287,#4288,#4289,#4290,#4291,#4292,#4293,#4294,#4295,#4296,#4297,#4298,
#4299,#4300,#4301,#4302,#4303,#4304,#4305,#4306,#4307,#4308,#4309,#4310,
#4311,#4312,#4313,#4314,#4315,#4316,#4317,#4318,#4319),(#4320,#4321,#4322,
#4323,#4324,#4325,#4326,#4327,#4328,#4329,#4330,#4331,#4332,#4333,#4334,
#4335,#4336,#4337,#4338,#4339,#4340,#4341,#4342,#4343,#4344,#4345,#4346,
#4347,#4348,#4349,#4350,#4351,#4352,#4353,#4354,#4355,#4356,#4357,#4358,
#4359,#4360,#4361,#4362,#4363,#4364,#4365,#4366,#4367,#4368,#4369,#4370,
#4371,#4372,#4373,#4374,#4375,#4376,#4377,#4378,#4379,#4380,#4381,#4382,
#4383,#4384,#4385,#4386,#4387,#4388,#4389,#4390,#4391,#4392,#4393,#4394,
#4395,#4396,#4397,#4398,#4399,#4400,#4401,#4402,#4403,#4404,#4405,#4406,
#4407,#4408,#4409,#4410,#4411,#4412,#4413,#4414,#4415,#4416,#4417,#4418,
#4419,#4420,#4421,#4422),(#4423,#4424,#4425,#4426,#4427,#4428,#4429,#4430,
#4431,#4432,#4433,#4434,#4435,#4436,#4437,#4438,#4439,#4440,#4441,#4442,
#4443,#4444,#4445,#4446,#4447,#4448,#4449,#4450,#4451,#4452,#4453,#4454,
#4455,#4456,#4457,#4458,#4459,#4460,#4461,#4462,#4463,#4464,#4465,#4466,
#4467,#4468,#4469,#4470,#4471,#4472,#4473,#4474,#4475,#4476,#4477,#4478,
#4479,#4480,#4481,#4482,#4483,#4484,#4485,#4486,#4487,#4488,#4489,#4490,
#4491,#4492,#4493,#4494,#4495,#4496,#4497,#4498,#4499,#4500,#4501,#4502,
#4503,#4504,#4505,#4506,#4507,#4508,#4509,#4510,#4511,#4512,#4513,#4514,
#4515,#4516,#4517,#4518,#4519,#4520,#4521,#4522,#4523,#4524,#4525)),
 .UNSPECIFIED.,.F.,.F.,.F.,(4,4),(4,1,1,1,1,1,1,1,1,1,1,1,1,1,1,1,1,1,1,
1,1,1,1,1,1,1,1,1,1,1,1,1,1,1,1,1,1,1,1,1,1,1,1,1,1,1,1,1,1,1,1,1,1,1,1,
1,1,1,1,1,1,1,1,1,1,1,1,1,1,1,1,1,1,1,1,1,1,1,1,1,1,1,1,1,1,1,1,1,1,1,1,
1,1,1,1,1,1,1,1,1,4),(0.,0.0824167509268192),(11.6152142277547,12.1134498998399,
12.6116855719251,13.1099212440103,13.6081569160955,14.1063925881807,14.6046282602659,
15.1028639323512,15.6010996044364,16.0993352765216,16.5975709486068,17.095806620692,
17.5940422927772,18.0922779648624,18.5905136369476,19.0887493090328,19.586984981118,
20.0852206532032,20.5834563252884,21.0816919973736,21.5799276694588,22.078163341544,
22.5763990136292,23.0746346857144,23.5728703577996,24.0711060298848,24.56934170197,
25.0675773740552,25.5658130461404,26.0640487182256,26.5622843903108,27.060520062396,
27.5587557344812,28.0569914065664,28.5552270786516,29.0534627507368,29.5516984228221,
30.0499340949073,30.5481697669925,31.0464054390777,31.5446411111629,32.0428767832481,
32.5411124553333,33.0393481274185,33.5375837995037,34.0358194715889,34.5340551436741,
35.0322908157593,35.5305264878445,36.0287621599297,36.5269978320149,37.0252335041001,
37.5234691761853,38.0217048482705,38.5199405203557,39.0181761924409,39.5164118645261,
40.0146475366113,40.5128832086965,41.0111188807817,41.5093545528669,42.0075902249521,
42.5058258970373,43.0040615691225,43.5022972412077,44.000532913293,44.4987685853782,
44.9970042574634,45.4952399295486,45.9934756016338,46.491711273719,46.9899469458042,
47.4881826178894,47.9864182899746,48.4846539620598,48.982889634145,49.4811253062302,
49.9793609783154,50.4775966504006,50.9758323224858,51.474067994571,51.9723036666562,
52.4705393387414,52.9687750108266,53.4670106829118,53.965246354997,54.4634820270822,
54.9617176991674,55.4599533712526,55.9581890433378,56.456424715423,56.9546603875082,
57.4528960595934,57.9511317316787,58.4493674037639,58.9476030758491,59.4458387479343,
59.9440744200195,60.4423100921047,60.9405457641899,61.4387814362751),
 .UNSPECIFIED.);
#62=B_SPLINE_SURFACE_WITH_KNOTS('',3,3,((#4865,#4866,#4867,#4868,#4869,
#4870,#4871,#4872,#4873,#4874,#4875,#4876,#4877,#4878,#4879,#4880,#4881,
#4882),(#4883,#4884,#4885,#4886,#4887,#4888,#4889,#4890,#4891,#4892,#4893,
#4894,#4895,#4896,#4897,#4898,#4899,#4900),(#4901,#4902,#4903,#4904,#4905,
#4906,#4907,#4908,#4909,#4910,#4911,#4912,#4913,#4914,#4915,#4916,#4917,
#4918),(#4919,#4920,#4921,#4922,#4923,#4924,#4925,#4926,#4927,#4928,#4929,
#4930,#4931,#4932,#4933,#4934,#4935,#4936)),.UNSPECIFIED.,.F.,.F.,.F.,(4,
4),(4,1,1,1,1,1,1,1,1,1,1,1,1,1,1,4),(0.,0.080857905200007),(11.8430274279026,
12.3078457855632,12.7726641432237,13.7023008585449,14.6319375738661,15.5615742891873,
16.4912110045085,17.4208477198297,18.3504844351508,19.280121150472,20.2097578657932,
21.1393945811144,22.0690312964356,22.9986680117567,23.4634863694173,23.9283047270779),
 .UNSPECIFIED.);
#63=B_SPLINE_SURFACE_WITH_KNOTS('',3,3,((#5169,#5170,#5171,#5172,#5173,
#5174,#5175,#5176,#5177,#5178,#5179,#5180,#5181,#5182,#5183,#5184,#5185,
#5186),(#5187,#5188,#5189,#5190,#5191,#5192,#5193,#5194,#5195,#5196,#5197,
#5198,#5199,#5200,#5201,#5202,#5203,#5204),(#5205,#5206,#5207,#5208,#5209,
#5210,#5211,#5212,#5213,#5214,#5215,#5216,#5217,#5218,#5219,#5220,#5221,
#5222),(#5223,#5224,#5225,#5226,#5227,#5228,#5229,#5230,#5231,#5232,#5233,
#5234,#5235,#5236,#5237,#5238,#5239,#5240)),.UNSPECIFIED.,.F.,.F.,.F.,(4,
4),(4,1,1,1,1,1,1,1,1,1,1,1,1,1,1,4),(0.,0.080857905200007),(14.3991256467176,
14.8639440043781,15.3287623620387,16.2583990773599,17.1880357926811,18.1176725080023,
19.0473092233235,19.9769459386446,20.9065826539658,21.836219369287,22.7658560846082,
23.6954927999294,24.6251295152505,25.5547662305717,26.0195845882323,26.4844029458929),
 .UNSPECIFIED.);
#64=PLANE('',#1827);
#65=PLANE('',#1828);
#66=PLANE('',#1829);
#67=PLANE('',#1830);
#68=PLANE('',#1831);
#69=PLANE('',#1832);
#70=PLANE('',#1833);
#71=PLANE('',#1834);
#72=PLANE('',#1835);
#73=PLANE('',#1836);
#74=PLANE('',#1837);
#75=PLANE('',#1838);
#76=PLANE('',#1839);
#77=PLANE('',#1840);
#78=PLANE('',#1841);
#79=PLANE('',#1850);
#80=PLANE('',#1854);
#81=PLANE('',#1859);
#82=PLANE('',#1864);
#83=PLANE('',#1865);
#84=PLANE('',#1874);
#85=PLANE('',#1883);
#86=PLANE('',#1908);
#87=PLANE('',#1909);
#88=PLANE('',#1910);
#89=PLANE('',#1911);
#90=PLANE('',#1912);
#91=PLANE('',#1913);
#92=PLANE('',#1914);
#93=PLANE('',#1921);
#94=PLANE('',#1922);
#95=PLANE('',#1929);
#96=PLANE('',#1930);
#97=PLANE('',#1935);
#98=PLANE('',#1936);
#99=PLANE('',#1939);
#100=PLANE('',#1940);
#101=PLANE('',#1941);
#102=PLANE('',#1942);
#103=PLANE('',#1943);
#104=PLANE('',#1944);
#105=PLANE('',#1948);
#106=PLANE('',#1952);
#107=PLANE('',#1953);
#108=PLANE('',#1954);
#109=PLANE('',#1955);
#110=PLANE('',#1962);
#111=PLANE('',#1963);
#112=PLANE('',#1964);
#113=FACE_OUTER_BOUND('',#215,.T.);
#114=FACE_OUTER_BOUND('',#216,.T.);
#115=FACE_OUTER_BOUND('',#217,.T.);
#116=FACE_OUTER_BOUND('',#218,.T.);
#117=FACE_OUTER_BOUND('',#219,.T.);
#118=FACE_OUTER_BOUND('',#220,.T.);
#119=FACE_OUTER_BOUND('',#221,.T.);
#120=FACE_OUTER_BOUND('',#222,.T.);
#121=FACE_OUTER_BOUND('',#223,.T.);
#122=FACE_OUTER_BOUND('',#224,.T.);
#123=FACE_OUTER_BOUND('',#225,.T.);
#124=FACE_OUTER_BOUND('',#226,.T.);
#125=FACE_OUTER_BOUND('',#227,.T.);
#126=FACE_OUTER_BOUND('',#228,.T.);
#127=FACE_OUTER_BOUND('',#229,.T.);
#128=FACE_OUTER_BOUND('',#230,.T.);
#129=FACE_OUTER_BOUND('',#231,.T.);
#130=FACE_OUTER_BOUND('',#232,.T.);
#131=FACE_OUTER_BOUND('',#233,.T.);
#132=FACE_OUTER_BOUND('',#234,.T.);
#133=FACE_OUTER_BOUND('',#235,.T.);
#134=FACE_OUTER_BOUND('',#236,.T.);
#135=FACE_OUTER_BOUND('',#237,.T.);
#136=FACE_OUTER_BOUND('',#238,.T.);
#137=FACE_OUTER_BOUND('',#239,.T.);
#138=FACE_OUTER_BOUND('',#240,.T.);
#139=FACE_OUTER_BOUND('',#241,.T.);
#140=FACE_OUTER_BOUND('',#242,.T.);
#141=FACE_OUTER_BOUND('',#243,.T.);
#142=FACE_OUTER_BOUND('',#244,.T.);
#143=FACE_OUTER_BOUND('',#245,.T.);
#144=FACE_OUTER_BOUND('',#246,.T.);
#145=FACE_OUTER_BOUND('',#247,.T.);
#146=FACE_OUTER_BOUND('',#248,.T.);
#147=FACE_OUTER_BOUND('',#249,.T.);
#148=FACE_OUTER_BOUND('',#251,.T.);
#149=FACE_OUTER_BOUND('',#252,.T.);
#150=FACE_OUTER_BOUND('',#253,.T.);
#151=FACE_OUTER_BOUND('',#254,.T.);
#152=FACE_OUTER_BOUND('',#256,.T.);
#153=FACE_OUTER_BOUND('',#257,.T.);
#154=FACE_OUTER_BOUND('',#259,.T.);
#155=FACE_OUTER_BOUND('',#260,.T.);
#156=FACE_OUTER_BOUND('',#261,.T.);
#157=FACE_OUTER_BOUND('',#264,.T.);
#158=FACE_OUTER_BOUND('',#265,.T.);
#159=FACE_OUTER_BOUND('',#266,.T.);
#160=FACE_OUTER_BOUND('',#267,.T.);
#161=FACE_OUTER_BOUND('',#268,.T.);
#162=FACE_OUTER_BOUND('',#269,.T.);
#163=FACE_OUTER_BOUND('',#270,.T.);
#164=FACE_OUTER_BOUND('',#271,.T.);
#165=FACE_OUTER_BOUND('',#272,.T.);
#166=FACE_OUTER_BOUND('',#273,.T.);
#167=FACE_OUTER_BOUND('',#274,.T.);
#168=FACE_OUTER_BOUND('',#275,.T.);
#169=FACE_OUTER_BOUND('',#277,.T.);
#170=FACE_OUTER_BOUND('',#278,.T.);
#171=FACE_OUTER_BOUND('',#279,.T.);
#172=FACE_OUTER_BOUND('',#280,.T.);
#173=FACE_OUTER_BOUND('',#281,.T.);
#174=FACE_OUTER_BOUND('',#282,.T.);
#175=FACE_OUTER_BOUND('',#283,.T.);
#176=FACE_OUTER_BOUND('',#284,.T.);
#177=FACE_OUTER_BOUND('',#285,.T.);
#178=FACE_OUTER_BOUND('',#286,.T.);
#179=FACE_OUTER_BOUND('',#287,.T.);
#180=FACE_OUTER_BOUND('',#288,.T.);
#181=FACE_OUTER_BOUND('',#289,.T.);
#182=FACE_OUTER_BOUND('',#290,.T.);
#183=FACE_OUTER_BOUND('',#291,.T.);
#184=FACE_OUTER_BOUND('',#292,.T.);
#185=FACE_OUTER_BOUND('',#294,.T.);
#186=FACE_OUTER_BOUND('',#295,.T.);
#187=FACE_OUTER_BOUND('',#296,.T.);
#188=FACE_OUTER_BOUND('',#298,.T.);
#189=FACE_OUTER_BOUND('',#300,.T.);
#190=FACE_OUTER_BOUND('',#301,.T.);
#191=FACE_OUTER_BOUND('',#302,.T.);
#192=FACE_OUTER_BOUND('',#303,.T.);
#193=FACE_OUTER_BOUND('',#305,.T.);
#194=FACE_OUTER_BOUND('',#306,.T.);
#195=FACE_OUTER_BOUND('',#307,.T.);
#196=FACE_OUTER_BOUND('',#309,.T.);
#197=FACE_OUTER_BOUND('',#310,.T.);
#198=FACE_OUTER_BOUND('',#311,.T.);
#199=FACE_OUTER_BOUND('',#312,.T.);
#200=FACE_OUTER_BOUND('',#313,.T.);
#201=FACE_OUTER_BOUND('',#314,.T.);
#202=FACE_OUTER_BOUND('',#315,.T.);
#203=FACE_OUTER_BOUND('',#316,.T.);
#204=FACE_OUTER_BOUND('',#317,.T.);
#205=FACE_OUTER_BOUND('',#318,.T.);
#206=FACE_OUTER_BOUND('',#319,.T.);
#207=FACE_OUTER_BOUND('',#320,.T.);
#208=FACE_OUTER_BOUND('',#321,.T.);
#209=FACE_OUTER_BOUND('',#322,.T.);
#210=FACE_OUTER_BOUND('',#324,.T.);
#211=FACE_OUTER_BOUND('',#325,.T.);
#212=FACE_OUTER_BOUND('',#326,.T.);
#213=FACE_OUTER_BOUND('',#328,.T.);
#214=FACE_OUTER_BOUND('',#329,.T.);
#215=EDGE_LOOP('',(#1132,#1133,#1134,#1135));
#216=EDGE_LOOP('',(#1136,#1137,#1138,#1139));
#217=EDGE_LOOP('',(#1140,#1141,#1142,#1143));
#218=EDGE_LOOP('',(#1144,#1145,#1146,#1147));
#219=EDGE_LOOP('',(#1148,#1149,#1150,#1151));
#220=EDGE_LOOP('',(#1152,#1153,#1154,#1155));
#221=EDGE_LOOP('',(#1156,#1157,#1158,#1159));
#222=EDGE_LOOP('',(#1160,#1161,#1162,#1163));
#223=EDGE_LOOP('',(#1164,#1165,#1166,#1167,#1168,#1169));
#224=EDGE_LOOP('',(#1170,#1171,#1172,#1173));
#225=EDGE_LOOP('',(#1174,#1175,#1176,#1177));
#226=EDGE_LOOP('',(#1178,#1179,#1180,#1181));
#227=EDGE_LOOP('',(#1182,#1183,#1184,#1185));
#228=EDGE_LOOP('',(#1186,#1187,#1188,#1189));
#229=EDGE_LOOP('',(#1190,#1191,#1192,#1193));
#230=EDGE_LOOP('',(#1194,#1195,#1196,#1197));
#231=EDGE_LOOP('',(#1198,#1199,#1200,#1201));
#232=EDGE_LOOP('',(#1202,#1203,#1204,#1205,#1206,#1207));
#233=EDGE_LOOP('',(#1208,#1209,#1210,#1211));
#234=EDGE_LOOP('',(#1212,#1213,#1214,#1215));
#235=EDGE_LOOP('',(#1216,#1217,#1218,#1219));
#236=EDGE_LOOP('',(#1220,#1221,#1222,#1223,#1224,#1225));
#237=EDGE_LOOP('',(#1226,#1227,#1228,#1229));
#238=EDGE_LOOP('',(#1230,#1231,#1232,#1233));
#239=EDGE_LOOP('',(#1234,#1235,#1236,#1237));
#240=EDGE_LOOP('',(#1238,#1239,#1240,#1241));
#241=EDGE_LOOP('',(#1242,#1243,#1244,#1245));
#242=EDGE_LOOP('',(#1246,#1247,#1248,#1249));
#243=EDGE_LOOP('',(#1250,#1251,#1252,#1253));
#244=EDGE_LOOP('',(#1254,#1255,#1256,#1257));
#245=EDGE_LOOP('',(#1258,#1259,#1260,#1261));
#246=EDGE_LOOP('',(#1262,#1263,#1264,#1265));
#247=EDGE_LOOP('',(#1266,#1267,#1268,#1269,#1270));
#248=EDGE_LOOP('',(#1271,#1272,#1273,#1274,#1275));
#249=EDGE_LOOP('',(#1276));
#250=EDGE_LOOP('',(#1277));
#251=EDGE_LOOP('',(#1278,#1279,#1280,#1281,#1282,#1283,#1284,#1285,#1286,
#1287,#1288,#1289,#1290,#1291,#1292,#1293,#1294,#1295,#1296,#1297));
#252=EDGE_LOOP('',(#1298,#1299,#1300,#1301));
#253=EDGE_LOOP('',(#1302,#1303,#1304,#1305,#1306,#1307,#1308,#1309,#1310,
#1311,#1312,#1313,#1314,#1315,#1316,#1317,#1318,#1319,#1320,#1321));
#254=EDGE_LOOP('',(#1322));
#255=EDGE_LOOP('',(#1323,#1324,#1325,#1326,#1327));
#256=EDGE_LOOP('',(#1328,#1329,#1330,#1331,#1332,#1333,#1334,#1335));
#257=EDGE_LOOP('',(#1336,#1337,#1338,#1339));
#258=EDGE_LOOP('',(#1340));
#259=EDGE_LOOP('',(#1341,#1342,#1343,#1344));
#260=EDGE_LOOP('',(#1345,#1346,#1347,#1348));
#261=EDGE_LOOP('',(#1349));
#262=EDGE_LOOP('',(#1350,#1351,#1352,#1353,#1354,#1355));
#263=EDGE_LOOP('',(#1356,#1357,#1358,#1359,#1360,#1361));
#264=EDGE_LOOP('',(#1362));
#265=EDGE_LOOP('',(#1363,#1364,#1365,#1366,#1367));
#266=EDGE_LOOP('',(#1368,#1369,#1370,#1371,#1372));
#267=EDGE_LOOP('',(#1373));
#268=EDGE_LOOP('',(#1374,#1375,#1376,#1377));
#269=EDGE_LOOP('',(#1378,#1379,#1380,#1381));
#270=EDGE_LOOP('',(#1382,#1383,#1384,#1385));
#271=EDGE_LOOP('',(#1386,#1387,#1388,#1389));
#272=EDGE_LOOP('',(#1390,#1391,#1392,#1393));
#273=EDGE_LOOP('',(#1394,#1395,#1396,#1397,#1398,#1399,#1400));
#274=EDGE_LOOP('',(#1401,#1402,#1403,#1404,#1405,#1406,#1407));
#275=EDGE_LOOP('',(#1408));
#276=EDGE_LOOP('',(#1409,#1410,#1411,#1412));
#277=EDGE_LOOP('',(#1413,#1414,#1415,#1416,#1417,#1418,#1419,#1420,#1421,
#1422,#1423,#1424,#1425,#1426,#1427,#1428));
#278=EDGE_LOOP('',(#1429,#1430,#1431,#1432));
#279=EDGE_LOOP('',(#1433,#1434,#1435,#1436));
#280=EDGE_LOOP('',(#1437,#1438,#1439,#1440));
#281=EDGE_LOOP('',(#1441,#1442,#1443,#1444));
#282=EDGE_LOOP('',(#1445,#1446,#1447,#1448));
#283=EDGE_LOOP('',(#1449,#1450,#1451,#1452,#1453,#1454,#1455,#1456,#1457,
#1458,#1459,#1460,#1461,#1462,#1463,#1464));
#284=EDGE_LOOP('',(#1465,#1466,#1467,#1468));
#285=EDGE_LOOP('',(#1469,#1470,#1471,#1472));
#286=EDGE_LOOP('',(#1473,#1474,#1475,#1476));
#287=EDGE_LOOP('',(#1477,#1478,#1479,#1480));
#288=EDGE_LOOP('',(#1481,#1482,#1483,#1484));
#289=EDGE_LOOP('',(#1485,#1486,#1487,#1488));
#290=EDGE_LOOP('',(#1489,#1490,#1491,#1492));
#291=EDGE_LOOP('',(#1493,#1494,#1495,#1496,#1497,#1498));
#292=EDGE_LOOP('',(#1499));
#293=EDGE_LOOP('',(#1500,#1501,#1502,#1503));
#294=EDGE_LOOP('',(#1504,#1505,#1506,#1507));
#295=EDGE_LOOP('',(#1508,#1509,#1510,#1511));
#296=EDGE_LOOP('',(#1512));
#297=EDGE_LOOP('',(#1513));
#298=EDGE_LOOP('',(#1514));
#299=EDGE_LOOP('',(#1515));
#300=EDGE_LOOP('',(#1516,#1517,#1518,#1519));
#301=EDGE_LOOP('',(#1520,#1521,#1522,#1523));
#302=EDGE_LOOP('',(#1524,#1525,#1526,#1527));
#303=EDGE_LOOP('',(#1528,#1529,#1530,#1531,#1532,#1533,#1534,#1535,#1536,
#1537));
#304=EDGE_LOOP('',(#1538));
#305=EDGE_LOOP('',(#1539,#1540,#1541,#1542));
#306=EDGE_LOOP('',(#1543,#1544,#1545,#1546));
#307=EDGE_LOOP('',(#1547,#1548,#1549,#1550,#1551,#1552,#1553,#1554,#1555,
#1556));
#308=EDGE_LOOP('',(#1557));
#309=EDGE_LOOP('',(#1558,#1559,#1560,#1561));
#310=EDGE_LOOP('',(#1562,#1563,#1564,#1565));
#311=EDGE_LOOP('',(#1566,#1567,#1568,#1569));
#312=EDGE_LOOP('',(#1570,#1571,#1572,#1573));
#313=EDGE_LOOP('',(#1574,#1575,#1576,#1577));
#314=EDGE_LOOP('',(#1578,#1579,#1580,#1581));
#315=EDGE_LOOP('',(#1582,#1583,#1584,#1585));
#316=EDGE_LOOP('',(#1586,#1587,#1588,#1589));
#317=EDGE_LOOP('',(#1590,#1591,#1592,#1593));
#318=EDGE_LOOP('',(#1594,#1595,#1596,#1597));
#319=EDGE_LOOP('',(#1598,#1599,#1600,#1601));
#320=EDGE_LOOP('',(#1602,#1603,#1604,#1605));
#321=EDGE_LOOP('',(#1606,#1607,#1608,#1609));
#322=EDGE_LOOP('',(#1610,#1611,#1612,#1613,#1614,#1615,#1616,#1617,#1618,
#1619));
#323=EDGE_LOOP('',(#1620));
#324=EDGE_LOOP('',(#1621,#1622,#1623,#1624));
#325=EDGE_LOOP('',(#1625,#1626,#1627,#1628));
#326=EDGE_LOOP('',(#1629,#1630,#1631,#1632,#1633,#1634,#1635,#1636,#1637,
#1638));
#327=EDGE_LOOP('',(#1639));
#328=EDGE_LOOP('',(#1640,#1641,#1642,#1643));
#329=EDGE_LOOP('',(#1644,#1645,#1646,#1647));
#330=CIRCLE('',#1811,5.933);
#331=CIRCLE('',#1820,5.21925);
#332=CIRCLE('',#1842,5.5);
#333=CIRCLE('',#1844,7.02141031503819);
#334=CIRCLE('',#1845,0.75);
#335=CIRCLE('',#1846,6.27173449918993);
#336=CIRCLE('',#1847,7.02141031503819);
#337=CIRCLE('',#1849,7.2);
#338=CIRCLE('',#1851,5.5);
#339=CIRCLE('',#1853,5.21925);
#340=CIRCLE('',#1855,5.933);
#341=CIRCLE('',#1856,5.5);
#342=CIRCLE('',#1857,5.5);
#343=CIRCLE('',#1860,5.2);
#344=CIRCLE('',#1863,5.2);
#345=CIRCLE('',#1866,5.1);
#346=CIRCLE('',#1868,4.91611141949612);
#347=CIRCLE('',#1869,0.5);
#348=CIRCLE('',#1870,4.41638896600655);
#349=CIRCLE('',#1871,4.91611141949612);
#350=CIRCLE('',#1873,5.1);
#351=CIRCLE('',#1877,5.38975);
#352=CIRCLE('',#1879,6.09);
#353=CIRCLE('',#1881,6.09);
#354=CIRCLE('',#1884,6.8);
#355=CIRCLE('',#1886,6.8);
#356=CIRCLE('',#1887,7.9);
#357=CIRCLE('',#1888,7.9);
#358=CIRCLE('',#1889,7.9);
#359=CIRCLE('',#1890,7.9);
#360=CIRCLE('',#1891,7.9);
#361=CIRCLE('',#1892,7.9);
#362=CIRCLE('',#1894,7.9);
#363=CIRCLE('',#1896,7.9);
#364=CIRCLE('',#1898,7.9);
#365=CIRCLE('',#1900,7.9);
#366=CIRCLE('',#1902,7.9);
#367=CIRCLE('',#1904,7.9);
#368=CIRCLE('',#1907,5.38975);
#369=CIRCLE('',#1916,5.5);
#370=CIRCLE('',#1917,5.5);
#371=CIRCLE('',#1919,7.2);
#372=CIRCLE('',#1920,7.2);
#373=CIRCLE('',#1924,0.5);
#374=CIRCLE('',#1925,0.5);
#375=CIRCLE('',#1927,0.25);
#376=CIRCLE('',#1928,0.25);
#377=CIRCLE('',#1931,0.25);
#378=CIRCLE('',#1932,1.5);
#379=CIRCLE('',#1934,0.25);
#380=CIRCLE('',#1937,1.5);
#381=CIRCLE('',#1946,0.25);
#382=CIRCLE('',#1947,0.25);
#383=CIRCLE('',#1950,0.25);
#384=CIRCLE('',#1951,0.25);
#385=CIRCLE('',#1956,1.5);
#386=CIRCLE('',#1957,0.5);
#387=CIRCLE('',#1959,0.5);
#388=CIRCLE('',#1961,1.5);
#389=B_SPLINE_CURVE_WITH_KNOTS('',3,(#2412,#2413,#2414,#2415,#2416,#2417,
#2418,#2419,#2420,#2421,#2422,#2423,#2424,#2425,#2426,#2427),
 .UNSPECIFIED.,.F.,.F.,(4,3,3,3,3,4),(-4.09274904019422,-3.98588537668163,
-3.48764970459642,-2.98941403251122,-2.49117836042602,-2.07135887395548),
 .UNSPECIFIED.);
#390=B_SPLINE_CURVE_WITH_KNOTS('',3,(#2430,#2431,#2432,#2433,#2434,#2435,
#2436,#2437,#2438,#2439),.UNSPECIFIED.,.F.,.F.,(4,3,3,4),(0.,0.498235672085201,
0.996471344170406,1.12020248735104),.UNSPECIFIED.);
#391=B_SPLINE_CURVE_WITH_KNOTS('',3,(#2444,#2445,#2446,#2447,#2448,#2449,
#2450,#2451,#2452,#2453,#2454,#2455,#2456,#2457,#2458,#2459,#2460,#2461,
#2462,#2463,#2464,#2465,#2466,#2467,#2468,#2469,#2470,#2471,#2472,#2473,
#2474,#2475,#2476,#2477,#2478,#2479,#2480,#2481,#2482,#2483),
 .UNSPECIFIED.,.F.,.F.,(4,3,3,3,3,3,3,3,3,3,3,3,3,4),(-10.3759343473738,
-9.96471344170407,-9.46647776961887,-8.96824209753366,-8.47000642544846,
-7.97177075336326,-7.47353508127805,-6.97529940919285,-6.47706373710765,
-5.97882806502244,-5.48059239293724,-4.98235672085204,-4.48412104876683,
-4.09274904019422),.UNSPECIFIED.);
#392=B_SPLINE_CURVE_WITH_KNOTS('',3,(#2484,#2485,#2486,#2487,#2488,#2489,
#2490,#2491,#2492,#2493,#2494,#2495,#2496,#2497,#2498,#2499,#2500,#2501,
#2502,#2503,#2504,#2505,#2506,#2507,#2508,#2509,#2510,#2511,#2512,#2513,
#2514,#2515,#2516,#2517,#2518,#2519,#2520,#2521,#2522,#2523),
 .UNSPECIFIED.,.F.,.F.,(4,3,3,3,3,3,3,3,3,3,3,3,3,4),(1.12020248735104,
1.49470701625561,1.99294268834081,2.49117836042602,2.98941403251122,3.48764970459643,
3.98588537668163,4.48412104876683,4.98235672085203,5.48059239293724,5.97882806502244,
6.47706373710764,6.97529940919285,7.40338779453063),.UNSPECIFIED.);
#393=B_SPLINE_CURVE_WITH_KNOTS('',3,(#2528,#2529,#2530,#2531,#2532,#2533,
#2534,#2535,#2536,#2537,#2538,#2539,#2540,#2541,#2542,#2543,#2544,#2545,
#2546,#2547,#2548,#2549,#2550,#2551,#2552,#2553,#2554,#2555,#2556,#2557,
#2558,#2559,#2560,#2561,#2562,#2563,#2564,#2565,#2566,#2567,#2568,#2569,
#2570),.UNSPECIFIED.,.F.,.F.,(4,3,3,3,3,3,3,3,3,3,3,3,3,3,4),(-16.6591196545534,
-16.4417771788117,-15.9435415067265,-15.4453058346413,-14.9470701625561,
-14.4488344904709,-13.9505988183857,-13.4523631463005,-12.9541274742153,
-12.4558918021301,-11.9576561300449,-11.4594204579597,-10.9611847858745,
-10.4629491137893,-10.3759343473738),.UNSPECIFIED.);
#394=B_SPLINE_CURVE_WITH_KNOTS('',3,(#2571,#2572,#2573,#2574,#2575,#2576,
#2577,#2578,#2579,#2580,#2581,#2582,#2583,#2584,#2585,#2586,#2587,#2588,
#2589,#2590,#2591,#2592,#2593,#2594,#2595,#2596,#2597,#2598,#2599,#2600,
#2601,#2602,#2603,#2604,#2605,#2606,#2607,#2608,#2609,#2610,#2611,#2612,
#2613),.UNSPECIFIED.,.F.,.F.,(4,3,3,3,3,3,3,3,3,3,3,3,3,3,4),(7.40338779453063,
7.47353508127805,7.97177075336326,8.47000642544846,8.96824209753367,9.46647776961887,
9.96471344170407,10.4629491137893,10.9611847858745,11.4594204579597,11.9576561300449,
12.4558918021301,12.9541274742153,13.4523631463005,13.6865731017102),
 .UNSPECIFIED.);
#395=B_SPLINE_CURVE_WITH_KNOTS('',3,(#2618,#2619,#2620,#2621,#2622,#2623,
#2624,#2625,#2626,#2627,#2628,#2629,#2630,#2631,#2632,#2633,#2634,#2635,
#2636,#2637,#2638,#2639,#2640,#2641,#2642,#2643,#2644,#2645,#2646,#2647,
#2648,#2649,#2650,#2651,#2652,#2653,#2654,#2655,#2656,#2657,#2658,#2659,
#2660),.UNSPECIFIED.,.F.,.F.,(4,3,3,3,3,3,3,3,3,3,3,3,3,3,4),(-22.942304961733,
-22.9188409159194,-22.4206052438342,-21.922369571749,-21.4241338996638,
-20.9258982275785,-20.4276625554933,-19.9294268834081,-19.4311912113229,
-18.9329555392377,-18.4347198671525,-17.9364841950673,-17.4382485229821,
-16.9400128508969,-16.6591196545534),.UNSPECIFIED.);
#396=B_SPLINE_CURVE_WITH_KNOTS('',3,(#2661,#2662,#2663,#2664,#2665,#2666,
#2667,#2668,#2669,#2670,#2671,#2672,#2673,#2674,#2675,#2676,#2677,#2678,
#2679,#2680,#2681,#2682,#2683,#2684,#2685,#2686,#2687,#2688,#2689,#2690,
#2691,#2692,#2693,#2694,#2695,#2696,#2697,#2698,#2699,#2700,#2701,#2702,
#2703),.UNSPECIFIED.,.F.,.F.,(4,3,3,3,3,3,3,3,3,3,3,3,3,3,4),(13.6865731017102,
13.9505988183857,14.4488344904709,14.9470701625561,15.4453058346413,15.9435415067265,
16.4417771788117,16.9400128508969,17.4382485229821,17.9364841950673,18.4347198671525,
18.9329555392377,19.4311912113229,19.9294268834081,19.9697584088898),
 .UNSPECIFIED.);
#397=B_SPLINE_CURVE_WITH_KNOTS('',3,(#2708,#2709,#2710,#2711,#2712,#2713,
#2714,#2715,#2716,#2717,#2718,#2719,#2720,#2721,#2722,#2723,#2724,#2725,
#2726,#2727,#2728,#2729,#2730,#2731,#2732,#2733,#2734,#2735,#2736,#2737,
#2738,#2739,#2740,#2741,#2742,#2743,#2744,#2745,#2746,#2747),
 .UNSPECIFIED.,.F.,.F.,(4,3,3,3,3,3,3,3,3,3,3,3,3,4),(-29.2254902689126,
-28.8976689809418,-28.3994333088566,-27.9011976367714,-27.4029619646862,
-26.904726292601,-26.4064906205158,-25.9082549484306,-25.4100192763454,
-24.9117836042602,-24.413547932175,-23.9153122600898,-23.4170765880046,
-22.942304961733),.UNSPECIFIED.);
#398=B_SPLINE_CURVE_WITH_KNOTS('',3,(#2748,#2749,#2750,#2751,#2752,#2753,
#2754,#2755,#2756,#2757,#2758,#2759,#2760,#2761,#2762,#2763,#2764,#2765,
#2766,#2767,#2768,#2769,#2770,#2771,#2772,#2773,#2774,#2775,#2776,#2777,
#2778,#2779,#2780,#2781,#2782,#2783,#2784,#2785,#2786,#2787),
 .UNSPECIFIED.,.F.,.F.,(4,3,3,3,3,3,3,3,3,3,3,3,3,4),(19.9697584088898,
20.4276625554933,20.9258982275786,21.4241338996638,21.922369571749,22.4206052438342,
22.9188409159194,23.4170765880046,23.9153122600898,24.413547932175,24.9117836042602,
25.4100192763454,25.9082549484306,26.2529437160694),.UNSPECIFIED.);
#399=B_SPLINE_CURVE_WITH_KNOTS('',3,(#2792,#2793,#2794,#2795,#2796,#2797,
#2798,#2799,#2800,#2801,#2802,#2803,#2804,#2805,#2806,#2807,#2808,#2809,
#2810,#2811,#2812,#2813,#2814,#2815,#2816,#2817,#2818,#2819,#2820,#2821,
#2822,#2823,#2824,#2825,#2826,#2827,#2828,#2829,#2830,#2831,#2832,#2833,
#2834),.UNSPECIFIED.,.F.,.F.,(4,3,3,3,3,3,3,3,3,3,3,3,3,3,4),(-35.5086755760922,
-35.3747327180495,-34.8764970459642,-34.378261373879,-33.8800257017938,
-33.3817900297086,-32.8835543576234,-32.3853186855382,-31.887083013453,
-31.3888473413678,-30.8906116692826,-30.3923759971974,-29.8941403251122,
-29.395904653027,-29.2254902689126),.UNSPECIFIED.);
#400=B_SPLINE_CURVE_WITH_KNOTS('',3,(#2835,#2836,#2837,#2838,#2839,#2840,
#2841,#2842,#2843,#2844,#2845,#2846,#2847,#2848,#2849,#2850,#2851,#2852,
#2853,#2854,#2855,#2856,#2857,#2858,#2859,#2860,#2861,#2862,#2863,#2864,
#2865,#2866,#2867,#2868,#2869,#2870,#2871,#2872,#2873,#2874,#2875,#2876,
#2877),.UNSPECIFIED.,.F.,.F.,(4,3,3,3,3,3,3,3,3,3,3,3,3,3,4),(26.2529437160694,
26.4064906205158,26.904726292601,27.4029619646862,27.9011976367714,28.3994333088566,
28.8976689809418,29.395904653027,29.8941403251122,30.3923759971974,30.8906116692826,
31.3888473413678,31.887083013453,32.3853186855382,32.536129023249),
 .UNSPECIFIED.);
#401=B_SPLINE_CURVE_WITH_KNOTS('',3,(#2882,#2883,#2884,#2885,#2886,#2887,
#2888,#2889,#2890,#2891,#2892,#2893,#2894,#2895,#2896,#2897,#2898,#2899,
#2900,#2901,#2902,#2903,#2904,#2905,#2906,#2907,#2908,#2909,#2910,#2911,
#2912,#2913,#2914,#2915,#2916,#2917,#2918,#2919,#2920,#2921),
 .UNSPECIFIED.,.F.,.F.,(4,3,3,3,3,3,3,3,3,3,3,3,3,4),(-41.7918608832718,
-41.3535607830719,-40.8553251109867,-40.3570894389015,-39.8588537668163,
-39.3606180947311,-38.8623824226459,-38.3641467505607,-37.8659110784755,
-37.3676754063903,-36.8694397343051,-36.3712040622198,-35.8729683901347,
-35.5086755760922),.UNSPECIFIED.);
#402=B_SPLINE_CURVE_WITH_KNOTS('',3,(#2922,#2923,#2924,#2925,#2926,#2927,
#2928,#2929,#2930,#2931,#2932,#2933,#2934,#2935,#2936,#2937,#2938,#2939,
#2940,#2941,#2942,#2943,#2944,#2945,#2946,#2947,#2948,#2949,#2950,#2951,
#2952,#2953,#2954,#2955,#2956,#2957,#2958,#2959,#2960,#2961),
 .UNSPECIFIED.,.F.,.F.,(4,3,3,3,3,3,3,3,3,3,3,3,3,4),(32.536129023249,32.8835543576234,
33.3817900297086,33.8800257017938,34.378261373879,34.8764970459642,35.3747327180495,
35.8729683901347,36.3712040622199,36.8694397343051,37.3676754063903,37.8659110784755,
38.3641467505607,38.8193143304286),.UNSPECIFIED.);
#403=B_SPLINE_CURVE_WITH_KNOTS('',3,(#2966,#2967,#2968,#2969,#2970,#2971,
#2972,#2973,#2974,#2975,#2976,#2977,#2978,#2979,#2980,#2981,#2982,#2983,
#2984,#2985,#2986,#2987,#2988,#2989,#2990,#2991,#2992,#2993,#2994,#2995,
#2996,#2997,#2998,#2999,#3000,#3001,#3002,#3003,#3004,#3005,#3006,#3007,
#3008),.UNSPECIFIED.,.F.,.F.,(4,3,3,3,3,3,3,3,3,3,3,3,3,3,4),(-48.0750461904513,
-47.8306245201795,-47.3323888480943,-46.8341531760091,-46.3359175039239,
-45.8376818318387,-45.3394461597535,-44.8412104876683,-44.3429748155831,
-43.8447391434979,-43.3465034714127,-42.8482677993275,-42.3500321272423,
-41.8517964551571,-41.7918608832718),.UNSPECIFIED.);
#404=B_SPLINE_CURVE_WITH_KNOTS('',3,(#3009,#3010,#3011,#3012,#3013,#3014,
#3015,#3016,#3017,#3018,#3019,#3020,#3021,#3022,#3023,#3024,#3025,#3026,
#3027,#3028,#3029,#3030,#3031,#3032,#3033,#3034,#3035,#3036,#3037,#3038,
#3039,#3040,#3041,#3042,#3043,#3044,#3045,#3046,#3047,#3048,#3049,#3050,
#3051),.UNSPECIFIED.,.F.,.F.,(4,3,3,3,3,3,3,3,3,3,3,3,3,3,4),(38.8193143304286,
38.8623824226459,39.3606180947311,39.8588537668163,40.3570894389015,40.8553251109867,
41.3535607830719,41.8517964551571,42.3500321272423,42.8482677993275,43.3465034714127,
43.8447391434979,44.3429748155831,44.8412104876683,45.1024996376082),
 .UNSPECIFIED.);
#405=B_SPLINE_CURVE_WITH_KNOTS('',3,(#3057,#3058,#3059,#3060,#3061,#3062,
#3063,#3064,#3065,#3066,#3067,#3068,#3069,#3070,#3071,#3072),
 .UNSPECIFIED.,.F.,.F.,(4,1,1,1,1,1,1,1,1,1,1,1,1,4),(53.4070751110265,
53.4670106829118,53.965246354997,54.4634820270822,54.9617176991674,55.4599533712526,
55.9581890433378,56.456424715423,56.9546603875082,57.4528960595934,57.9511317316787,
58.4493674037639,58.9476030758491,59.3674225623196),.UNSPECIFIED.);
#406=B_SPLINE_CURVE_WITH_KNOTS('',3,(#3079,#3080,#3081,#3082,#3083,#3084,
#3085,#3086,#3087,#3088,#3089,#3090,#3091),.UNSPECIFIED.,.F.,.F.,(4,1,1,
1,1,1,1,1,1,1,4),(53.4070751110265,53.6440216331718,54.142257305257,54.6404929773422,
55.1387286494274,55.6369643215126,56.1351999935978,56.633435665683,57.1316713377682,
57.6299070098535,58.1281426819387),.UNSPECIFIED.);
#407=B_SPLINE_CURVE_WITH_KNOTS('',3,(#3096,#3097,#3098,#3099,#3100,#3101,
#3102,#3103,#3104,#3105,#3106,#3107,#3108,#3109,#3110,#3111),
 .UNSPECIFIED.,.F.,.F.,(4,1,1,1,1,1,1,1,1,1,1,1,1,4),(47.1238898038469,
47.4881826178894,47.9864182899746,48.4846539620598,48.982889634145,49.4811253062302,
49.9793609783154,50.4775966504006,50.9758323224858,51.474067994571,51.9723036666562,
52.4705393387414,52.9687750108266,53.4070751110265),.UNSPECIFIED.);
#408=B_SPLINE_CURVE_WITH_KNOTS('',3,(#3112,#3113,#3114,#3115,#3116,#3117,
#3118,#3119,#3120,#3121,#3122,#3123,#3124,#3125,#3126,#3127,#3128),
 .UNSPECIFIED.,.F.,.F.,(4,1,1,1,1,1,1,1,1,1,1,1,1,1,4),(47.1238898038469,
47.1669578960642,47.6651935681494,48.1634292402346,48.6616649123198,49.159900584405,
49.6581362564902,50.1563719285754,50.6546076006606,51.1528432727458,51.651078944831,
52.1493146169162,52.6475502890014,53.1457859610866,53.4070751110265),
 .UNSPECIFIED.);
#409=B_SPLINE_CURVE_WITH_KNOTS('',3,(#3133,#3134,#3135,#3136,#3137,#3138,
#3139,#3140,#3141,#3142,#3143,#3144,#3145,#3146,#3147,#3148,#3149),
 .UNSPECIFIED.,.F.,.F.,(4,1,1,1,1,1,1,1,1,1,1,1,1,1,4),(40.8407044966673,
41.0111188807817,41.5093545528669,42.0075902249521,42.5058258970373,43.0040615691225,
43.5022972412077,44.000532913293,44.4987685853782,44.9970042574634,45.4952399295486,
45.9934756016338,46.491711273719,46.9899469458042,47.1238898038469),
 .UNSPECIFIED.);
#410=B_SPLINE_CURVE_WITH_KNOTS('',3,(#3150,#3151,#3152,#3153,#3154,#3155,
#3156,#3157,#3158,#3159,#3160,#3161,#3162,#3163,#3164,#3165),
 .UNSPECIFIED.,.F.,.F.,(4,1,1,1,1,1,1,1,1,1,1,1,1,4),(40.8407044966673,
41.1881298310417,41.6863655031269,42.1846011752121,42.6828368472974,43.1810725193826,
43.6793081914678,44.177543863553,44.6757795356382,45.1740152077234,45.6722508798086,
46.1704865518938,46.668722223979,47.1238898038469),.UNSPECIFIED.);
#411=B_SPLINE_CURVE_WITH_KNOTS('',3,(#3170,#3171,#3172,#3173,#3174,#3175,
#3176,#3177,#3178,#3179,#3180,#3181,#3182,#3183,#3184,#3185),
 .UNSPECIFIED.,.F.,.F.,(4,1,1,1,1,1,1,1,1,1,1,1,1,4),(34.5575191894877,
35.0322908157593,35.5305264878445,36.0287621599297,36.5269978320149,37.0252335041001,
37.5234691761853,38.0217048482705,38.5199405203557,39.0181761924409,39.5164118645261,
40.0146475366113,40.5128832086965,40.8407044966673),.UNSPECIFIED.);
#412=B_SPLINE_CURVE_WITH_KNOTS('',3,(#3186,#3187,#3188,#3189,#3190,#3191,
#3192,#3193,#3194,#3195,#3196,#3197,#3198,#3199,#3200,#3201,#3202),
 .UNSPECIFIED.,.F.,.F.,(4,1,1,1,1,1,1,1,1,1,1,1,1,1,4),(34.5575191894877,
34.7110660939341,35.2093017660193,35.7075374381045,36.2057731101897,36.7040087822749,
37.2022444543601,37.7004801264453,38.1987157985305,38.6969514706157,39.1951871427009,
39.6934228147861,40.1916584868713,40.6898941589565,40.8407044966673),
 .UNSPECIFIED.);
#413=B_SPLINE_CURVE_WITH_KNOTS('',3,(#3207,#3208,#3209,#3210,#3211,#3212,
#3213,#3214,#3215,#3216,#3217,#3218,#3219,#3220,#3221,#3222,#3223),
 .UNSPECIFIED.,.F.,.F.,(4,1,1,1,1,1,1,1,1,1,1,1,1,1,4),(28.2743338823081,
28.5552270786516,29.0534627507368,29.5516984228221,30.0499340949073,30.5481697669925,
31.0464054390777,31.5446411111629,32.0428767832481,32.5411124553333,33.0393481274185,
33.5375837995037,34.0358194715889,34.5340551436741,34.5575191894877),
 .UNSPECIFIED.);
#414=B_SPLINE_CURVE_WITH_KNOTS('',3,(#3224,#3225,#3226,#3227,#3228,#3229,
#3230,#3231,#3232,#3233,#3234,#3235,#3236,#3237,#3238,#3239),
 .UNSPECIFIED.,.F.,.F.,(4,1,1,1,1,1,1,1,1,1,1,1,1,4),(28.2743338823081,
28.7322380289116,29.2304737009969,29.7287093730821,30.2269450451673,30.7251807172525,
31.2234163893377,31.7216520614229,32.2198877335081,32.7181234055933,33.2163590776785,
33.7145947497637,34.2128304218489,34.5575191894877),.UNSPECIFIED.);
#415=B_SPLINE_CURVE_WITH_KNOTS('',3,(#3244,#3245,#3246,#3247,#3248,#3249,
#3250,#3251,#3252,#3253,#3254,#3255,#3256,#3257,#3258,#3259,#3260),
 .UNSPECIFIED.,.F.,.F.,(4,1,1,1,1,1,1,1,1,1,1,1,1,1,4),(21.9911485751285,
22.078163341544,22.5763990136292,23.0746346857144,23.5728703577996,24.0711060298848,
24.56934170197,25.0675773740552,25.5658130461404,26.0640487182256,26.5622843903108,
27.060520062396,27.5587557344812,28.0569914065664,28.2743338823081),
 .UNSPECIFIED.);
#416=B_SPLINE_CURVE_WITH_KNOTS('',3,(#3261,#3262,#3263,#3264,#3265,#3266,
#3267,#3268,#3269,#3270,#3271,#3272,#3273,#3274,#3275,#3276,#3277),
 .UNSPECIFIED.,.F.,.F.,(4,1,1,1,1,1,1,1,1,1,1,1,1,1,4),(21.9911485751285,
22.255174291804,22.7534099638892,23.2516456359744,23.7498813080596,24.2481169801448,
24.74635265223,25.2445883243152,25.7428239964004,26.2410596684856,26.7392953405708,
27.237531012656,27.7357666847412,28.2340023568264,28.2743338823081),
 .UNSPECIFIED.);
#417=B_SPLINE_CURVE_WITH_KNOTS('',3,(#3282,#3283,#3284,#3285,#3286,#3287,
#3288,#3289,#3290,#3291,#3292,#3293,#3294,#3295,#3296,#3297),
 .UNSPECIFIED.,.F.,.F.,(4,1,1,1,1,1,1,1,1,1,1,1,1,4),(15.7079632679489,
16.0993352765216,16.5975709486068,17.095806620692,17.5940422927772,18.0922779648624,
18.5905136369476,19.0887493090328,19.586984981118,20.0852206532032,20.5834563252884,
21.0816919973736,21.5799276694588,21.9911485751285),.UNSPECIFIED.);
#418=B_SPLINE_CURVE_WITH_KNOTS('',3,(#3298,#3299,#3300,#3301,#3302,#3303,
#3304,#3305,#3306,#3307,#3308,#3309,#3310,#3311,#3312,#3313,#3314),
 .UNSPECIFIED.,.F.,.F.,(4,1,1,1,1,1,1,1,1,1,1,1,1,1,4),(15.7079632679489,
15.7781105546964,16.2763462267816,16.7745818988668,17.272817570952,17.7710532430372,
18.2692889151224,18.7675245872076,19.2657602592928,19.763995931378,20.2622316034632,
20.7604672755484,21.2587029476336,21.7569386197188,21.9911485751285),
 .UNSPECIFIED.);
#419=B_SPLINE_CURVE_WITH_KNOTS('',3,(#3406,#3407,#3408,#3409,#3410,#3411,
#3412,#3413),.UNSPECIFIED.,.F.,.F.,(4,2,2,4),(0.722446426543499,0.884653312140189,
1.02443110518452,1.16190518812705),.UNSPECIFIED.);
#420=B_SPLINE_CURVE_WITH_KNOTS('',3,(#3415,#3416,#3417,#3418,#3419,#3420,
#3421,#3422),.UNSPECIFIED.,.F.,.F.,(4,2,2,4),(0.722446426543499,0.884653312140189,
1.02443110518452,1.16190518812705),.UNSPECIFIED.);
#421=B_SPLINE_CURVE_WITH_KNOTS('',3,(#3441,#3442,#3443,#3444,#3445,#3446,
#3447,#3448),.UNSPECIFIED.,.F.,.F.,(4,2,2,4),(0.,0.205995346243425,0.417107984355169,
0.438683246778187),.UNSPECIFIED.);
#422=B_SPLINE_CURVE_WITH_KNOTS('',3,(#3451,#3452,#3453,#3454,#3455,#3456,
#3457,#3458),.UNSPECIFIED.,.F.,.F.,(4,2,2,4),(0.,0.205995346243425,0.417107984355169,
0.438683246778187),.UNSPECIFIED.);
#423=B_SPLINE_CURVE_WITH_KNOTS('',3,(#3889,#3890,#3891,#3892,#3893,#3894,
#3895,#3896,#3897,#3898,#3899,#3900,#3901,#3902,#3903,#3904,#3905,#3906,
#3907,#3908,#3909,#3910,#3911,#3912,#3913,#3914,#3915,#3916,#3917,#3918,
#3919,#3920,#3921,#3922,#3923,#3924,#3925,#3926,#3927,#3928,#3929,#3930,
#3931,#3932,#3933,#3934,#3935,#3936,#3937,#3938,#3939,#3940,#3941,#3942,
#3943,#3944,#3945,#3946,#3947,#3948,#3949,#3950,#3951,#3952,#3953,#3954,
#3955),.UNSPECIFIED.,.F.,.F.,(4,3,3,3,3,3,3,3,3,3,3,3,3,3,3,3,3,3,3,3,3,
3,4),(-1.15878324328652,-1.11234770407638,-1.06221525096955,-1.03219711776203,
-1.0100401043124,-1.00034202632702,-0.950795109030119,-0.90153055535853,
-0.861800370333959,-0.854787020409664,-0.848322753031711,-0.822070185309388,
-0.773413548590586,-0.724515591434352,-0.67830062794236,-0.643639405323365,
-0.635114243307051,-0.629109885635786,-0.581203048383114,-0.539655737466382,
-0.489169492121842,-0.441363128460144,-0.438683246777302),.UNSPECIFIED.);
#424=B_SPLINE_CURVE_WITH_KNOTS('',3,(#3956,#3957,#3958,#3959,#3960,#3961,
#3962,#3963,#3964,#3965,#3966,#3967,#3968,#3969,#3970,#3971,#3972,#3973,
#3974),.UNSPECIFIED.,.F.,.F.,(4,3,3,3,3,3,4),(45.1024996376082,45.3394461597535,
45.8376818318387,46.3359175039239,46.8341531760091,47.3323888480943,47.7522083345648),
 .UNSPECIFIED.);
#425=B_SPLINE_CURVE_WITH_KNOTS('',3,(#3976,#3977,#3978,#3979,#3980,#3981,
#3982,#3983,#3984,#3985,#3986,#3987,#3988,#3989,#3990,#3991,#3992,#3993,
#3994,#3995,#3996,#3997,#3998,#3999,#4000,#4001,#4002,#4003,#4004,#4005,
#4006,#4007,#4008,#4009,#4010,#4011,#4012,#4013,#4014,#4015,#4016,#4017,
#4018,#4019,#4020,#4021,#4022,#4023,#4024,#4025,#4026,#4027,#4028,#4029,
#4030,#4031,#4032,#4033,#4034,#4035,#4036,#4037,#4038,#4039,#4040,#4041,
#4042,#4043,#4044,#4045,#4046,#4047,#4048,#4049,#4050,#4051,#4052,#4053,
#4054,#4055,#4056,#4057,#4058,#4059,#4060,#4061,#4062,#4063,#4064,#4065,
#4066,#4067,#4068,#4069,#4070,#4071,#4072,#4073,#4074,#4075,#4076,#4077,
#4078,#4079,#4080,#4081,#4082,#4083,#4084),.UNSPECIFIED.,.F.,.F.,(4,3,3,
3,3,3,3,3,3,3,3,3,3,3,3,3,3,3,3,3,3,3,3,3,3,3,3,3,3,3,3,3,3,3,3,3,4),(0.,
0.0411873383546919,0.0867028153786235,0.132804023197243,0.176651167205276,
0.193093846208289,0.203710920675845,0.209898184648668,0.259045391939021,
0.308192599229375,0.355099581455026,0.40221859780186,0.416939462061254,
0.422931738910422,0.470543729843556,0.518529044219205,0.566440522256337,
0.583586892193914,0.619035573004235,0.630047553043786,0.637570860329096,
0.685386880014923,0.734160699696098,0.783047334944896,0.825111836810691,
0.846144087743589,0.853328087804027,0.859883745503425,0.867176338676486,
0.915952656529318,0.965313644596568,0.989497344432814,1.00052046704998,
1.01083179344317,1.06083220664747,1.11088518969709,1.15878324328654),
 .UNSPECIFIED.);
#426=B_SPLINE_CURVE_WITH_KNOTS('',3,(#4085,#4086,#4087,#4088,#4089,#4090,
#4091,#4092,#4093,#4094,#4095,#4096,#4097,#4098),.UNSPECIFIED.,.F.,.F.,
(4,1,1,1,1,1,1,1,1,1,1,4),(10.3759343473738,10.7957538338443,11.2939895059295,
11.7922251780147,12.2904608500999,12.7886965221851,13.2869321942703,13.7851678663555,
14.2834035384407,14.781639210526,15.2798748826112,15.7079632679489),
 .UNSPECIFIED.);
#427=B_SPLINE_CURVE_WITH_KNOTS('',3,(#4102,#4103,#4104,#4105,#4106,#4107,
#4108,#4109,#4110,#4111,#4112,#4113),.UNSPECIFIED.,.F.,.F.,(4,1,1,1,1,1,
1,1,1,4),(11.6152142277547,12.1134498998399,12.6116855719251,13.1099212440103,
13.6081569160955,14.1063925881807,14.6046282602659,15.1028639323512,15.6010996044364,
15.7079632679489),.UNSPECIFIED.);
#428=B_SPLINE_CURVE_WITH_KNOTS('',3,(#4526,#4527,#4528,#4529,#4530,#4531,
#4532,#4533,#4534,#4535,#4536,#4537,#4538,#4539,#4540,#4541,#4542,#4543,
#4544,#4545,#4546,#4547,#4548,#4549,#4550,#4551,#4552,#4553,#4554,#4555,
#4556,#4557,#4558,#4559,#4560,#4561,#4562,#4563,#4564,#4565,#4566,#4567,
#4568,#4569,#4570,#4571,#4572,#4573,#4574,#4575,#4576,#4577,#4578,#4579,
#4580,#4581,#4582,#4583,#4584,#4585,#4586,#4587,#4588,#4589,#4590,#4591,
#4592,#4593,#4594,#4595,#4596,#4597,#4598,#4599,#4600,#4601,#4602,#4603,
#4604,#4605,#4606,#4607,#4608,#4609,#4610,#4611,#4612,#4613,#4614,#4615,
#4616,#4617,#4618,#4619,#4620,#4621,#4622,#4623,#4624,#4625,#4626,#4627,
#4628,#4629,#4630,#4631,#4632,#4633,#4634,#4635,#4636,#4637),
 .UNSPECIFIED.,.F.,.F.,(4,3,3,3,3,3,3,3,3,3,3,3,3,3,3,3,3,3,3,3,3,3,3,3,
3,3,3,3,3,3,3,3,3,3,3,3,3,4),(0.,0.0465785243713831,0.0965709910458692,
0.146727918499423,0.194591705699398,0.213111294123123,0.225225431799575,
0.233174342020371,0.282411671178517,0.331392609227817,0.338183067299321,
0.387486979663683,0.436473906282427,0.45071242760815,0.45675949831585,0.505172326974639,
0.553520946736465,0.601204069571981,0.6214022518722,0.655734267469899,0.669160879844827,
0.67525000919003,0.72257180954346,0.770121929606045,0.817325979034584,0.85669217784419,
0.876375277248992,0.883538594487208,0.889694699579502,0.896058376653795,
0.942816564490446,0.989675323413019,1.01120405650227,1.02299164537556,1.02943437172206,
1.07566483190062,1.12125159910935,1.16190518812706),.UNSPECIFIED.);
#429=B_SPLINE_CURVE_WITH_KNOTS('',3,(#4639,#4640,#4641,#4642,#4643,#4644,
#4645,#4646,#4647,#4648,#4649,#4650,#4651),.UNSPECIFIED.,.F.,.F.,(4,3,3,
3,4),(-49.8235672085203,-49.3253315364351,-48.8270958643499,-48.3288601922647,
-48.0750461904513),.UNSPECIFIED.);
#430=B_SPLINE_CURVE_WITH_KNOTS('',3,(#4652,#4653,#4654,#4655,#4656,#4657,
#4658,#4659,#4660,#4661,#4662,#4663,#4664,#4665,#4666,#4667,#4668,#4669,
#4670,#4671,#4672,#4673,#4674,#4675,#4676,#4677,#4678,#4679,#4680,#4681,
#4682,#4683,#4684,#4685,#4686,#4687,#4688,#4689,#4690,#4691,#4692,#4693,
#4694,#4695,#4696,#4697,#4698,#4699,#4700,#4701,#4702,#4703,#4704,#4705,
#4706,#4707,#4708,#4709,#4710,#4711,#4712,#4713,#4714,#4715,#4716,#4717,
#4718,#4719,#4720,#4721),.UNSPECIFIED.,.F.,.F.,(4,3,3,3,3,3,3,3,3,3,3,3,
3,3,3,3,3,3,3,3,3,3,3,4),(-0.722446426543636,-0.686172984076831,-0.676935302920091,
-0.671415703897532,-0.665865865297637,-0.617520933852711,-0.577352656676419,
-0.529248785630636,-0.480850844251274,-0.45724078476328,-0.448301418595668,
-0.399424269692936,-0.350168352024549,-0.300973310486452,-0.292795513794441,
-0.256196074570136,-0.240183819909502,-0.229856865101624,-0.224023272051846,
-0.174891073007695,-0.124840852858195,-0.0746867517429305,-0.0250479551678291,
0.),.UNSPECIFIED.);
#431=B_SPLINE_CURVE_WITH_KNOTS('',3,(#4761,#4762,#4763,#4764,#4765,#4766,
#4767,#4768,#4769,#4770,#4771,#4772,#4773,#4774,#4775,#4776,#4777,#4778,
#4779),.UNSPECIFIED.,.F.,.F.,(4,3,3,3,3,3,4),(7.592022928411,8.36673043789063,
9.29636715321181,10.226003868533,11.1556405838542,11.6204589415148,12.0852772991754),
 .UNSPECIFIED.);
#432=B_SPLINE_CURVE_WITH_KNOTS('',3,(#4782,#4783,#4784,#4785,#4786,#4787,
#4788,#4789,#4790,#4791,#4792,#4793,#4794,#4795,#4796,#4797,#4798,#4799,
#4800,#4801,#4802,#4803),.UNSPECIFIED.,.F.,.F.,(4,3,3,3,3,3,3,4),(-10.0530964914873,
-9.29636715321181,-8.36673043789063,-7.43709372256945,-6.50745700724827,
-5.57782029192709,-4.64818357660591,-3.8649358400464),.UNSPECIFIED.);
#433=B_SPLINE_CURVE_WITH_KNOTS('',3,(#4809,#4810,#4811,#4812,#4813,#4814,
#4815),.UNSPECIFIED.,.F.,.F.,(4,1,1,1,4),(21.9911485751286,22.0690312964356,
22.9986680117567,23.4634863694173,23.9283047270779),.UNSPECIFIED.);
#434=B_SPLINE_CURVE_WITH_KNOTS('',3,(#4818,#4819,#4820,#4821,#4822,#4823),
 .UNSPECIFIED.,.F.,.F.,(4,1,1,4),(21.9911485751286,22.7658560846082,23.6954927999294,
24.4522221382049),.UNSPECIFIED.);
#435=B_SPLINE_CURVE_WITH_KNOTS('',3,(#4829,#4830,#4831,#4832,#4833,#4834),
 .UNSPECIFIED.,.F.,.F.,(4,1,1,4),(14.3991256467176,14.8639440043781,15.3287623620387,
15.707963267949),.UNSPECIFIED.);
#436=B_SPLINE_CURVE_WITH_KNOTS('',3,(#4837,#4838,#4839,#4840,#4841,#4842),
 .UNSPECIFIED.,.F.,.F.,(4,1,1,4),(13.8752082355906,14.6319375738661,15.5615742891873,
15.707963267949),.UNSPECIFIED.);
#437=B_SPLINE_CURVE_WITH_KNOTS('',3,(#4844,#4845,#4846,#4847,#4848,#4849,
#4850,#4851,#4852,#4853),.UNSPECIFIED.,.F.,.F.,(4,1,1,1,1,1,1,4),(15.707963267949,
16.4912110045085,17.4208477198297,18.3504844351508,19.280121150472,20.2097578657932,
21.1393945811144,21.9911485751286),.UNSPECIFIED.);
#438=B_SPLINE_CURVE_WITH_KNOTS('',3,(#4854,#4855,#4856,#4857,#4858,#4859,
#4860,#4861,#4862,#4863,#4864),.UNSPECIFIED.,.F.,.F.,(4,1,1,1,1,1,1,1,4),
(15.707963267949,16.2583990773599,17.1880357926811,18.1176725080023,19.0473092233235,
19.9769459386446,20.9065826539658,21.836219369287,21.9911485751286),
 .UNSPECIFIED.);
#439=B_SPLINE_CURVE_WITH_KNOTS('',3,(#4937,#4938,#4939,#4940,#4941,#4942,
#4943,#4944,#4945,#4946,#4947,#4948,#4949,#4950,#4951,#4952,#4953,#4954,
#4955,#4956,#4957,#4958,#4959,#4960,#4961,#4962,#4963,#4964,#4965,#4966,
#4967,#4968,#4969,#4970,#4971,#4972,#4973,#4974,#4975,#4976,#4977,#4978,
#4979,#4980,#4981,#4982,#4983,#4984,#4985,#4986,#4987,#4988,#4989,#4990,
#4991,#4992,#4993,#4994,#4995,#4996,#4997,#4998,#4999,#5000,#5001,#5002,
#5003,#5004,#5005,#5006,#5007,#5008,#5009,#5010,#5011,#5012,#5013,#5014,
#5015,#5016,#5017,#5018,#5019,#5020,#5021,#5022,#5023,#5024,#5025,#5026,
#5027,#5028,#5029,#5030,#5031,#5032,#5033,#5034,#5035,#5036,#5037,#5038,
#5039,#5040,#5041,#5042),.UNSPECIFIED.,.F.,.F.,(4,3,3,3,3,3,3,3,3,3,3,3,
3,3,3,3,3,3,3,3,3,3,3,3,3,3,3,3,3,3,3,3,3,3,3,4),(0.,0.0504468179927377,
0.101492106397781,0.15266047179613,0.203472093126506,0.222782957962698,
0.233600421984986,0.239149166915286,0.280715552471275,0.331045066697319,
0.381185350896967,0.424448298751674,0.456895509642705,0.464224986974425,
0.470802158092628,0.519857681557994,0.554237142315795,0.603689388813417,
0.653505482191674,0.680096027649988,0.688569650449945,0.694287284520296,
0.743096891314583,0.792095158560311,0.84075541555109,0.888654662900741,
0.904120558043783,0.913912246933553,0.96154816502319,1.00849890806891,1.02989363173765,
1.03959120930935,1.04736311068789,1.07895420952471,1.12644636447677,1.17318355551472),
 .UNSPECIFIED.);
#440=B_SPLINE_CURVE_WITH_KNOTS('',3,(#5044,#5045,#5046,#5047,#5048,#5049,
#5050,#5051,#5052,#5053,#5054,#5055,#5056,#5057,#5058,#5059,#5060,#5061,
#5062,#5063,#5064,#5065,#5066,#5067,#5068,#5069,#5070,#5071,#5072,#5073,
#5074,#5075,#5076,#5077,#5078,#5079,#5080,#5081,#5082,#5083,#5084,#5085,
#5086,#5087,#5088,#5089,#5090,#5091,#5092,#5093,#5094,#5095,#5096,#5097,
#5098,#5099,#5100,#5101,#5102,#5103,#5104,#5105,#5106,#5107,#5108,#5109,
#5110,#5111,#5112,#5113,#5114,#5115,#5116,#5117,#5118,#5119,#5120,#5121,
#5122,#5123,#5124,#5125,#5126,#5127,#5128,#5129,#5130,#5131,#5132,#5133,
#5134,#5135,#5136,#5137,#5138,#5139,#5140,#5141,#5142,#5143,#5144,#5145,
#5146,#5147,#5148,#5149),.UNSPECIFIED.,.F.,.F.,(4,3,3,3,3,3,3,3,3,3,3,3,
3,3,3,3,3,3,3,3,3,3,3,3,3,3,3,3,3,3,3,3,3,3,3,4),(0.,0.0460390492669452,
0.0928369539106104,0.140275538840991,0.187705186990924,0.204633570399927,
0.211523993698315,0.216948257882202,0.255418720626937,0.303259314033131,
0.351534383648589,0.39320682411461,0.424461154464126,0.431024334765473,
0.480123251176326,0.518224145512674,0.566421878133853,0.615404872788545,
0.64352392955098,0.653256821482066,0.659485363032247,0.710213415276654,
0.760346092373705,0.810730001901122,0.860832334653345,0.875742235878287,
0.882461427636936,0.933482176368379,0.984179932192385,1.00901762284653,
1.02070290053328,1.03043932723077,1.0653097809875,1.11501358193447,1.16575101724486,
1.17017592172559),.UNSPECIFIED.);
#441=B_SPLINE_CURVE_WITH_KNOTS('',3,(#5150,#5151,#5152,#5153,#5154,#5155,
#5156,#5157,#5158,#5159,#5160,#5161,#5162,#5163,#5164,#5165,#5166,#5167,
#5168),.UNSPECIFIED.,.F.,.F.,(4,3,3,3,3,3,4),(-3.8649358400464,-3.71854686128472,
-2.78891014596354,-1.85927343064236,-0.92963671532118,-0.46481835766059,
0.),.UNSPECIFIED.);
#442=B_SPLINE_CURVE_WITH_KNOTS('',3,(#5241,#5242,#5243,#5244,#5245,#5246,
#5247,#5248,#5249,#5250,#5251,#5252,#5253,#5254,#5255,#5256,#5257,#5258,
#5259,#5260,#5261,#5262,#5263,#5264,#5265,#5266,#5267,#5268,#5269,#5270,
#5271,#5272,#5273,#5274,#5275,#5276,#5277,#5278,#5279,#5280,#5281,#5282,
#5283,#5284,#5285,#5286,#5287,#5288,#5289,#5290,#5291,#5292,#5293,#5294,
#5295,#5296,#5297,#5298,#5299,#5300,#5301,#5302,#5303,#5304,#5305,#5306,
#5307,#5308,#5309,#5310,#5311,#5312,#5313,#5314,#5315,#5316,#5317,#5318,
#5319,#5320,#5321,#5322,#5323,#5324,#5325,#5326,#5327,#5328,#5329,#5330,
#5331,#5332,#5333,#5334,#5335,#5336,#5337,#5338,#5339,#5340,#5341,#5342,
#5343,#5344,#5345,#5346),.UNSPECIFIED.,.F.,.F.,(4,3,3,3,3,3,3,3,3,3,3,3,
3,3,3,3,3,3,3,3,3,3,3,3,3,3,3,3,3,3,3,3,3,3,3,4),(0.,0.0460400564036064,
0.0928389532026988,0.140277672635857,0.18770648976216,0.204634547478355,
0.211532603493694,0.216963142026718,0.255418720626939,0.303257393544045,
0.351531079907147,0.39320434630853,0.424459296109567,0.431023593122579,
0.4801213392595,0.518224145512679,0.566422854251884,0.615406645798276,0.643525591747603,
0.653262282309091,0.659486920918907,0.710214778427482,0.760348145060444,
0.810732429600845,0.860834811667599,0.875743981838221,0.882463906699954,
0.933484910632218,0.984182649318013,1.00902005705341,1.02071223718713,1.03044149330451,
1.0653097809875,1.1150133116391,1.16575056167042,1.17017592172559),
 .UNSPECIFIED.);
#443=B_SPLINE_CURVE_WITH_KNOTS('',3,(#5348,#5349,#5350,#5351,#5352,#5353,
#5354,#5355,#5356,#5357,#5358,#5359,#5360,#5361,#5362,#5363,#5364,#5365,
#5366,#5367,#5368,#5369),.UNSPECIFIED.,.F.,.F.,(4,3,3,3,3,3,3,4),(2.03218080768802,
2.78891014596355,3.71854686128473,4.64818357660591,5.57782029192709,6.50745700724827,
7.43709372256945,7.592022928411),.UNSPECIFIED.);
#444=B_SPLINE_CURVE_WITH_KNOTS('',3,(#5370,#5371,#5372,#5373,#5374,#5375,
#5376,#5377,#5378,#5379,#5380,#5381,#5382,#5383,#5384,#5385,#5386,#5387,
#5388,#5389,#5390,#5391,#5392,#5393,#5394,#5395,#5396,#5397,#5398,#5399,
#5400,#5401,#5402,#5403,#5404,#5405,#5406,#5407,#5408,#5409,#5410,#5411,
#5412,#5413,#5414,#5415,#5416,#5417,#5418,#5419,#5420,#5421,#5422,#5423,
#5424,#5425,#5426,#5427,#5428,#5429,#5430,#5431,#5432,#5433,#5434,#5435,
#5436,#5437,#5438,#5439,#5440,#5441,#5442,#5443,#5444,#5445,#5446,#5447,
#5448,#5449,#5450,#5451,#5452,#5453,#5454,#5455,#5456,#5457,#5458,#5459,
#5460,#5461,#5462,#5463,#5464,#5465,#5466,#5467,#5468,#5469,#5470,#5471,
#5472,#5473,#5474,#5475),.UNSPECIFIED.,.F.,.F.,(4,3,3,3,3,3,3,3,3,3,3,3,
3,3,3,3,3,3,3,3,3,3,3,3,3,3,3,3,3,3,3,3,3,3,3,4),(0.,0.050448242510255,
0.10149409225858,0.152660939606282,0.203469772518478,0.222781217506677,
0.233598767615893,0.239147131921376,0.280715552471273,0.331043660286476,
0.381183768068849,0.424447111630585,0.456894619301887,0.464216922786843,
0.470801069690677,0.51985685832127,0.554237142315793,0.603690132769332,
0.653506623458164,0.680097097587323,0.688574597182529,0.694296118375597,
0.74310638566591,0.792104900424399,0.840765047500519,0.88866396509067,0.904123941351788,
0.913912326287706,0.96154815829586,1.00849872795538,1.02989362781963,1.03959125555396,
1.04736315828038,1.07895420952471,1.12644630303406,1.17318355551472),
 .UNSPECIFIED.);
#445=LINE('',#2410,#574);
#446=LINE('',#2443,#575);
#447=LINE('',#2527,#576);
#448=LINE('',#2617,#577);
#449=LINE('',#2707,#578);
#450=LINE('',#2791,#579);
#451=LINE('',#2881,#580);
#452=LINE('',#2965,#581);
#453=LINE('',#3055,#582);
#454=LINE('',#3074,#583);
#455=LINE('',#3078,#584);
#456=LINE('',#3095,#585);
#457=LINE('',#3132,#586);
#458=LINE('',#3169,#587);
#459=LINE('',#3206,#588);
#460=LINE('',#3243,#589);
#461=LINE('',#3281,#590);
#462=LINE('',#3318,#591);
#463=LINE('',#3320,#592);
#464=LINE('',#3322,#593);
#465=LINE('',#3323,#594);
#466=LINE('',#3326,#595);
#467=LINE('',#3328,#596);
#468=LINE('',#3329,#597);
#469=LINE('',#3332,#598);
#470=LINE('',#3334,#599);
#471=LINE('',#3336,#600);
#472=LINE('',#3337,#601);
#473=LINE('',#3340,#602);
#474=LINE('',#3341,#603);
#475=LINE('',#3345,#604);
#476=LINE('',#3347,#605);
#477=LINE('',#3349,#606);
#478=LINE('',#3350,#607);
#479=LINE('',#3353,#608);
#480=LINE('',#3355,#609);
#481=LINE('',#3356,#610);
#482=LINE('',#3359,#611);
#483=LINE('',#3361,#612);
#484=LINE('',#3363,#613);
#485=LINE('',#3364,#614);
#486=LINE('',#3367,#615);
#487=LINE('',#3369,#616);
#488=LINE('',#3370,#617);
#489=LINE('',#3373,#618);
#490=LINE('',#3374,#619);
#491=LINE('',#3376,#620);
#492=LINE('',#3378,#621);
#493=LINE('',#3381,#622);
#494=LINE('',#3382,#623);
#495=LINE('',#3385,#624);
#496=LINE('',#3386,#625);
#497=LINE('',#3388,#626);
#498=LINE('',#3423,#627);
#499=LINE('',#3450,#628);
#500=LINE('',#3471,#629);
#501=LINE('',#4728,#630);
#502=LINE('',#4736,#631);
#503=LINE('',#4751,#632);
#504=LINE('',#4755,#633);
#505=LINE('',#4759,#634);
#506=LINE('',#4807,#635);
#507=LINE('',#4827,#636);
#508=LINE('',#5483,#637);
#509=LINE('',#5525,#638);
#510=LINE('',#5527,#639);
#511=LINE('',#5531,#640);
#512=LINE('',#5534,#641);
#513=LINE('',#5537,#642);
#514=LINE('',#5540,#643);
#515=LINE('',#5543,#644);
#516=LINE('',#5546,#645);
#517=LINE('',#5549,#646);
#518=LINE('',#5552,#647);
#519=LINE('',#5562,#648);
#520=LINE('',#5581,#649);
#521=LINE('',#5582,#650);
#522=LINE('',#5596,#651);
#523=LINE('',#5602,#652);
#524=LINE('',#5610,#653);
#525=LINE('',#5617,#654);
#526=LINE('',#5620,#655);
#527=LINE('',#5623,#656);
#528=LINE('',#5625,#657);
#529=LINE('',#5626,#658);
#530=LINE('',#5629,#659);
#531=LINE('',#5631,#660);
#532=LINE('',#5633,#661);
#533=LINE('',#5637,#662);
#534=LINE('',#5639,#663);
#535=LINE('',#5642,#664);
#536=LINE('',#5647,#665);
#537=LINE('',#5648,#666);
#538=LINE('',#5651,#667);
#539=LINE('',#5652,#668);
#540=LINE('',#5655,#669);
#541=LINE('',#5658,#670);
#542=LINE('',#5660,#671);
#543=LINE('',#5662,#672);
#544=LINE('',#5663,#673);
#545=LINE('',#5665,#674);
#546=LINE('',#5666,#675);
#547=LINE('',#5670,#676);
#548=LINE('',#5671,#677);
#549=LINE('',#5677,#678);
#550=LINE('',#5679,#679);
#551=LINE('',#5681,#680);
#552=LINE('',#5682,#681);
#553=LINE('',#5688,#682);
#554=LINE('',#5692,#683);
#555=LINE('',#5694,#684);
#556=LINE('',#5696,#685);
#557=LINE('',#5697,#686);
#558=LINE('',#5703,#687);
#559=LINE('',#5706,#688);
#560=LINE('',#5708,#689);
#561=LINE('',#5709,#690);
#562=LINE('',#5712,#691);
#563=LINE('',#5714,#692);
#564=LINE('',#5715,#693);
#565=LINE('',#5718,#694);
#566=LINE('',#5720,#695);
#567=LINE('',#5721,#696);
#568=LINE('',#5724,#697);
#569=LINE('',#5726,#698);
#570=LINE('',#5731,#699);
#571=LINE('',#5735,#700);
#572=LINE('',#5738,#701);
#573=LINE('',#5739,#702);
#574=VECTOR('',#1969,6.);
#575=VECTOR('',#1974,6.);
#576=VECTOR('',#1977,6.);
#577=VECTOR('',#1980,6.);
#578=VECTOR('',#1983,6.);
#579=VECTOR('',#1986,6.);
#580=VECTOR('',#1989,6.);
#581=VECTOR('',#1992,6.);
#582=VECTOR('',#1995,5.21925);
#583=VECTOR('',#1996,10.);
#584=VECTOR('',#1999,10.);
#585=VECTOR('',#2002,5.21925);
#586=VECTOR('',#2005,5.21925);
#587=VECTOR('',#2008,5.21925);
#588=VECTOR('',#2011,5.21925);
#589=VECTOR('',#2014,5.21925);
#590=VECTOR('',#2017,5.21925);
#591=VECTOR('',#2020,10.);
#592=VECTOR('',#2021,10.);
#593=VECTOR('',#2022,10.);
#594=VECTOR('',#2023,10.);
#595=VECTOR('',#2026,10.);
#596=VECTOR('',#2027,10.);
#597=VECTOR('',#2028,10.);
#598=VECTOR('',#2031,10.);
#599=VECTOR('',#2032,10.);
#600=VECTOR('',#2033,10.);
#601=VECTOR('',#2034,10.);
#602=VECTOR('',#2037,10.);
#603=VECTOR('',#2038,10.);
#604=VECTOR('',#2041,10.);
#605=VECTOR('',#2042,10.);
#606=VECTOR('',#2043,10.);
#607=VECTOR('',#2044,10.);
#608=VECTOR('',#2047,10.);
#609=VECTOR('',#2048,10.);
#610=VECTOR('',#2049,10.);
#611=VECTOR('',#2052,10.);
#612=VECTOR('',#2053,10.);
#613=VECTOR('',#2054,10.);
#614=VECTOR('',#2055,10.);
#615=VECTOR('',#2058,10.);
#616=VECTOR('',#2059,10.);
#617=VECTOR('',#2060,10.);
#618=VECTOR('',#2063,10.);
#619=VECTOR('',#2064,10.);
#620=VECTOR('',#2067,10.);
#621=VECTOR('',#2070,10.);
#622=VECTOR('',#2073,10.);
#623=VECTOR('',#2074,10.);
#624=VECTOR('',#2077,10.);
#625=VECTOR('',#2078,10.);
#626=VECTOR('',#2081,10.);
#627=VECTOR('',#2082,10.);
#628=VECTOR('',#2083,10.);
#629=VECTOR('',#2100,7.1);
#630=VECTOR('',#2121,5.5);
#631=VECTOR('',#2132,5.2);
#632=VECTOR('',#2151,5.);
#633=VECTOR('',#2158,5.1);
#634=VECTOR('',#2161,5.5);
#635=VECTOR('',#2166,6.09);
#636=VECTOR('',#2171,6.09);
#637=VECTOR('',#2184,7.35);
#638=VECTOR('',#2199,10.);
#639=VECTOR('',#2200,10.);
#640=VECTOR('',#2205,10.);
#641=VECTOR('',#2208,10.);
#642=VECTOR('',#2211,10.);
#643=VECTOR('',#2214,10.);
#644=VECTOR('',#2217,10.);
#645=VECTOR('',#2220,10.);
#646=VECTOR('',#2223,10.);
#647=VECTOR('',#2226,10.);
#648=VECTOR('',#2229,7.35);
#649=VECTOR('',#2234,10.);
#650=VECTOR('',#2235,10.);
#651=VECTOR('',#2258,5.5);
#652=VECTOR('',#2265,7.2);
#653=VECTOR('',#2276,0.5);
#654=VECTOR('',#2283,10.);
#655=VECTOR('',#2286,10.);
#656=VECTOR('',#2289,10.);
#657=VECTOR('',#2290,10.);
#658=VECTOR('',#2291,10.);
#659=VECTOR('',#2294,10.);
#660=VECTOR('',#2295,10.);
#661=VECTOR('',#2296,10.);
#662=VECTOR('',#2299,10.);
#663=VECTOR('',#2300,10.);
#664=VECTOR('',#2303,10.);
#665=VECTOR('',#2308,10.);
#666=VECTOR('',#2309,10.);
#667=VECTOR('',#2312,10.);
#668=VECTOR('',#2313,10.);
#669=VECTOR('',#2316,10.);
#670=VECTOR('',#2319,10.);
#671=VECTOR('',#2320,10.);
#672=VECTOR('',#2321,10.);
#673=VECTOR('',#2322,10.);
#674=VECTOR('',#2325,10.);
#675=VECTOR('',#2326,10.);
#676=VECTOR('',#2333,10.);
#677=VECTOR('',#2334,10.);
#678=VECTOR('',#2341,10.);
#679=VECTOR('',#2342,10.);
#680=VECTOR('',#2343,10.);
#681=VECTOR('',#2344,10.);
#682=VECTOR('',#2351,10.);
#683=VECTOR('',#2354,10.);
#684=VECTOR('',#2355,10.);
#685=VECTOR('',#2356,10.);
#686=VECTOR('',#2357,10.);
#687=VECTOR('',#2364,10.);
#688=VECTOR('',#2367,10.);
#689=VECTOR('',#2368,10.);
#690=VECTOR('',#2369,10.);
#691=VECTOR('',#2372,10.);
#692=VECTOR('',#2373,10.);
#693=VECTOR('',#2374,10.);
#694=VECTOR('',#2377,10.);
#695=VECTOR('',#2378,10.);
#696=VECTOR('',#2379,10.);
#697=VECTOR('',#2382,10.);
#698=VECTOR('',#2385,10.);
#699=VECTOR('',#2390,0.5);
#700=VECTOR('',#2395,10.);
#701=VECTOR('',#2400,10.);
#702=VECTOR('',#2401,10.);
#703=VERTEX_POINT('',#2408);
#704=VERTEX_POINT('',#2409);
#705=VERTEX_POINT('',#2411);
#706=VERTEX_POINT('',#2428);
#707=VERTEX_POINT('',#2441);
#708=VERTEX_POINT('',#2442);
#709=VERTEX_POINT('',#2525);
#710=VERTEX_POINT('',#2526);
#711=VERTEX_POINT('',#2615);
#712=VERTEX_POINT('',#2616);
#713=VERTEX_POINT('',#2705);
#714=VERTEX_POINT('',#2706);
#715=VERTEX_POINT('',#2789);
#716=VERTEX_POINT('',#2790);
#717=VERTEX_POINT('',#2879);
#718=VERTEX_POINT('',#2880);
#719=VERTEX_POINT('',#2963);
#720=VERTEX_POINT('',#2964);
#721=VERTEX_POINT('',#3053);
#722=VERTEX_POINT('',#3054);
#723=VERTEX_POINT('',#3056);
#724=VERTEX_POINT('',#3073);
#725=VERTEX_POINT('',#3075);
#726=VERTEX_POINT('',#3077);
#727=VERTEX_POINT('',#3093);
#728=VERTEX_POINT('',#3094);
#729=VERTEX_POINT('',#3130);
#730=VERTEX_POINT('',#3131);
#731=VERTEX_POINT('',#3167);
#732=VERTEX_POINT('',#3168);
#733=VERTEX_POINT('',#3204);
#734=VERTEX_POINT('',#3205);
#735=VERTEX_POINT('',#3241);
#736=VERTEX_POINT('',#3242);
#737=VERTEX_POINT('',#3279);
#738=VERTEX_POINT('',#3280);
#739=VERTEX_POINT('',#3316);
#740=VERTEX_POINT('',#3317);
#741=VERTEX_POINT('',#3319);
#742=VERTEX_POINT('',#3321);
#743=VERTEX_POINT('',#3325);
#744=VERTEX_POINT('',#3327);
#745=VERTEX_POINT('',#3331);
#746=VERTEX_POINT('',#3333);
#747=VERTEX_POINT('',#3335);
#748=VERTEX_POINT('',#3339);
#749=VERTEX_POINT('',#3343);
#750=VERTEX_POINT('',#3344);
#751=VERTEX_POINT('',#3346);
#752=VERTEX_POINT('',#3348);
#753=VERTEX_POINT('',#3352);
#754=VERTEX_POINT('',#3354);
#755=VERTEX_POINT('',#3358);
#756=VERTEX_POINT('',#3360);
#757=VERTEX_POINT('',#3362);
#758=VERTEX_POINT('',#3366);
#759=VERTEX_POINT('',#3368);
#760=VERTEX_POINT('',#3372);
#761=VERTEX_POINT('',#3380);
#762=VERTEX_POINT('',#3384);
#763=VERTEX_POINT('',#3405);
#764=VERTEX_POINT('',#3414);
#765=VERTEX_POINT('',#3440);
#766=VERTEX_POINT('',#3449);
#767=VERTEX_POINT('',#3462);
#768=VERTEX_POINT('',#3463);
#769=VERTEX_POINT('',#3465);
#770=VERTEX_POINT('',#3470);
#771=VERTEX_POINT('',#3474);
#772=VERTEX_POINT('',#3888);
#773=VERTEX_POINT('',#3975);
#774=VERTEX_POINT('',#4100);
#775=VERTEX_POINT('',#4638);
#776=VERTEX_POINT('',#4724);
#777=VERTEX_POINT('',#4730);
#778=VERTEX_POINT('',#4734);
#779=VERTEX_POINT('',#4739);
#780=VERTEX_POINT('',#4742);
#781=VERTEX_POINT('',#4743);
#782=VERTEX_POINT('',#4745);
#783=VERTEX_POINT('',#4750);
#784=VERTEX_POINT('',#4757);
#785=VERTEX_POINT('',#4758);
#786=VERTEX_POINT('',#4760);
#787=VERTEX_POINT('',#4780);
#788=VERTEX_POINT('',#4805);
#789=VERTEX_POINT('',#4806);
#790=VERTEX_POINT('',#4808);
#791=VERTEX_POINT('',#4816);
#792=VERTEX_POINT('',#4825);
#793=VERTEX_POINT('',#4826);
#794=VERTEX_POINT('',#4828);
#795=VERTEX_POINT('',#4835);
#796=VERTEX_POINT('',#5043);
#797=VERTEX_POINT('',#5347);
#798=VERTEX_POINT('',#5477);
#799=VERTEX_POINT('',#5480);
#800=VERTEX_POINT('',#5482);
#801=VERTEX_POINT('',#5484);
#802=VERTEX_POINT('',#5488);
#803=VERTEX_POINT('',#5490);
#804=VERTEX_POINT('',#5494);
#805=VERTEX_POINT('',#5496);
#806=VERTEX_POINT('',#5500);
#807=VERTEX_POINT('',#5502);
#808=VERTEX_POINT('',#5506);
#809=VERTEX_POINT('',#5508);
#810=VERTEX_POINT('',#5512);
#811=VERTEX_POINT('',#5514);
#812=VERTEX_POINT('',#5518);
#813=VERTEX_POINT('',#5524);
#814=VERTEX_POINT('',#5526);
#815=VERTEX_POINT('',#5530);
#816=VERTEX_POINT('',#5532);
#817=VERTEX_POINT('',#5536);
#818=VERTEX_POINT('',#5538);
#819=VERTEX_POINT('',#5542);
#820=VERTEX_POINT('',#5544);
#821=VERTEX_POINT('',#5548);
#822=VERTEX_POINT('',#5550);
#823=VERTEX_POINT('',#5554);
#824=VERTEX_POINT('',#5558);
#825=VERTEX_POINT('',#5575);
#826=VERTEX_POINT('',#5593);
#827=VERTEX_POINT('',#5595);
#828=VERTEX_POINT('',#5599);
#829=VERTEX_POINT('',#5601);
#830=VERTEX_POINT('',#5607);
#831=VERTEX_POINT('',#5609);
#832=VERTEX_POINT('',#5613);
#833=VERTEX_POINT('',#5614);
#834=VERTEX_POINT('',#5616);
#835=VERTEX_POINT('',#5618);
#836=VERTEX_POINT('',#5622);
#837=VERTEX_POINT('',#5624);
#838=VERTEX_POINT('',#5628);
#839=VERTEX_POINT('',#5630);
#840=VERTEX_POINT('',#5632);
#841=VERTEX_POINT('',#5634);
#842=VERTEX_POINT('',#5636);
#843=VERTEX_POINT('',#5638);
#844=VERTEX_POINT('',#5640);
#845=VERTEX_POINT('',#5644);
#846=VERTEX_POINT('',#5645);
#847=VERTEX_POINT('',#5650);
#848=VERTEX_POINT('',#5654);
#849=VERTEX_POINT('',#5656);
#850=VERTEX_POINT('',#5659);
#851=VERTEX_POINT('',#5661);
#852=VERTEX_POINT('',#5675);
#853=VERTEX_POINT('',#5676);
#854=VERTEX_POINT('',#5678);
#855=VERTEX_POINT('',#5680);
#856=VERTEX_POINT('',#5684);
#857=VERTEX_POINT('',#5686);
#858=VERTEX_POINT('',#5690);
#859=VERTEX_POINT('',#5691);
#860=VERTEX_POINT('',#5693);
#861=VERTEX_POINT('',#5695);
#862=VERTEX_POINT('',#5699);
#863=VERTEX_POINT('',#5701);
#864=VERTEX_POINT('',#5705);
#865=VERTEX_POINT('',#5707);
#866=VERTEX_POINT('',#5711);
#867=VERTEX_POINT('',#5713);
#868=VERTEX_POINT('',#5717);
#869=VERTEX_POINT('',#5719);
#870=VERTEX_POINT('',#5723);
#871=VERTEX_POINT('',#5727);
#872=VERTEX_POINT('',#5730);
#873=VERTEX_POINT('',#5734);
#874=EDGE_CURVE('',#703,#704,#445,.T.);
#875=EDGE_CURVE('',#703,#705,#389,.T.);
#876=EDGE_CURVE('',#705,#706,#330,.F.);
#877=EDGE_CURVE('',#706,#704,#390,.T.);
#878=EDGE_CURVE('',#707,#708,#446,.T.);
#879=EDGE_CURVE('',#707,#703,#391,.T.);
#880=EDGE_CURVE('',#704,#708,#392,.T.);
#881=EDGE_CURVE('',#709,#710,#447,.T.);
#882=EDGE_CURVE('',#709,#707,#393,.T.);
#883=EDGE_CURVE('',#708,#710,#394,.T.);
#884=EDGE_CURVE('',#711,#712,#448,.T.);
#885=EDGE_CURVE('',#711,#709,#395,.T.);
#886=EDGE_CURVE('',#710,#712,#396,.T.);
#887=EDGE_CURVE('',#713,#714,#449,.T.);
#888=EDGE_CURVE('',#713,#711,#397,.T.);
#889=EDGE_CURVE('',#712,#714,#398,.T.);
#890=EDGE_CURVE('',#715,#716,#450,.T.);
#891=EDGE_CURVE('',#715,#713,#399,.T.);
#892=EDGE_CURVE('',#714,#716,#400,.T.);
#893=EDGE_CURVE('',#717,#718,#451,.T.);
#894=EDGE_CURVE('',#717,#715,#401,.T.);
#895=EDGE_CURVE('',#716,#718,#402,.T.);
#896=EDGE_CURVE('',#719,#720,#452,.T.);
#897=EDGE_CURVE('',#719,#717,#403,.T.);
#898=EDGE_CURVE('',#718,#720,#404,.T.);
#899=EDGE_CURVE('',#721,#722,#453,.T.);
#900=EDGE_CURVE('',#721,#723,#405,.T.);
#901=EDGE_CURVE('',#723,#724,#454,.T.);
#902=EDGE_CURVE('',#725,#724,#331,.T.);
#903=EDGE_CURVE('',#726,#725,#455,.T.);
#904=EDGE_CURVE('',#722,#726,#406,.T.);
#905=EDGE_CURVE('',#727,#728,#456,.T.);
#906=EDGE_CURVE('',#727,#721,#407,.T.);
#907=EDGE_CURVE('',#728,#722,#408,.T.);
#908=EDGE_CURVE('',#729,#730,#457,.T.);
#909=EDGE_CURVE('',#729,#727,#409,.T.);
#910=EDGE_CURVE('',#730,#728,#410,.T.);
#911=EDGE_CURVE('',#731,#732,#458,.T.);
#912=EDGE_CURVE('',#731,#729,#411,.T.);
#913=EDGE_CURVE('',#732,#730,#412,.T.);
#914=EDGE_CURVE('',#733,#734,#459,.T.);
#915=EDGE_CURVE('',#733,#731,#413,.T.);
#916=EDGE_CURVE('',#734,#732,#414,.T.);
#917=EDGE_CURVE('',#735,#736,#460,.T.);
#918=EDGE_CURVE('',#735,#733,#415,.T.);
#919=EDGE_CURVE('',#736,#734,#416,.T.);
#920=EDGE_CURVE('',#737,#738,#461,.T.);
#921=EDGE_CURVE('',#737,#735,#417,.T.);
#922=EDGE_CURVE('',#738,#736,#418,.T.);
#923=EDGE_CURVE('',#739,#740,#462,.T.);
#924=EDGE_CURVE('',#740,#741,#463,.T.);
#925=EDGE_CURVE('',#741,#742,#464,.F.);
#926=EDGE_CURVE('',#742,#739,#465,.T.);
#927=EDGE_CURVE('',#743,#740,#466,.T.);
#928=EDGE_CURVE('',#744,#743,#467,.T.);
#929=EDGE_CURVE('',#741,#744,#468,.T.);
#930=EDGE_CURVE('',#739,#745,#469,.T.);
#931=EDGE_CURVE('',#745,#746,#470,.T.);
#932=EDGE_CURVE('',#746,#747,#471,.T.);
#933=EDGE_CURVE('',#743,#747,#472,.T.);
#934=EDGE_CURVE('',#747,#748,#473,.T.);
#935=EDGE_CURVE('',#748,#744,#474,.F.);
#936=EDGE_CURVE('',#749,#750,#475,.T.);
#937=EDGE_CURVE('',#750,#751,#476,.T.);
#938=EDGE_CURVE('',#751,#752,#477,.F.);
#939=EDGE_CURVE('',#752,#749,#478,.T.);
#940=EDGE_CURVE('',#753,#750,#479,.T.);
#941=EDGE_CURVE('',#754,#753,#480,.T.);
#942=EDGE_CURVE('',#751,#754,#481,.T.);
#943=EDGE_CURVE('',#749,#755,#482,.T.);
#944=EDGE_CURVE('',#756,#755,#483,.T.);
#945=EDGE_CURVE('',#756,#757,#484,.T.);
#946=EDGE_CURVE('',#757,#753,#485,.T.);
#947=EDGE_CURVE('',#755,#758,#486,.T.);
#948=EDGE_CURVE('',#758,#759,#487,.F.);
#949=EDGE_CURVE('',#759,#756,#488,.T.);
#950=EDGE_CURVE('',#760,#759,#489,.T.);
#951=EDGE_CURVE('',#760,#757,#490,.T.);
#952=EDGE_CURVE('',#754,#760,#491,.T.);
#953=EDGE_CURVE('',#758,#752,#492,.T.);
#954=EDGE_CURVE('',#761,#742,#493,.T.);
#955=EDGE_CURVE('',#761,#745,#494,.T.);
#956=EDGE_CURVE('',#762,#746,#495,.T.);
#957=EDGE_CURVE('',#748,#762,#496,.T.);
#958=EDGE_CURVE('',#762,#761,#497,.T.);
#959=EDGE_CURVE('',#763,#726,#419,.T.);
#960=EDGE_CURVE('',#764,#725,#420,.T.);
#961=EDGE_CURVE('',#763,#764,#498,.T.);
#962=EDGE_CURVE('',#723,#765,#421,.T.);
#963=EDGE_CURVE('',#766,#765,#499,.T.);
#964=EDGE_CURVE('',#724,#766,#422,.T.);
#965=EDGE_CURVE('',#764,#766,#332,.T.);
#966=EDGE_CURVE('',#767,#768,#333,.T.);
#967=EDGE_CURVE('',#768,#769,#334,.T.);
#968=EDGE_CURVE('',#769,#769,#335,.T.);
#969=EDGE_CURVE('',#768,#767,#336,.T.);
#970=EDGE_CURVE('',#767,#770,#500,.T.);
#971=EDGE_CURVE('',#770,#770,#337,.T.);
#972=EDGE_CURVE('',#771,#771,#338,.T.);
#973=EDGE_CURVE('',#772,#763,#423,.T.);
#974=EDGE_CURVE('',#720,#772,#424,.T.);
#975=EDGE_CURVE('',#773,#706,#425,.T.);
#976=EDGE_CURVE('',#773,#738,#426,.T.);
#977=EDGE_CURVE('',#774,#773,#339,.T.);
#978=EDGE_CURVE('',#774,#737,#427,.T.);
#979=EDGE_CURVE('',#705,#774,#428,.T.);
#980=EDGE_CURVE('',#775,#719,#429,.T.);
#981=EDGE_CURVE('',#765,#775,#430,.T.);
#982=EDGE_CURVE('',#775,#772,#340,.F.);
#983=EDGE_CURVE('',#763,#776,#341,.T.);
#984=EDGE_CURVE('',#776,#765,#342,.T.);
#985=EDGE_CURVE('',#771,#776,#501,.T.);
#986=EDGE_CURVE('',#777,#777,#343,.T.);
#987=EDGE_CURVE('',#778,#778,#344,.T.);
#988=EDGE_CURVE('',#778,#777,#502,.T.);
#989=EDGE_CURVE('',#779,#779,#345,.T.);
#990=EDGE_CURVE('',#780,#781,#346,.T.);
#991=EDGE_CURVE('',#781,#782,#347,.T.);
#992=EDGE_CURVE('',#782,#782,#348,.T.);
#993=EDGE_CURVE('',#781,#780,#349,.T.);
#994=EDGE_CURVE('',#780,#783,#503,.T.);
#995=EDGE_CURVE('',#783,#783,#350,.T.);
#996=EDGE_CURVE('',#783,#779,#504,.T.);
#997=EDGE_CURVE('',#784,#785,#505,.T.);
#998=EDGE_CURVE('',#784,#786,#431,.T.);
#999=EDGE_CURVE('',#787,#786,#351,.F.);
#1000=EDGE_CURVE('',#787,#785,#432,.T.);
#1001=EDGE_CURVE('',#788,#789,#506,.T.);
#1002=EDGE_CURVE('',#789,#790,#433,.T.);
#1003=EDGE_CURVE('',#791,#790,#352,.T.);
#1004=EDGE_CURVE('',#788,#791,#434,.T.);
#1005=EDGE_CURVE('',#792,#793,#507,.T.);
#1006=EDGE_CURVE('',#794,#792,#435,.T.);
#1007=EDGE_CURVE('',#795,#794,#353,.T.);
#1008=EDGE_CURVE('',#795,#793,#436,.T.);
#1009=EDGE_CURVE('',#793,#789,#437,.T.);
#1010=EDGE_CURVE('',#792,#788,#438,.T.);
#1011=EDGE_CURVE('',#790,#787,#439,.T.);
#1012=EDGE_CURVE('',#796,#795,#440,.T.);
#1013=EDGE_CURVE('',#785,#796,#441,.T.);
#1014=EDGE_CURVE('',#786,#791,#442,.T.);
#1015=EDGE_CURVE('',#797,#784,#443,.T.);
#1016=EDGE_CURVE('',#794,#797,#444,.T.);
#1017=EDGE_CURVE('',#798,#798,#354,.T.);
#1018=EDGE_CURVE('',#799,#799,#355,.T.);
#1019=EDGE_CURVE('',#799,#800,#508,.T.);
#1020=EDGE_CURVE('',#801,#800,#13,.T.);
#1021=EDGE_CURVE('',#802,#801,#356,.T.);
#1022=EDGE_CURVE('',#803,#802,#14,.T.);
#1023=EDGE_CURVE('',#804,#803,#357,.T.);
#1024=EDGE_CURVE('',#805,#804,#15,.T.);
#1025=EDGE_CURVE('',#806,#805,#358,.T.);
#1026=EDGE_CURVE('',#807,#806,#16,.T.);
#1027=EDGE_CURVE('',#808,#807,#359,.T.);
#1028=EDGE_CURVE('',#809,#808,#17,.T.);
#1029=EDGE_CURVE('',#810,#809,#360,.T.);
#1030=EDGE_CURVE('',#811,#810,#18,.T.);
#1031=EDGE_CURVE('',#812,#811,#361,.T.);
#1032=EDGE_CURVE('',#800,#812,#19,.T.);
#1033=EDGE_CURVE('',#802,#813,#509,.T.);
#1034=EDGE_CURVE('',#814,#801,#510,.T.);
#1035=EDGE_CURVE('',#813,#814,#362,.T.);
#1036=EDGE_CURVE('',#815,#811,#511,.T.);
#1037=EDGE_CURVE('',#816,#815,#363,.T.);
#1038=EDGE_CURVE('',#812,#816,#512,.T.);
#1039=EDGE_CURVE('',#817,#809,#513,.T.);
#1040=EDGE_CURVE('',#818,#817,#364,.T.);
#1041=EDGE_CURVE('',#810,#818,#514,.T.);
#1042=EDGE_CURVE('',#819,#807,#515,.T.);
#1043=EDGE_CURVE('',#820,#819,#365,.T.);
#1044=EDGE_CURVE('',#808,#820,#516,.T.);
#1045=EDGE_CURVE('',#821,#805,#517,.T.);
#1046=EDGE_CURVE('',#822,#821,#366,.T.);
#1047=EDGE_CURVE('',#806,#822,#518,.T.);
#1048=EDGE_CURVE('',#813,#823,#20,.T.);
#1049=EDGE_CURVE('',#824,#814,#21,.T.);
#1050=EDGE_CURVE('',#824,#798,#519,.T.);
#1051=EDGE_CURVE('',#816,#824,#22,.T.);
#1052=EDGE_CURVE('',#818,#815,#23,.T.);
#1053=EDGE_CURVE('',#820,#817,#24,.T.);
#1054=EDGE_CURVE('',#822,#819,#25,.T.);
#1055=EDGE_CURVE('',#825,#821,#26,.T.);
#1056=EDGE_CURVE('',#825,#823,#367,.T.);
#1057=EDGE_CURVE('',#823,#803,#520,.T.);
#1058=EDGE_CURVE('',#804,#825,#521,.T.);
#1059=EDGE_CURVE('',#796,#797,#368,.F.);
#1060=EDGE_CURVE('',#826,#826,#369,.T.);
#1061=EDGE_CURVE('',#826,#827,#522,.T.);
#1062=EDGE_CURVE('',#827,#827,#370,.T.);
#1063=EDGE_CURVE('',#828,#828,#371,.T.);
#1064=EDGE_CURVE('',#828,#829,#523,.T.);
#1065=EDGE_CURVE('',#829,#829,#372,.T.);
#1066=EDGE_CURVE('',#830,#830,#373,.T.);
#1067=EDGE_CURVE('',#830,#831,#524,.T.);
#1068=EDGE_CURVE('',#831,#831,#374,.T.);
#1069=EDGE_CURVE('',#832,#833,#375,.T.);
#1070=EDGE_CURVE('',#833,#834,#525,.T.);
#1071=EDGE_CURVE('',#834,#835,#376,.T.);
#1072=EDGE_CURVE('',#835,#832,#526,.T.);
#1073=EDGE_CURVE('',#833,#836,#527,.T.);
#1074=EDGE_CURVE('',#836,#837,#528,.T.);
#1075=EDGE_CURVE('',#837,#834,#529,.T.);
#1076=EDGE_CURVE('',#838,#832,#530,.T.);
#1077=EDGE_CURVE('',#839,#838,#531,.T.);
#1078=EDGE_CURVE('',#839,#840,#532,.T.);
#1079=EDGE_CURVE('',#841,#840,#377,.T.);
#1080=EDGE_CURVE('',#842,#841,#533,.T.);
#1081=EDGE_CURVE('',#842,#843,#534,.T.);
#1082=EDGE_CURVE('',#844,#843,#378,.T.);
#1083=EDGE_CURVE('',#836,#844,#535,.T.);
#1084=EDGE_CURVE('',#845,#846,#379,.T.);
#1085=EDGE_CURVE('',#846,#841,#536,.T.);
#1086=EDGE_CURVE('',#840,#845,#537,.T.);
#1087=EDGE_CURVE('',#846,#847,#538,.T.);
#1088=EDGE_CURVE('',#847,#842,#539,.T.);
#1089=EDGE_CURVE('',#837,#848,#540,.T.);
#1090=EDGE_CURVE('',#849,#848,#380,.T.);
#1091=EDGE_CURVE('',#847,#849,#541,.T.);
#1092=EDGE_CURVE('',#850,#845,#542,.T.);
#1093=EDGE_CURVE('',#851,#850,#543,.T.);
#1094=EDGE_CURVE('',#851,#835,#544,.T.);
#1095=EDGE_CURVE('',#843,#849,#545,.T.);
#1096=EDGE_CURVE('',#848,#844,#546,.T.);
#1097=EDGE_CURVE('',#850,#839,#547,.T.);
#1098=EDGE_CURVE('',#838,#851,#548,.T.);
#1099=EDGE_CURVE('',#852,#853,#549,.T.);
#1100=EDGE_CURVE('',#852,#854,#550,.T.);
#1101=EDGE_CURVE('',#855,#854,#551,.T.);
#1102=EDGE_CURVE('',#855,#853,#552,.T.);
#1103=EDGE_CURVE('',#856,#855,#381,.T.);
#1104=EDGE_CURVE('',#854,#857,#382,.T.);
#1105=EDGE_CURVE('',#857,#856,#553,.T.);
#1106=EDGE_CURVE('',#858,#859,#554,.T.);
#1107=EDGE_CURVE('',#858,#860,#555,.T.);
#1108=EDGE_CURVE('',#861,#860,#556,.T.);
#1109=EDGE_CURVE('',#861,#859,#557,.T.);
#1110=EDGE_CURVE('',#862,#861,#383,.T.);
#1111=EDGE_CURVE('',#860,#863,#384,.T.);
#1112=EDGE_CURVE('',#863,#862,#558,.T.);
#1113=EDGE_CURVE('',#864,#863,#559,.T.);
#1114=EDGE_CURVE('',#865,#864,#560,.T.);
#1115=EDGE_CURVE('',#865,#862,#561,.T.);
#1116=EDGE_CURVE('',#866,#857,#562,.T.);
#1117=EDGE_CURVE('',#867,#866,#563,.T.);
#1118=EDGE_CURVE('',#867,#856,#564,.T.);
#1119=EDGE_CURVE('',#859,#868,#565,.T.);
#1120=EDGE_CURVE('',#869,#868,#566,.T.);
#1121=EDGE_CURVE('',#858,#869,#567,.T.);
#1122=EDGE_CURVE('',#852,#870,#568,.T.);
#1123=EDGE_CURVE('',#868,#870,#385,.T.);
#1124=EDGE_CURVE('',#866,#865,#569,.T.);
#1125=EDGE_CURVE('',#871,#871,#386,.T.);
#1126=EDGE_CURVE('',#871,#872,#570,.T.);
#1127=EDGE_CURVE('',#872,#872,#387,.T.);
#1128=EDGE_CURVE('',#870,#873,#571,.T.);
#1129=EDGE_CURVE('',#873,#869,#388,.T.);
#1130=EDGE_CURVE('',#853,#873,#572,.T.);
#1131=EDGE_CURVE('',#864,#867,#573,.T.);
#1132=ORIENTED_EDGE('',*,*,#874,.F.);
#1133=ORIENTED_EDGE('',*,*,#875,.T.);
#1134=ORIENTED_EDGE('',*,*,#876,.T.);
#1135=ORIENTED_EDGE('',*,*,#877,.T.);
#1136=ORIENTED_EDGE('',*,*,#878,.F.);
#1137=ORIENTED_EDGE('',*,*,#879,.T.);
#1138=ORIENTED_EDGE('',*,*,#874,.T.);
#1139=ORIENTED_EDGE('',*,*,#880,.T.);
#1140=ORIENTED_EDGE('',*,*,#881,.F.);
#1141=ORIENTED_EDGE('',*,*,#882,.T.);
#1142=ORIENTED_EDGE('',*,*,#878,.T.);
#1143=ORIENTED_EDGE('',*,*,#883,.T.);
#1144=ORIENTED_EDGE('',*,*,#884,.F.);
#1145=ORIENTED_EDGE('',*,*,#885,.T.);
#1146=ORIENTED_EDGE('',*,*,#881,.T.);
#1147=ORIENTED_EDGE('',*,*,#886,.T.);
#1148=ORIENTED_EDGE('',*,*,#887,.F.);
#1149=ORIENTED_EDGE('',*,*,#888,.T.);
#1150=ORIENTED_EDGE('',*,*,#884,.T.);
#1151=ORIENTED_EDGE('',*,*,#889,.T.);
#1152=ORIENTED_EDGE('',*,*,#890,.F.);
#1153=ORIENTED_EDGE('',*,*,#891,.T.);
#1154=ORIENTED_EDGE('',*,*,#887,.T.);
#1155=ORIENTED_EDGE('',*,*,#892,.T.);
#1156=ORIENTED_EDGE('',*,*,#893,.F.);
#1157=ORIENTED_EDGE('',*,*,#894,.T.);
#1158=ORIENTED_EDGE('',*,*,#890,.T.);
#1159=ORIENTED_EDGE('',*,*,#895,.T.);
#1160=ORIENTED_EDGE('',*,*,#896,.F.);
#1161=ORIENTED_EDGE('',*,*,#897,.T.);
#1162=ORIENTED_EDGE('',*,*,#893,.T.);
#1163=ORIENTED_EDGE('',*,*,#898,.T.);
#1164=ORIENTED_EDGE('',*,*,#899,.F.);
#1165=ORIENTED_EDGE('',*,*,#900,.T.);
#1166=ORIENTED_EDGE('',*,*,#901,.T.);
#1167=ORIENTED_EDGE('',*,*,#902,.F.);
#1168=ORIENTED_EDGE('',*,*,#903,.F.);
#1169=ORIENTED_EDGE('',*,*,#904,.F.);
#1170=ORIENTED_EDGE('',*,*,#905,.F.);
#1171=ORIENTED_EDGE('',*,*,#906,.T.);
#1172=ORIENTED_EDGE('',*,*,#899,.T.);
#1173=ORIENTED_EDGE('',*,*,#907,.F.);
#1174=ORIENTED_EDGE('',*,*,#908,.F.);
#1175=ORIENTED_EDGE('',*,*,#909,.T.);
#1176=ORIENTED_EDGE('',*,*,#905,.T.);
#1177=ORIENTED_EDGE('',*,*,#910,.F.);
#1178=ORIENTED_EDGE('',*,*,#911,.F.);
#1179=ORIENTED_EDGE('',*,*,#912,.T.);
#1180=ORIENTED_EDGE('',*,*,#908,.T.);
#1181=ORIENTED_EDGE('',*,*,#913,.F.);
#1182=ORIENTED_EDGE('',*,*,#914,.F.);
#1183=ORIENTED_EDGE('',*,*,#915,.T.);
#1184=ORIENTED_EDGE('',*,*,#911,.T.);
#1185=ORIENTED_EDGE('',*,*,#916,.F.);
#1186=ORIENTED_EDGE('',*,*,#917,.F.);
#1187=ORIENTED_EDGE('',*,*,#918,.T.);
#1188=ORIENTED_EDGE('',*,*,#914,.T.);
#1189=ORIENTED_EDGE('',*,*,#919,.F.);
#1190=ORIENTED_EDGE('',*,*,#920,.F.);
#1191=ORIENTED_EDGE('',*,*,#921,.T.);
#1192=ORIENTED_EDGE('',*,*,#917,.T.);
#1193=ORIENTED_EDGE('',*,*,#922,.F.);
#1194=ORIENTED_EDGE('',*,*,#923,.T.);
#1195=ORIENTED_EDGE('',*,*,#924,.T.);
#1196=ORIENTED_EDGE('',*,*,#925,.T.);
#1197=ORIENTED_EDGE('',*,*,#926,.T.);
#1198=ORIENTED_EDGE('',*,*,#924,.F.);
#1199=ORIENTED_EDGE('',*,*,#927,.F.);
#1200=ORIENTED_EDGE('',*,*,#928,.F.);
#1201=ORIENTED_EDGE('',*,*,#929,.F.);
#1202=ORIENTED_EDGE('',*,*,#923,.F.);
#1203=ORIENTED_EDGE('',*,*,#930,.T.);
#1204=ORIENTED_EDGE('',*,*,#931,.T.);
#1205=ORIENTED_EDGE('',*,*,#932,.T.);
#1206=ORIENTED_EDGE('',*,*,#933,.F.);
#1207=ORIENTED_EDGE('',*,*,#927,.T.);
#1208=ORIENTED_EDGE('',*,*,#933,.T.);
#1209=ORIENTED_EDGE('',*,*,#934,.T.);
#1210=ORIENTED_EDGE('',*,*,#935,.T.);
#1211=ORIENTED_EDGE('',*,*,#928,.T.);
#1212=ORIENTED_EDGE('',*,*,#936,.T.);
#1213=ORIENTED_EDGE('',*,*,#937,.T.);
#1214=ORIENTED_EDGE('',*,*,#938,.T.);
#1215=ORIENTED_EDGE('',*,*,#939,.T.);
#1216=ORIENTED_EDGE('',*,*,#937,.F.);
#1217=ORIENTED_EDGE('',*,*,#940,.F.);
#1218=ORIENTED_EDGE('',*,*,#941,.F.);
#1219=ORIENTED_EDGE('',*,*,#942,.F.);
#1220=ORIENTED_EDGE('',*,*,#936,.F.);
#1221=ORIENTED_EDGE('',*,*,#943,.T.);
#1222=ORIENTED_EDGE('',*,*,#944,.F.);
#1223=ORIENTED_EDGE('',*,*,#945,.T.);
#1224=ORIENTED_EDGE('',*,*,#946,.T.);
#1225=ORIENTED_EDGE('',*,*,#940,.T.);
#1226=ORIENTED_EDGE('',*,*,#944,.T.);
#1227=ORIENTED_EDGE('',*,*,#947,.T.);
#1228=ORIENTED_EDGE('',*,*,#948,.T.);
#1229=ORIENTED_EDGE('',*,*,#949,.T.);
#1230=ORIENTED_EDGE('',*,*,#949,.F.);
#1231=ORIENTED_EDGE('',*,*,#950,.F.);
#1232=ORIENTED_EDGE('',*,*,#951,.T.);
#1233=ORIENTED_EDGE('',*,*,#945,.F.);
#1234=ORIENTED_EDGE('',*,*,#952,.F.);
#1235=ORIENTED_EDGE('',*,*,#941,.T.);
#1236=ORIENTED_EDGE('',*,*,#946,.F.);
#1237=ORIENTED_EDGE('',*,*,#951,.F.);
#1238=ORIENTED_EDGE('',*,*,#939,.F.);
#1239=ORIENTED_EDGE('',*,*,#953,.F.);
#1240=ORIENTED_EDGE('',*,*,#947,.F.);
#1241=ORIENTED_EDGE('',*,*,#943,.F.);
#1242=ORIENTED_EDGE('',*,*,#926,.F.);
#1243=ORIENTED_EDGE('',*,*,#954,.F.);
#1244=ORIENTED_EDGE('',*,*,#955,.T.);
#1245=ORIENTED_EDGE('',*,*,#930,.F.);
#1246=ORIENTED_EDGE('',*,*,#934,.F.);
#1247=ORIENTED_EDGE('',*,*,#932,.F.);
#1248=ORIENTED_EDGE('',*,*,#956,.F.);
#1249=ORIENTED_EDGE('',*,*,#957,.F.);
#1250=ORIENTED_EDGE('',*,*,#958,.F.);
#1251=ORIENTED_EDGE('',*,*,#956,.T.);
#1252=ORIENTED_EDGE('',*,*,#931,.F.);
#1253=ORIENTED_EDGE('',*,*,#955,.F.);
#1254=ORIENTED_EDGE('',*,*,#959,.T.);
#1255=ORIENTED_EDGE('',*,*,#903,.T.);
#1256=ORIENTED_EDGE('',*,*,#960,.F.);
#1257=ORIENTED_EDGE('',*,*,#961,.F.);
#1258=ORIENTED_EDGE('',*,*,#962,.T.);
#1259=ORIENTED_EDGE('',*,*,#963,.F.);
#1260=ORIENTED_EDGE('',*,*,#964,.F.);
#1261=ORIENTED_EDGE('',*,*,#901,.F.);
#1262=ORIENTED_EDGE('',*,*,#964,.T.);
#1263=ORIENTED_EDGE('',*,*,#965,.F.);
#1264=ORIENTED_EDGE('',*,*,#960,.T.);
#1265=ORIENTED_EDGE('',*,*,#902,.T.);
#1266=ORIENTED_EDGE('',*,*,#966,.T.);
#1267=ORIENTED_EDGE('',*,*,#967,.T.);
#1268=ORIENTED_EDGE('',*,*,#968,.T.);
#1269=ORIENTED_EDGE('',*,*,#967,.F.);
#1270=ORIENTED_EDGE('',*,*,#969,.T.);
#1271=ORIENTED_EDGE('',*,*,#966,.F.);
#1272=ORIENTED_EDGE('',*,*,#970,.T.);
#1273=ORIENTED_EDGE('',*,*,#971,.F.);
#1274=ORIENTED_EDGE('',*,*,#970,.F.);
#1275=ORIENTED_EDGE('',*,*,#969,.F.);
#1276=ORIENTED_EDGE('',*,*,#968,.F.);
#1277=ORIENTED_EDGE('',*,*,#972,.T.);
#1278=ORIENTED_EDGE('',*,*,#973,.F.);
#1279=ORIENTED_EDGE('',*,*,#974,.F.);
#1280=ORIENTED_EDGE('',*,*,#898,.F.);
#1281=ORIENTED_EDGE('',*,*,#895,.F.);
#1282=ORIENTED_EDGE('',*,*,#892,.F.);
#1283=ORIENTED_EDGE('',*,*,#889,.F.);
#1284=ORIENTED_EDGE('',*,*,#886,.F.);
#1285=ORIENTED_EDGE('',*,*,#883,.F.);
#1286=ORIENTED_EDGE('',*,*,#880,.F.);
#1287=ORIENTED_EDGE('',*,*,#877,.F.);
#1288=ORIENTED_EDGE('',*,*,#975,.F.);
#1289=ORIENTED_EDGE('',*,*,#976,.T.);
#1290=ORIENTED_EDGE('',*,*,#922,.T.);
#1291=ORIENTED_EDGE('',*,*,#919,.T.);
#1292=ORIENTED_EDGE('',*,*,#916,.T.);
#1293=ORIENTED_EDGE('',*,*,#913,.T.);
#1294=ORIENTED_EDGE('',*,*,#910,.T.);
#1295=ORIENTED_EDGE('',*,*,#907,.T.);
#1296=ORIENTED_EDGE('',*,*,#904,.T.);
#1297=ORIENTED_EDGE('',*,*,#959,.F.);
#1298=ORIENTED_EDGE('',*,*,#920,.T.);
#1299=ORIENTED_EDGE('',*,*,#976,.F.);
#1300=ORIENTED_EDGE('',*,*,#977,.F.);
#1301=ORIENTED_EDGE('',*,*,#978,.T.);
#1302=ORIENTED_EDGE('',*,*,#962,.F.);
#1303=ORIENTED_EDGE('',*,*,#900,.F.);
#1304=ORIENTED_EDGE('',*,*,#906,.F.);
#1305=ORIENTED_EDGE('',*,*,#909,.F.);
#1306=ORIENTED_EDGE('',*,*,#912,.F.);
#1307=ORIENTED_EDGE('',*,*,#915,.F.);
#1308=ORIENTED_EDGE('',*,*,#918,.F.);
#1309=ORIENTED_EDGE('',*,*,#921,.F.);
#1310=ORIENTED_EDGE('',*,*,#978,.F.);
#1311=ORIENTED_EDGE('',*,*,#979,.F.);
#1312=ORIENTED_EDGE('',*,*,#875,.F.);
#1313=ORIENTED_EDGE('',*,*,#879,.F.);
#1314=ORIENTED_EDGE('',*,*,#882,.F.);
#1315=ORIENTED_EDGE('',*,*,#885,.F.);
#1316=ORIENTED_EDGE('',*,*,#888,.F.);
#1317=ORIENTED_EDGE('',*,*,#891,.F.);
#1318=ORIENTED_EDGE('',*,*,#894,.F.);
#1319=ORIENTED_EDGE('',*,*,#897,.F.);
#1320=ORIENTED_EDGE('',*,*,#980,.F.);
#1321=ORIENTED_EDGE('',*,*,#981,.F.);
#1322=ORIENTED_EDGE('',*,*,#971,.T.);
#1323=ORIENTED_EDGE('',*,*,#982,.T.);
#1324=ORIENTED_EDGE('',*,*,#973,.T.);
#1325=ORIENTED_EDGE('',*,*,#983,.T.);
#1326=ORIENTED_EDGE('',*,*,#984,.T.);
#1327=ORIENTED_EDGE('',*,*,#981,.T.);
#1328=ORIENTED_EDGE('',*,*,#972,.F.);
#1329=ORIENTED_EDGE('',*,*,#985,.T.);
#1330=ORIENTED_EDGE('',*,*,#983,.F.);
#1331=ORIENTED_EDGE('',*,*,#961,.T.);
#1332=ORIENTED_EDGE('',*,*,#965,.T.);
#1333=ORIENTED_EDGE('',*,*,#963,.T.);
#1334=ORIENTED_EDGE('',*,*,#984,.F.);
#1335=ORIENTED_EDGE('',*,*,#985,.F.);
#1336=ORIENTED_EDGE('',*,*,#975,.T.);
#1337=ORIENTED_EDGE('',*,*,#876,.F.);
#1338=ORIENTED_EDGE('',*,*,#979,.T.);
#1339=ORIENTED_EDGE('',*,*,#977,.T.);
#1340=ORIENTED_EDGE('',*,*,#986,.T.);
#1341=ORIENTED_EDGE('',*,*,#896,.T.);
#1342=ORIENTED_EDGE('',*,*,#974,.T.);
#1343=ORIENTED_EDGE('',*,*,#982,.F.);
#1344=ORIENTED_EDGE('',*,*,#980,.T.);
#1345=ORIENTED_EDGE('',*,*,#987,.F.);
#1346=ORIENTED_EDGE('',*,*,#988,.T.);
#1347=ORIENTED_EDGE('',*,*,#986,.F.);
#1348=ORIENTED_EDGE('',*,*,#988,.F.);
#1349=ORIENTED_EDGE('',*,*,#987,.T.);
#1350=ORIENTED_EDGE('',*,*,#952,.T.);
#1351=ORIENTED_EDGE('',*,*,#950,.T.);
#1352=ORIENTED_EDGE('',*,*,#948,.F.);
#1353=ORIENTED_EDGE('',*,*,#953,.T.);
#1354=ORIENTED_EDGE('',*,*,#938,.F.);
#1355=ORIENTED_EDGE('',*,*,#942,.T.);
#1356=ORIENTED_EDGE('',*,*,#954,.T.);
#1357=ORIENTED_EDGE('',*,*,#925,.F.);
#1358=ORIENTED_EDGE('',*,*,#929,.T.);
#1359=ORIENTED_EDGE('',*,*,#935,.F.);
#1360=ORIENTED_EDGE('',*,*,#957,.T.);
#1361=ORIENTED_EDGE('',*,*,#958,.T.);
#1362=ORIENTED_EDGE('',*,*,#989,.F.);
#1363=ORIENTED_EDGE('',*,*,#990,.T.);
#1364=ORIENTED_EDGE('',*,*,#991,.T.);
#1365=ORIENTED_EDGE('',*,*,#992,.T.);
#1366=ORIENTED_EDGE('',*,*,#991,.F.);
#1367=ORIENTED_EDGE('',*,*,#993,.T.);
#1368=ORIENTED_EDGE('',*,*,#990,.F.);
#1369=ORIENTED_EDGE('',*,*,#994,.T.);
#1370=ORIENTED_EDGE('',*,*,#995,.T.);
#1371=ORIENTED_EDGE('',*,*,#994,.F.);
#1372=ORIENTED_EDGE('',*,*,#993,.F.);
#1373=ORIENTED_EDGE('',*,*,#992,.F.);
#1374=ORIENTED_EDGE('',*,*,#995,.F.);
#1375=ORIENTED_EDGE('',*,*,#996,.T.);
#1376=ORIENTED_EDGE('',*,*,#989,.T.);
#1377=ORIENTED_EDGE('',*,*,#996,.F.);
#1378=ORIENTED_EDGE('',*,*,#997,.F.);
#1379=ORIENTED_EDGE('',*,*,#998,.T.);
#1380=ORIENTED_EDGE('',*,*,#999,.F.);
#1381=ORIENTED_EDGE('',*,*,#1000,.T.);
#1382=ORIENTED_EDGE('',*,*,#1001,.T.);
#1383=ORIENTED_EDGE('',*,*,#1002,.T.);
#1384=ORIENTED_EDGE('',*,*,#1003,.F.);
#1385=ORIENTED_EDGE('',*,*,#1004,.F.);
#1386=ORIENTED_EDGE('',*,*,#1005,.F.);
#1387=ORIENTED_EDGE('',*,*,#1006,.F.);
#1388=ORIENTED_EDGE('',*,*,#1007,.F.);
#1389=ORIENTED_EDGE('',*,*,#1008,.T.);
#1390=ORIENTED_EDGE('',*,*,#1005,.T.);
#1391=ORIENTED_EDGE('',*,*,#1009,.T.);
#1392=ORIENTED_EDGE('',*,*,#1001,.F.);
#1393=ORIENTED_EDGE('',*,*,#1010,.F.);
#1394=ORIENTED_EDGE('',*,*,#1011,.F.);
#1395=ORIENTED_EDGE('',*,*,#1002,.F.);
#1396=ORIENTED_EDGE('',*,*,#1009,.F.);
#1397=ORIENTED_EDGE('',*,*,#1008,.F.);
#1398=ORIENTED_EDGE('',*,*,#1012,.F.);
#1399=ORIENTED_EDGE('',*,*,#1013,.F.);
#1400=ORIENTED_EDGE('',*,*,#1000,.F.);
#1401=ORIENTED_EDGE('',*,*,#1014,.F.);
#1402=ORIENTED_EDGE('',*,*,#998,.F.);
#1403=ORIENTED_EDGE('',*,*,#1015,.F.);
#1404=ORIENTED_EDGE('',*,*,#1016,.F.);
#1405=ORIENTED_EDGE('',*,*,#1006,.T.);
#1406=ORIENTED_EDGE('',*,*,#1010,.T.);
#1407=ORIENTED_EDGE('',*,*,#1004,.T.);
#1408=ORIENTED_EDGE('',*,*,#1017,.T.);
#1409=ORIENTED_EDGE('',*,*,#1014,.T.);
#1410=ORIENTED_EDGE('',*,*,#1003,.T.);
#1411=ORIENTED_EDGE('',*,*,#1011,.T.);
#1412=ORIENTED_EDGE('',*,*,#999,.T.);
#1413=ORIENTED_EDGE('',*,*,#1018,.F.);
#1414=ORIENTED_EDGE('',*,*,#1019,.T.);
#1415=ORIENTED_EDGE('',*,*,#1020,.F.);
#1416=ORIENTED_EDGE('',*,*,#1021,.F.);
#1417=ORIENTED_EDGE('',*,*,#1022,.F.);
#1418=ORIENTED_EDGE('',*,*,#1023,.F.);
#1419=ORIENTED_EDGE('',*,*,#1024,.F.);
#1420=ORIENTED_EDGE('',*,*,#1025,.F.);
#1421=ORIENTED_EDGE('',*,*,#1026,.F.);
#1422=ORIENTED_EDGE('',*,*,#1027,.F.);
#1423=ORIENTED_EDGE('',*,*,#1028,.F.);
#1424=ORIENTED_EDGE('',*,*,#1029,.F.);
#1425=ORIENTED_EDGE('',*,*,#1030,.F.);
#1426=ORIENTED_EDGE('',*,*,#1031,.F.);
#1427=ORIENTED_EDGE('',*,*,#1032,.F.);
#1428=ORIENTED_EDGE('',*,*,#1019,.F.);
#1429=ORIENTED_EDGE('',*,*,#1033,.F.);
#1430=ORIENTED_EDGE('',*,*,#1021,.T.);
#1431=ORIENTED_EDGE('',*,*,#1034,.F.);
#1432=ORIENTED_EDGE('',*,*,#1035,.F.);
#1433=ORIENTED_EDGE('',*,*,#1036,.F.);
#1434=ORIENTED_EDGE('',*,*,#1037,.F.);
#1435=ORIENTED_EDGE('',*,*,#1038,.F.);
#1436=ORIENTED_EDGE('',*,*,#1031,.T.);
#1437=ORIENTED_EDGE('',*,*,#1039,.F.);
#1438=ORIENTED_EDGE('',*,*,#1040,.F.);
#1439=ORIENTED_EDGE('',*,*,#1041,.F.);
#1440=ORIENTED_EDGE('',*,*,#1029,.T.);
#1441=ORIENTED_EDGE('',*,*,#1042,.F.);
#1442=ORIENTED_EDGE('',*,*,#1043,.F.);
#1443=ORIENTED_EDGE('',*,*,#1044,.F.);
#1444=ORIENTED_EDGE('',*,*,#1027,.T.);
#1445=ORIENTED_EDGE('',*,*,#1045,.F.);
#1446=ORIENTED_EDGE('',*,*,#1046,.F.);
#1447=ORIENTED_EDGE('',*,*,#1047,.F.);
#1448=ORIENTED_EDGE('',*,*,#1025,.T.);
#1449=ORIENTED_EDGE('',*,*,#1048,.F.);
#1450=ORIENTED_EDGE('',*,*,#1035,.T.);
#1451=ORIENTED_EDGE('',*,*,#1049,.F.);
#1452=ORIENTED_EDGE('',*,*,#1050,.T.);
#1453=ORIENTED_EDGE('',*,*,#1017,.F.);
#1454=ORIENTED_EDGE('',*,*,#1050,.F.);
#1455=ORIENTED_EDGE('',*,*,#1051,.F.);
#1456=ORIENTED_EDGE('',*,*,#1037,.T.);
#1457=ORIENTED_EDGE('',*,*,#1052,.F.);
#1458=ORIENTED_EDGE('',*,*,#1040,.T.);
#1459=ORIENTED_EDGE('',*,*,#1053,.F.);
#1460=ORIENTED_EDGE('',*,*,#1043,.T.);
#1461=ORIENTED_EDGE('',*,*,#1054,.F.);
#1462=ORIENTED_EDGE('',*,*,#1046,.T.);
#1463=ORIENTED_EDGE('',*,*,#1055,.F.);
#1464=ORIENTED_EDGE('',*,*,#1056,.T.);
#1465=ORIENTED_EDGE('',*,*,#1057,.F.);
#1466=ORIENTED_EDGE('',*,*,#1056,.F.);
#1467=ORIENTED_EDGE('',*,*,#1058,.F.);
#1468=ORIENTED_EDGE('',*,*,#1023,.T.);
#1469=ORIENTED_EDGE('',*,*,#997,.T.);
#1470=ORIENTED_EDGE('',*,*,#1013,.T.);
#1471=ORIENTED_EDGE('',*,*,#1059,.T.);
#1472=ORIENTED_EDGE('',*,*,#1015,.T.);
#1473=ORIENTED_EDGE('',*,*,#1048,.T.);
#1474=ORIENTED_EDGE('',*,*,#1057,.T.);
#1475=ORIENTED_EDGE('',*,*,#1022,.T.);
#1476=ORIENTED_EDGE('',*,*,#1033,.T.);
#1477=ORIENTED_EDGE('',*,*,#1055,.T.);
#1478=ORIENTED_EDGE('',*,*,#1045,.T.);
#1479=ORIENTED_EDGE('',*,*,#1024,.T.);
#1480=ORIENTED_EDGE('',*,*,#1058,.T.);
#1481=ORIENTED_EDGE('',*,*,#1054,.T.);
#1482=ORIENTED_EDGE('',*,*,#1042,.T.);
#1483=ORIENTED_EDGE('',*,*,#1026,.T.);
#1484=ORIENTED_EDGE('',*,*,#1047,.T.);
#1485=ORIENTED_EDGE('',*,*,#1053,.T.);
#1486=ORIENTED_EDGE('',*,*,#1039,.T.);
#1487=ORIENTED_EDGE('',*,*,#1028,.T.);
#1488=ORIENTED_EDGE('',*,*,#1044,.T.);
#1489=ORIENTED_EDGE('',*,*,#1052,.T.);
#1490=ORIENTED_EDGE('',*,*,#1036,.T.);
#1491=ORIENTED_EDGE('',*,*,#1030,.T.);
#1492=ORIENTED_EDGE('',*,*,#1041,.T.);
#1493=ORIENTED_EDGE('',*,*,#1051,.T.);
#1494=ORIENTED_EDGE('',*,*,#1049,.T.);
#1495=ORIENTED_EDGE('',*,*,#1034,.T.);
#1496=ORIENTED_EDGE('',*,*,#1020,.T.);
#1497=ORIENTED_EDGE('',*,*,#1032,.T.);
#1498=ORIENTED_EDGE('',*,*,#1038,.T.);
#1499=ORIENTED_EDGE('',*,*,#1018,.T.);
#1500=ORIENTED_EDGE('',*,*,#1016,.T.);
#1501=ORIENTED_EDGE('',*,*,#1059,.F.);
#1502=ORIENTED_EDGE('',*,*,#1012,.T.);
#1503=ORIENTED_EDGE('',*,*,#1007,.T.);
#1504=ORIENTED_EDGE('',*,*,#1060,.F.);
#1505=ORIENTED_EDGE('',*,*,#1061,.T.);
#1506=ORIENTED_EDGE('',*,*,#1062,.T.);
#1507=ORIENTED_EDGE('',*,*,#1061,.F.);
#1508=ORIENTED_EDGE('',*,*,#1063,.F.);
#1509=ORIENTED_EDGE('',*,*,#1064,.T.);
#1510=ORIENTED_EDGE('',*,*,#1065,.T.);
#1511=ORIENTED_EDGE('',*,*,#1064,.F.);
#1512=ORIENTED_EDGE('',*,*,#1063,.T.);
#1513=ORIENTED_EDGE('',*,*,#1060,.T.);
#1514=ORIENTED_EDGE('',*,*,#1065,.F.);
#1515=ORIENTED_EDGE('',*,*,#1062,.F.);
#1516=ORIENTED_EDGE('',*,*,#1066,.F.);
#1517=ORIENTED_EDGE('',*,*,#1067,.T.);
#1518=ORIENTED_EDGE('',*,*,#1068,.F.);
#1519=ORIENTED_EDGE('',*,*,#1067,.F.);
#1520=ORIENTED_EDGE('',*,*,#1069,.T.);
#1521=ORIENTED_EDGE('',*,*,#1070,.T.);
#1522=ORIENTED_EDGE('',*,*,#1071,.T.);
#1523=ORIENTED_EDGE('',*,*,#1072,.T.);
#1524=ORIENTED_EDGE('',*,*,#1070,.F.);
#1525=ORIENTED_EDGE('',*,*,#1073,.T.);
#1526=ORIENTED_EDGE('',*,*,#1074,.T.);
#1527=ORIENTED_EDGE('',*,*,#1075,.T.);
#1528=ORIENTED_EDGE('',*,*,#1069,.F.);
#1529=ORIENTED_EDGE('',*,*,#1076,.F.);
#1530=ORIENTED_EDGE('',*,*,#1077,.F.);
#1531=ORIENTED_EDGE('',*,*,#1078,.T.);
#1532=ORIENTED_EDGE('',*,*,#1079,.F.);
#1533=ORIENTED_EDGE('',*,*,#1080,.F.);
#1534=ORIENTED_EDGE('',*,*,#1081,.T.);
#1535=ORIENTED_EDGE('',*,*,#1082,.F.);
#1536=ORIENTED_EDGE('',*,*,#1083,.F.);
#1537=ORIENTED_EDGE('',*,*,#1073,.F.);
#1538=ORIENTED_EDGE('',*,*,#1068,.T.);
#1539=ORIENTED_EDGE('',*,*,#1084,.T.);
#1540=ORIENTED_EDGE('',*,*,#1085,.T.);
#1541=ORIENTED_EDGE('',*,*,#1079,.T.);
#1542=ORIENTED_EDGE('',*,*,#1086,.T.);
#1543=ORIENTED_EDGE('',*,*,#1085,.F.);
#1544=ORIENTED_EDGE('',*,*,#1087,.T.);
#1545=ORIENTED_EDGE('',*,*,#1088,.T.);
#1546=ORIENTED_EDGE('',*,*,#1080,.T.);
#1547=ORIENTED_EDGE('',*,*,#1071,.F.);
#1548=ORIENTED_EDGE('',*,*,#1075,.F.);
#1549=ORIENTED_EDGE('',*,*,#1089,.T.);
#1550=ORIENTED_EDGE('',*,*,#1090,.F.);
#1551=ORIENTED_EDGE('',*,*,#1091,.F.);
#1552=ORIENTED_EDGE('',*,*,#1087,.F.);
#1553=ORIENTED_EDGE('',*,*,#1084,.F.);
#1554=ORIENTED_EDGE('',*,*,#1092,.F.);
#1555=ORIENTED_EDGE('',*,*,#1093,.F.);
#1556=ORIENTED_EDGE('',*,*,#1094,.T.);
#1557=ORIENTED_EDGE('',*,*,#1066,.T.);
#1558=ORIENTED_EDGE('',*,*,#1082,.T.);
#1559=ORIENTED_EDGE('',*,*,#1095,.T.);
#1560=ORIENTED_EDGE('',*,*,#1090,.T.);
#1561=ORIENTED_EDGE('',*,*,#1096,.T.);
#1562=ORIENTED_EDGE('',*,*,#1095,.F.);
#1563=ORIENTED_EDGE('',*,*,#1081,.F.);
#1564=ORIENTED_EDGE('',*,*,#1088,.F.);
#1565=ORIENTED_EDGE('',*,*,#1091,.T.);
#1566=ORIENTED_EDGE('',*,*,#1096,.F.);
#1567=ORIENTED_EDGE('',*,*,#1089,.F.);
#1568=ORIENTED_EDGE('',*,*,#1074,.F.);
#1569=ORIENTED_EDGE('',*,*,#1083,.T.);
#1570=ORIENTED_EDGE('',*,*,#1093,.T.);
#1571=ORIENTED_EDGE('',*,*,#1097,.T.);
#1572=ORIENTED_EDGE('',*,*,#1077,.T.);
#1573=ORIENTED_EDGE('',*,*,#1098,.T.);
#1574=ORIENTED_EDGE('',*,*,#1072,.F.);
#1575=ORIENTED_EDGE('',*,*,#1094,.F.);
#1576=ORIENTED_EDGE('',*,*,#1098,.F.);
#1577=ORIENTED_EDGE('',*,*,#1076,.T.);
#1578=ORIENTED_EDGE('',*,*,#1086,.F.);
#1579=ORIENTED_EDGE('',*,*,#1078,.F.);
#1580=ORIENTED_EDGE('',*,*,#1097,.F.);
#1581=ORIENTED_EDGE('',*,*,#1092,.T.);
#1582=ORIENTED_EDGE('',*,*,#1099,.F.);
#1583=ORIENTED_EDGE('',*,*,#1100,.T.);
#1584=ORIENTED_EDGE('',*,*,#1101,.F.);
#1585=ORIENTED_EDGE('',*,*,#1102,.T.);
#1586=ORIENTED_EDGE('',*,*,#1103,.T.);
#1587=ORIENTED_EDGE('',*,*,#1101,.T.);
#1588=ORIENTED_EDGE('',*,*,#1104,.T.);
#1589=ORIENTED_EDGE('',*,*,#1105,.T.);
#1590=ORIENTED_EDGE('',*,*,#1106,.F.);
#1591=ORIENTED_EDGE('',*,*,#1107,.T.);
#1592=ORIENTED_EDGE('',*,*,#1108,.F.);
#1593=ORIENTED_EDGE('',*,*,#1109,.T.);
#1594=ORIENTED_EDGE('',*,*,#1110,.T.);
#1595=ORIENTED_EDGE('',*,*,#1108,.T.);
#1596=ORIENTED_EDGE('',*,*,#1111,.T.);
#1597=ORIENTED_EDGE('',*,*,#1112,.T.);
#1598=ORIENTED_EDGE('',*,*,#1112,.F.);
#1599=ORIENTED_EDGE('',*,*,#1113,.F.);
#1600=ORIENTED_EDGE('',*,*,#1114,.F.);
#1601=ORIENTED_EDGE('',*,*,#1115,.T.);
#1602=ORIENTED_EDGE('',*,*,#1105,.F.);
#1603=ORIENTED_EDGE('',*,*,#1116,.F.);
#1604=ORIENTED_EDGE('',*,*,#1117,.F.);
#1605=ORIENTED_EDGE('',*,*,#1118,.T.);
#1606=ORIENTED_EDGE('',*,*,#1106,.T.);
#1607=ORIENTED_EDGE('',*,*,#1119,.T.);
#1608=ORIENTED_EDGE('',*,*,#1120,.F.);
#1609=ORIENTED_EDGE('',*,*,#1121,.F.);
#1610=ORIENTED_EDGE('',*,*,#1122,.T.);
#1611=ORIENTED_EDGE('',*,*,#1123,.F.);
#1612=ORIENTED_EDGE('',*,*,#1119,.F.);
#1613=ORIENTED_EDGE('',*,*,#1109,.F.);
#1614=ORIENTED_EDGE('',*,*,#1110,.F.);
#1615=ORIENTED_EDGE('',*,*,#1115,.F.);
#1616=ORIENTED_EDGE('',*,*,#1124,.F.);
#1617=ORIENTED_EDGE('',*,*,#1116,.T.);
#1618=ORIENTED_EDGE('',*,*,#1104,.F.);
#1619=ORIENTED_EDGE('',*,*,#1100,.F.);
#1620=ORIENTED_EDGE('',*,*,#1125,.T.);
#1621=ORIENTED_EDGE('',*,*,#1125,.F.);
#1622=ORIENTED_EDGE('',*,*,#1126,.T.);
#1623=ORIENTED_EDGE('',*,*,#1127,.F.);
#1624=ORIENTED_EDGE('',*,*,#1126,.F.);
#1625=ORIENTED_EDGE('',*,*,#1123,.T.);
#1626=ORIENTED_EDGE('',*,*,#1128,.T.);
#1627=ORIENTED_EDGE('',*,*,#1129,.T.);
#1628=ORIENTED_EDGE('',*,*,#1120,.T.);
#1629=ORIENTED_EDGE('',*,*,#1121,.T.);
#1630=ORIENTED_EDGE('',*,*,#1129,.F.);
#1631=ORIENTED_EDGE('',*,*,#1130,.F.);
#1632=ORIENTED_EDGE('',*,*,#1102,.F.);
#1633=ORIENTED_EDGE('',*,*,#1103,.F.);
#1634=ORIENTED_EDGE('',*,*,#1118,.F.);
#1635=ORIENTED_EDGE('',*,*,#1131,.F.);
#1636=ORIENTED_EDGE('',*,*,#1113,.T.);
#1637=ORIENTED_EDGE('',*,*,#1111,.F.);
#1638=ORIENTED_EDGE('',*,*,#1107,.F.);
#1639=ORIENTED_EDGE('',*,*,#1127,.T.);
#1640=ORIENTED_EDGE('',*,*,#1099,.T.);
#1641=ORIENTED_EDGE('',*,*,#1130,.T.);
#1642=ORIENTED_EDGE('',*,*,#1128,.F.);
#1643=ORIENTED_EDGE('',*,*,#1122,.F.);
#1644=ORIENTED_EDGE('',*,*,#1124,.T.);
#1645=ORIENTED_EDGE('',*,*,#1114,.T.);
#1646=ORIENTED_EDGE('',*,*,#1131,.T.);
#1647=ORIENTED_EDGE('',*,*,#1117,.T.);
#1648=CYLINDRICAL_SURFACE('',#1810,5.933);
#1649=CYLINDRICAL_SURFACE('',#1812,5.933);
#1650=CYLINDRICAL_SURFACE('',#1813,5.933);
#1651=CYLINDRICAL_SURFACE('',#1814,5.933);
#1652=CYLINDRICAL_SURFACE('',#1815,5.933);
#1653=CYLINDRICAL_SURFACE('',#1816,5.933);
#1654=CYLINDRICAL_SURFACE('',#1817,5.933);
#1655=CYLINDRICAL_SURFACE('',#1818,5.933);
#1656=CYLINDRICAL_SURFACE('',#1819,5.21925);
#1657=CYLINDRICAL_SURFACE('',#1821,5.21925);
#1658=CYLINDRICAL_SURFACE('',#1822,5.21925);
#1659=CYLINDRICAL_SURFACE('',#1823,5.21925);
#1660=CYLINDRICAL_SURFACE('',#1824,5.21925);
#1661=CYLINDRICAL_SURFACE('',#1825,5.21925);
#1662=CYLINDRICAL_SURFACE('',#1826,5.21925);
#1663=CYLINDRICAL_SURFACE('',#1852,5.21925);
#1664=CYLINDRICAL_SURFACE('',#1858,5.5);
#1665=CYLINDRICAL_SURFACE('',#1861,5.933);
#1666=CYLINDRICAL_SURFACE('',#1862,5.2);
#1667=CYLINDRICAL_SURFACE('',#1875,5.1);
#1668=CYLINDRICAL_SURFACE('',#1876,5.38975);
#1669=CYLINDRICAL_SURFACE('',#1878,6.09);
#1670=CYLINDRICAL_SURFACE('',#1880,6.09);
#1671=CYLINDRICAL_SURFACE('',#1882,6.09);
#1672=CYLINDRICAL_SURFACE('',#1893,7.9);
#1673=CYLINDRICAL_SURFACE('',#1895,7.9);
#1674=CYLINDRICAL_SURFACE('',#1897,7.9);
#1675=CYLINDRICAL_SURFACE('',#1899,7.9);
#1676=CYLINDRICAL_SURFACE('',#1901,7.9);
#1677=CYLINDRICAL_SURFACE('',#1905,7.9);
#1678=CYLINDRICAL_SURFACE('',#1906,5.38975);
#1679=CYLINDRICAL_SURFACE('',#1915,5.5);
#1680=CYLINDRICAL_SURFACE('',#1918,7.2);
#1681=CYLINDRICAL_SURFACE('',#1923,0.5);
#1682=CYLINDRICAL_SURFACE('',#1926,0.25);
#1683=CYLINDRICAL_SURFACE('',#1933,0.25);
#1684=CYLINDRICAL_SURFACE('',#1938,1.5);
#1685=CYLINDRICAL_SURFACE('',#1945,0.25);
#1686=CYLINDRICAL_SURFACE('',#1949,0.25);
#1687=CYLINDRICAL_SURFACE('',#1958,0.5);
#1688=CYLINDRICAL_SURFACE('',#1960,1.5);
#1689=ADVANCED_FACE('',(#113),#1648,.T.);
#1690=ADVANCED_FACE('',(#114),#1649,.T.);
#1691=ADVANCED_FACE('',(#115),#1650,.T.);
#1692=ADVANCED_FACE('',(#116),#1651,.T.);
#1693=ADVANCED_FACE('',(#117),#1652,.T.);
#1694=ADVANCED_FACE('',(#118),#1653,.T.);
#1695=ADVANCED_FACE('',(#119),#1654,.T.);
#1696=ADVANCED_FACE('',(#120),#1655,.T.);
#1697=ADVANCED_FACE('',(#121),#1656,.T.);
#1698=ADVANCED_FACE('',(#122),#1657,.T.);
#1699=ADVANCED_FACE('',(#123),#1658,.T.);
#1700=ADVANCED_FACE('',(#124),#1659,.T.);
#1701=ADVANCED_FACE('',(#125),#1660,.T.);
#1702=ADVANCED_FACE('',(#126),#1661,.T.);
#1703=ADVANCED_FACE('',(#127),#1662,.T.);
#1704=ADVANCED_FACE('',(#128),#64,.T.);
#1705=ADVANCED_FACE('',(#129),#65,.T.);
#1706=ADVANCED_FACE('',(#130),#66,.T.);
#1707=ADVANCED_FACE('',(#131),#67,.T.);
#1708=ADVANCED_FACE('',(#132),#68,.T.);
#1709=ADVANCED_FACE('',(#133),#69,.T.);
#1710=ADVANCED_FACE('',(#134),#70,.T.);
#1711=ADVANCED_FACE('',(#135),#71,.T.);
#1712=ADVANCED_FACE('',(#136),#72,.T.);
#1713=ADVANCED_FACE('',(#137),#73,.T.);
#1714=ADVANCED_FACE('',(#138),#74,.T.);
#1715=ADVANCED_FACE('',(#139),#75,.T.);
#1716=ADVANCED_FACE('',(#140),#76,.T.);
#1717=ADVANCED_FACE('',(#141),#77,.T.);
#1718=ADVANCED_FACE('',(#142),#58,.T.);
#1719=ADVANCED_FACE('',(#143),#59,.T.);
#1720=ADVANCED_FACE('',(#144),#78,.T.);
#1721=ADVANCED_FACE('',(#145),#56,.T.);
#1722=ADVANCED_FACE('',(#146),#52,.T.);
#1723=ADVANCED_FACE('',(#147,#39),#79,.T.);
#1724=ADVANCED_FACE('',(#148),#60,.F.);
#1725=ADVANCED_FACE('',(#149),#1663,.T.);
#1726=ADVANCED_FACE('',(#150),#61,.F.);
#1727=ADVANCED_FACE('',(#151,#40),#80,.F.);
#1728=ADVANCED_FACE('',(#152),#1664,.F.);
#1729=ADVANCED_FACE('',(#153,#41),#81,.F.);
#1730=ADVANCED_FACE('',(#154),#1665,.T.);
#1731=ADVANCED_FACE('',(#155),#1666,.T.);
#1732=ADVANCED_FACE('',(#156,#42,#43),#82,.F.);
#1733=ADVANCED_FACE('',(#157),#83,.F.);
#1734=ADVANCED_FACE('',(#158),#57,.T.);
#1735=ADVANCED_FACE('',(#159),#53,.T.);
#1736=ADVANCED_FACE('',(#160),#84,.T.);
#1737=ADVANCED_FACE('',(#161),#1667,.T.);
#1738=ADVANCED_FACE('',(#162),#1668,.F.);
#1739=ADVANCED_FACE('',(#163),#1669,.F.);
#1740=ADVANCED_FACE('',(#164),#1670,.F.);
#1741=ADVANCED_FACE('',(#165),#1671,.F.);
#1742=ADVANCED_FACE('',(#166),#62,.F.);
#1743=ADVANCED_FACE('',(#167),#63,.F.);
#1744=ADVANCED_FACE('',(#168,#44),#85,.T.);
#1745=ADVANCED_FACE('',(#169),#54,.T.);
#1746=ADVANCED_FACE('',(#170),#1672,.T.);
#1747=ADVANCED_FACE('',(#171),#1673,.T.);
#1748=ADVANCED_FACE('',(#172),#1674,.T.);
#1749=ADVANCED_FACE('',(#173),#1675,.T.);
#1750=ADVANCED_FACE('',(#174),#1676,.T.);
#1751=ADVANCED_FACE('',(#175),#55,.T.);
#1752=ADVANCED_FACE('',(#176),#1677,.T.);
#1753=ADVANCED_FACE('',(#177),#1678,.F.);
#1754=ADVANCED_FACE('',(#178),#86,.T.);
#1755=ADVANCED_FACE('',(#179),#87,.T.);
#1756=ADVANCED_FACE('',(#180),#88,.T.);
#1757=ADVANCED_FACE('',(#181),#89,.T.);
#1758=ADVANCED_FACE('',(#182),#90,.T.);
#1759=ADVANCED_FACE('',(#183),#91,.T.);
#1760=ADVANCED_FACE('',(#184,#45),#92,.F.);
#1761=ADVANCED_FACE('',(#185),#1679,.F.);
#1762=ADVANCED_FACE('',(#186),#1680,.T.);
#1763=ADVANCED_FACE('',(#187,#46),#93,.T.);
#1764=ADVANCED_FACE('',(#188,#47),#94,.F.);
#1765=ADVANCED_FACE('',(#189),#1681,.F.);
#1766=ADVANCED_FACE('',(#190),#1682,.T.);
#1767=ADVANCED_FACE('',(#191),#95,.T.);
#1768=ADVANCED_FACE('',(#192,#48),#96,.T.);
#1769=ADVANCED_FACE('',(#193),#1683,.T.);
#1770=ADVANCED_FACE('',(#194),#97,.T.);
#1771=ADVANCED_FACE('',(#195,#49),#98,.T.);
#1772=ADVANCED_FACE('',(#196),#1684,.T.);
#1773=ADVANCED_FACE('',(#197),#99,.T.);
#1774=ADVANCED_FACE('',(#198),#100,.T.);
#1775=ADVANCED_FACE('',(#199),#101,.F.);
#1776=ADVANCED_FACE('',(#200),#102,.T.);
#1777=ADVANCED_FACE('',(#201),#103,.T.);
#1778=ADVANCED_FACE('',(#202),#104,.T.);
#1779=ADVANCED_FACE('',(#203),#1685,.T.);
#1780=ADVANCED_FACE('',(#204),#105,.T.);
#1781=ADVANCED_FACE('',(#205),#1686,.T.);
#1782=ADVANCED_FACE('',(#206),#106,.T.);
#1783=ADVANCED_FACE('',(#207),#107,.T.);
#1784=ADVANCED_FACE('',(#208),#108,.T.);
#1785=ADVANCED_FACE('',(#209,#50),#109,.T.);
#1786=ADVANCED_FACE('',(#210),#1687,.F.);
#1787=ADVANCED_FACE('',(#211),#1688,.T.);
#1788=ADVANCED_FACE('',(#212,#51),#110,.T.);
#1789=ADVANCED_FACE('',(#213),#111,.T.);
#1790=ADVANCED_FACE('',(#214),#112,.F.);
#1791=CLOSED_SHELL('',(#1689,#1690,#1691,#1692,#1693,#1694,#1695,#1696,
#1697,#1698,#1699,#1700,#1701,#1702,#1703,#1704,#1705,#1706,#1707,#1708,
#1709,#1710,#1711,#1712,#1713,#1714,#1715,#1716,#1717,#1718,#1719,#1720,
#1721,#1722,#1723,#1724,#1725,#1726,#1727,#1728,#1729,#1730,#1731,#1732));
#1792=CLOSED_SHELL('',(#1733,#1734,#1735,#1736,#1737));
#1793=CLOSED_SHELL('',(#1738,#1739,#1740,#1741,#1742,#1743,#1744,#1745,
#1746,#1747,#1748,#1749,#1750,#1751,#1752,#1753,#1754,#1755,#1756,#1757,
#1758,#1759,#1760));
#1794=CLOSED_SHELL('',(#1761,#1762,#1763,#1764));
#1795=CLOSED_SHELL('',(#1765,#1766,#1767,#1768,#1769,#1770,#1771,#1772,
#1773,#1774,#1775,#1776,#1777));
#1796=CLOSED_SHELL('',(#1778,#1779,#1780,#1781,#1782,#1783,#1784,#1785,
#1786,#1787,#1788,#1789,#1790));
#1797=DERIVED_UNIT_ELEMENT(#1799,1.);
#1798=DERIVED_UNIT_ELEMENT(#5747,-3.);
#1799=(
MASS_UNIT()
NAMED_UNIT(*)
SI_UNIT(.KILO.,.GRAM.)
);
#1800=DERIVED_UNIT((#1797,#1798));
#1801=MEASURE_REPRESENTATION_ITEM('density measure',
POSITIVE_RATIO_MEASURE(7850.),#1800);
#1802=PROPERTY_DEFINITION_REPRESENTATION(#1807,#1804);
#1803=PROPERTY_DEFINITION_REPRESENTATION(#1808,#1805);
#1804=REPRESENTATION('material name',(#1806),#5744);
#1805=REPRESENTATION('density',(#1801),#5744);
#1806=DESCRIPTIVE_REPRESENTATION_ITEM('Steel','Steel');
#1807=PROPERTY_DEFINITION('material property','material name',#5754);
#1808=PROPERTY_DEFINITION('material property','density of part',#5754);
#1809=AXIS2_PLACEMENT_3D('',#2406,#1965,#1966);
#1810=AXIS2_PLACEMENT_3D('',#2407,#1967,#1968);
#1811=AXIS2_PLACEMENT_3D('',#2429,#1970,#1971);
#1812=AXIS2_PLACEMENT_3D('',#2440,#1972,#1973);
#1813=AXIS2_PLACEMENT_3D('',#2524,#1975,#1976);
#1814=AXIS2_PLACEMENT_3D('',#2614,#1978,#1979);
#1815=AXIS2_PLACEMENT_3D('',#2704,#1981,#1982);
#1816=AXIS2_PLACEMENT_3D('',#2788,#1984,#1985);
#1817=AXIS2_PLACEMENT_3D('',#2878,#1987,#1988);
#1818=AXIS2_PLACEMENT_3D('',#2962,#1990,#1991);
#1819=AXIS2_PLACEMENT_3D('',#3052,#1993,#1994);
#1820=AXIS2_PLACEMENT_3D('',#3076,#1997,#1998);
#1821=AXIS2_PLACEMENT_3D('',#3092,#2000,#2001);
#1822=AXIS2_PLACEMENT_3D('',#3129,#2003,#2004);
#1823=AXIS2_PLACEMENT_3D('',#3166,#2006,#2007);
#1824=AXIS2_PLACEMENT_3D('',#3203,#2009,#2010);
#1825=AXIS2_PLACEMENT_3D('',#3240,#2012,#2013);
#1826=AXIS2_PLACEMENT_3D('',#3278,#2015,#2016);
#1827=AXIS2_PLACEMENT_3D('',#3315,#2018,#2019);
#1828=AXIS2_PLACEMENT_3D('',#3324,#2024,#2025);
#1829=AXIS2_PLACEMENT_3D('',#3330,#2029,#2030);
#1830=AXIS2_PLACEMENT_3D('',#3338,#2035,#2036);
#1831=AXIS2_PLACEMENT_3D('',#3342,#2039,#2040);
#1832=AXIS2_PLACEMENT_3D('',#3351,#2045,#2046);
#1833=AXIS2_PLACEMENT_3D('',#3357,#2050,#2051);
#1834=AXIS2_PLACEMENT_3D('',#3365,#2056,#2057);
#1835=AXIS2_PLACEMENT_3D('',#3371,#2061,#2062);
#1836=AXIS2_PLACEMENT_3D('',#3375,#2065,#2066);
#1837=AXIS2_PLACEMENT_3D('',#3377,#2068,#2069);
#1838=AXIS2_PLACEMENT_3D('',#3379,#2071,#2072);
#1839=AXIS2_PLACEMENT_3D('',#3383,#2075,#2076);
#1840=AXIS2_PLACEMENT_3D('',#3387,#2079,#2080);
#1841=AXIS2_PLACEMENT_3D('',#3459,#2084,#2085);
#1842=AXIS2_PLACEMENT_3D('',#3460,#2086,#2087);
#1843=AXIS2_PLACEMENT_3D('',#3461,#2088,#2089);
#1844=AXIS2_PLACEMENT_3D('',#3464,#2090,#2091);
#1845=AXIS2_PLACEMENT_3D('',#3466,#2092,#2093);
#1846=AXIS2_PLACEMENT_3D('',#3467,#2094,#2095);
#1847=AXIS2_PLACEMENT_3D('',#3468,#2096,#2097);
#1848=AXIS2_PLACEMENT_3D('',#3469,#2098,#2099);
#1849=AXIS2_PLACEMENT_3D('',#3472,#2101,#2102);
#1850=AXIS2_PLACEMENT_3D('',#3473,#2103,#2104);
#1851=AXIS2_PLACEMENT_3D('',#3475,#2105,#2106);
#1852=AXIS2_PLACEMENT_3D('',#4099,#2107,#2108);
#1853=AXIS2_PLACEMENT_3D('',#4101,#2109,#2110);
#1854=AXIS2_PLACEMENT_3D('',#4722,#2111,#2112);
#1855=AXIS2_PLACEMENT_3D('',#4723,#2113,#2114);
#1856=AXIS2_PLACEMENT_3D('',#4725,#2115,#2116);
#1857=AXIS2_PLACEMENT_3D('',#4726,#2117,#2118);
#1858=AXIS2_PLACEMENT_3D('',#4727,#2119,#2120);
#1859=AXIS2_PLACEMENT_3D('',#4729,#2122,#2123);
#1860=AXIS2_PLACEMENT_3D('',#4731,#2124,#2125);
#1861=AXIS2_PLACEMENT_3D('',#4732,#2126,#2127);
#1862=AXIS2_PLACEMENT_3D('',#4733,#2128,#2129);
#1863=AXIS2_PLACEMENT_3D('',#4735,#2130,#2131);
#1864=AXIS2_PLACEMENT_3D('',#4737,#2133,#2134);
#1865=AXIS2_PLACEMENT_3D('',#4738,#2135,#2136);
#1866=AXIS2_PLACEMENT_3D('',#4740,#2137,#2138);
#1867=AXIS2_PLACEMENT_3D('',#4741,#2139,#2140);
#1868=AXIS2_PLACEMENT_3D('',#4744,#2141,#2142);
#1869=AXIS2_PLACEMENT_3D('',#4746,#2143,#2144);
#1870=AXIS2_PLACEMENT_3D('',#4747,#2145,#2146);
#1871=AXIS2_PLACEMENT_3D('',#4748,#2147,#2148);
#1872=AXIS2_PLACEMENT_3D('',#4749,#2149,#2150);
#1873=AXIS2_PLACEMENT_3D('',#4752,#2152,#2153);
#1874=AXIS2_PLACEMENT_3D('',#4753,#2154,#2155);
#1875=AXIS2_PLACEMENT_3D('',#4754,#2156,#2157);
#1876=AXIS2_PLACEMENT_3D('',#4756,#2159,#2160);
#1877=AXIS2_PLACEMENT_3D('',#4781,#2162,#2163);
#1878=AXIS2_PLACEMENT_3D('',#4804,#2164,#2165);
#1879=AXIS2_PLACEMENT_3D('',#4817,#2167,#2168);
#1880=AXIS2_PLACEMENT_3D('',#4824,#2169,#2170);
#1881=AXIS2_PLACEMENT_3D('',#4836,#2172,#2173);
#1882=AXIS2_PLACEMENT_3D('',#4843,#2174,#2175);
#1883=AXIS2_PLACEMENT_3D('',#5476,#2176,#2177);
#1884=AXIS2_PLACEMENT_3D('',#5478,#2178,#2179);
#1885=AXIS2_PLACEMENT_3D('',#5479,#2180,#2181);
#1886=AXIS2_PLACEMENT_3D('',#5481,#2182,#2183);
#1887=AXIS2_PLACEMENT_3D('',#5489,#2185,#2186);
#1888=AXIS2_PLACEMENT_3D('',#5495,#2187,#2188);
#1889=AXIS2_PLACEMENT_3D('',#5501,#2189,#2190);
#1890=AXIS2_PLACEMENT_3D('',#5507,#2191,#2192);
#1891=AXIS2_PLACEMENT_3D('',#5513,#2193,#2194);
#1892=AXIS2_PLACEMENT_3D('',#5519,#2195,#2196);
#1893=AXIS2_PLACEMENT_3D('',#5523,#2197,#2198);
#1894=AXIS2_PLACEMENT_3D('',#5528,#2201,#2202);
#1895=AXIS2_PLACEMENT_3D('',#5529,#2203,#2204);
#1896=AXIS2_PLACEMENT_3D('',#5533,#2206,#2207);
#1897=AXIS2_PLACEMENT_3D('',#5535,#2209,#2210);
#1898=AXIS2_PLACEMENT_3D('',#5539,#2212,#2213);
#1899=AXIS2_PLACEMENT_3D('',#5541,#2215,#2216);
#1900=AXIS2_PLACEMENT_3D('',#5545,#2218,#2219);
#1901=AXIS2_PLACEMENT_3D('',#5547,#2221,#2222);
#1902=AXIS2_PLACEMENT_3D('',#5551,#2224,#2225);
#1903=AXIS2_PLACEMENT_3D('',#5553,#2227,#2228);
#1904=AXIS2_PLACEMENT_3D('',#5579,#2230,#2231);
#1905=AXIS2_PLACEMENT_3D('',#5580,#2232,#2233);
#1906=AXIS2_PLACEMENT_3D('',#5583,#2236,#2237);
#1907=AXIS2_PLACEMENT_3D('',#5584,#2238,#2239);
#1908=AXIS2_PLACEMENT_3D('',#5585,#2240,#2241);
#1909=AXIS2_PLACEMENT_3D('',#5586,#2242,#2243);
#1910=AXIS2_PLACEMENT_3D('',#5587,#2244,#2245);
#1911=AXIS2_PLACEMENT_3D('',#5588,#2246,#2247);
#1912=AXIS2_PLACEMENT_3D('',#5589,#2248,#2249);
#1913=AXIS2_PLACEMENT_3D('',#5590,#2250,#2251);
#1914=AXIS2_PLACEMENT_3D('',#5591,#2252,#2253);
#1915=AXIS2_PLACEMENT_3D('',#5592,#2254,#2255);
#1916=AXIS2_PLACEMENT_3D('',#5594,#2256,#2257);
#1917=AXIS2_PLACEMENT_3D('',#5597,#2259,#2260);
#1918=AXIS2_PLACEMENT_3D('',#5598,#2261,#2262);
#1919=AXIS2_PLACEMENT_3D('',#5600,#2263,#2264);
#1920=AXIS2_PLACEMENT_3D('',#5603,#2266,#2267);
#1921=AXIS2_PLACEMENT_3D('',#5604,#2268,#2269);
#1922=AXIS2_PLACEMENT_3D('',#5605,#2270,#2271);
#1923=AXIS2_PLACEMENT_3D('',#5606,#2272,#2273);
#1924=AXIS2_PLACEMENT_3D('',#5608,#2274,#2275);
#1925=AXIS2_PLACEMENT_3D('',#5611,#2277,#2278);
#1926=AXIS2_PLACEMENT_3D('',#5612,#2279,#2280);
#1927=AXIS2_PLACEMENT_3D('',#5615,#2281,#2282);
#1928=AXIS2_PLACEMENT_3D('',#5619,#2284,#2285);
#1929=AXIS2_PLACEMENT_3D('',#5621,#2287,#2288);
#1930=AXIS2_PLACEMENT_3D('',#5627,#2292,#2293);
#1931=AXIS2_PLACEMENT_3D('',#5635,#2297,#2298);
#1932=AXIS2_PLACEMENT_3D('',#5641,#2301,#2302);
#1933=AXIS2_PLACEMENT_3D('',#5643,#2304,#2305);
#1934=AXIS2_PLACEMENT_3D('',#5646,#2306,#2307);
#1935=AXIS2_PLACEMENT_3D('',#5649,#2310,#2311);
#1936=AXIS2_PLACEMENT_3D('',#5653,#2314,#2315);
#1937=AXIS2_PLACEMENT_3D('',#5657,#2317,#2318);
#1938=AXIS2_PLACEMENT_3D('',#5664,#2323,#2324);
#1939=AXIS2_PLACEMENT_3D('',#5667,#2327,#2328);
#1940=AXIS2_PLACEMENT_3D('',#5668,#2329,#2330);
#1941=AXIS2_PLACEMENT_3D('',#5669,#2331,#2332);
#1942=AXIS2_PLACEMENT_3D('',#5672,#2335,#2336);
#1943=AXIS2_PLACEMENT_3D('',#5673,#2337,#2338);
#1944=AXIS2_PLACEMENT_3D('',#5674,#2339,#2340);
#1945=AXIS2_PLACEMENT_3D('',#5683,#2345,#2346);
#1946=AXIS2_PLACEMENT_3D('',#5685,#2347,#2348);
#1947=AXIS2_PLACEMENT_3D('',#5687,#2349,#2350);
#1948=AXIS2_PLACEMENT_3D('',#5689,#2352,#2353);
#1949=AXIS2_PLACEMENT_3D('',#5698,#2358,#2359);
#1950=AXIS2_PLACEMENT_3D('',#5700,#2360,#2361);
#1951=AXIS2_PLACEMENT_3D('',#5702,#2362,#2363);
#1952=AXIS2_PLACEMENT_3D('',#5704,#2365,#2366);
#1953=AXIS2_PLACEMENT_3D('',#5710,#2370,#2371);
#1954=AXIS2_PLACEMENT_3D('',#5716,#2375,#2376);
#1955=AXIS2_PLACEMENT_3D('',#5722,#2380,#2381);
#1956=AXIS2_PLACEMENT_3D('',#5725,#2383,#2384);
#1957=AXIS2_PLACEMENT_3D('',#5728,#2386,#2387);
#1958=AXIS2_PLACEMENT_3D('',#5729,#2388,#2389);
#1959=AXIS2_PLACEMENT_3D('',#5732,#2391,#2392);
#1960=AXIS2_PLACEMENT_3D('',#5733,#2393,#2394);
#1961=AXIS2_PLACEMENT_3D('',#5736,#2396,#2397);
#1962=AXIS2_PLACEMENT_3D('',#5737,#2398,#2399);
#1963=AXIS2_PLACEMENT_3D('',#5740,#2402,#2403);
#1964=AXIS2_PLACEMENT_3D('',#5741,#2404,#2405);
#1965=DIRECTION('axis',(0.,0.,1.));
#1966=DIRECTION('refdir',(1.,0.,0.));
#1967=DIRECTION('center_axis',(0.,0.,1.));
#1968=DIRECTION('ref_axis',(1.,0.,0.));
#1969=DIRECTION('',(0.,0.,-1.));
#1970=DIRECTION('center_axis',(0.,0.,-1.));
#1971=DIRECTION('ref_axis',(1.,0.,0.));
#1972=DIRECTION('center_axis',(0.,0.,1.));
#1973=DIRECTION('ref_axis',(1.,0.,0.));
#1974=DIRECTION('',(0.,0.,-1.));
#1975=DIRECTION('center_axis',(0.,0.,1.));
#1976=DIRECTION('ref_axis',(1.,0.,0.));
#1977=DIRECTION('',(0.,0.,-1.));
#1978=DIRECTION('center_axis',(0.,0.,1.));
#1979=DIRECTION('ref_axis',(1.,0.,0.));
#1980=DIRECTION('',(0.,0.,-1.));
#1981=DIRECTION('center_axis',(0.,0.,1.));
#1982=DIRECTION('ref_axis',(1.,0.,0.));
#1983=DIRECTION('',(0.,0.,-1.));
#1984=DIRECTION('center_axis',(0.,0.,1.));
#1985=DIRECTION('ref_axis',(1.,0.,0.));
#1986=DIRECTION('',(0.,0.,-1.));
#1987=DIRECTION('center_axis',(0.,0.,1.));
#1988=DIRECTION('ref_axis',(1.,0.,0.));
#1989=DIRECTION('',(0.,0.,-1.));
#1990=DIRECTION('center_axis',(0.,0.,1.));
#1991=DIRECTION('ref_axis',(1.,0.,0.));
#1992=DIRECTION('',(0.,0.,-1.));
#1993=DIRECTION('center_axis',(0.,0.,1.));
#1994=DIRECTION('ref_axis',(1.,2.04712204193103E-14,0.));
#1995=DIRECTION('',(0.,0.,1.));
#1996=DIRECTION('',(0.,0.,1.));
#1997=DIRECTION('center_axis',(0.,0.,1.));
#1998=DIRECTION('ref_axis',(1.,2.04712204193103E-14,0.));
#1999=DIRECTION('',(0.,0.,1.));
#2000=DIRECTION('center_axis',(0.,0.,1.));
#2001=DIRECTION('ref_axis',(1.,2.04712204193103E-14,0.));
#2002=DIRECTION('',(0.,0.,1.));
#2003=DIRECTION('center_axis',(0.,0.,1.));
#2004=DIRECTION('ref_axis',(1.,2.04712204193103E-14,0.));
#2005=DIRECTION('',(0.,0.,1.));
#2006=DIRECTION('center_axis',(0.,0.,1.));
#2007=DIRECTION('ref_axis',(1.,2.04712204193103E-14,0.));
#2008=DIRECTION('',(0.,0.,1.));
#2009=DIRECTION('center_axis',(0.,0.,1.));
#2010=DIRECTION('ref_axis',(1.,2.04712204193103E-14,0.));
#2011=DIRECTION('',(0.,0.,1.));
#2012=DIRECTION('center_axis',(0.,0.,1.));
#2013=DIRECTION('ref_axis',(1.,2.04712204193103E-14,0.));
#2014=DIRECTION('',(0.,0.,1.));
#2015=DIRECTION('center_axis',(0.,0.,1.));
#2016=DIRECTION('ref_axis',(1.,2.04712204193103E-14,0.));
#2017=DIRECTION('',(0.,0.,1.));
#2018=DIRECTION('center_axis',(0.707106781186547,-0.707106781186548,0.));
#2019=DIRECTION('ref_axis',(0.,0.,-1.));
#2020=DIRECTION('',(0.707106781186548,0.707106781186547,0.));
#2021=DIRECTION('',(0.,0.,1.));
#2022=DIRECTION('',(0.707106781186548,0.707106781186547,0.));
#2023=DIRECTION('',(0.,0.,-1.));
#2024=DIRECTION('center_axis',(1.,0.,0.));
#2025=DIRECTION('ref_axis',(0.,-1.,0.));
#2026=DIRECTION('',(0.,-1.,0.));
#2027=DIRECTION('',(0.,0.,-1.));
#2028=DIRECTION('',(0.,1.,0.));
#2029=DIRECTION('center_axis',(0.,0.,-1.));
#2030=DIRECTION('ref_axis',(-1.,0.,0.));
#2031=DIRECTION('',(-1.,0.,0.));
#2032=DIRECTION('',(0.,1.,0.));
#2033=DIRECTION('',(1.,0.,0.));
#2034=DIRECTION('',(-0.707106781186548,0.707106781186548,0.));
#2035=DIRECTION('center_axis',(0.707106781186548,0.707106781186548,0.));
#2036=DIRECTION('ref_axis',(0.,0.,-1.));
#2037=DIRECTION('',(0.,0.,1.));
#2038=DIRECTION('',(-0.707106781186548,0.707106781186548,0.));
#2039=DIRECTION('center_axis',(-0.707106781186548,-0.707106781186548,0.));
#2040=DIRECTION('ref_axis',(0.,0.,1.));
#2041=DIRECTION('',(0.707106781186548,-0.707106781186548,0.));
#2042=DIRECTION('',(0.,0.,1.));
#2043=DIRECTION('',(0.707106781186548,-0.707106781186548,0.));
#2044=DIRECTION('',(0.,0.,-1.));
#2045=DIRECTION('center_axis',(0.,-1.,0.));
#2046=DIRECTION('ref_axis',(-1.,0.,0.));
#2047=DIRECTION('',(-1.,0.,0.));
#2048=DIRECTION('',(0.,0.,-1.));
#2049=DIRECTION('',(1.,0.,0.));
#2050=DIRECTION('center_axis',(0.,0.,-1.));
#2051=DIRECTION('ref_axis',(-1.,0.,0.));
#2052=DIRECTION('',(0.,1.,0.));
#2053=DIRECTION('',(-0.707106781186548,-0.707106781186547,0.));
#2054=DIRECTION('',(1.,0.,0.));
#2055=DIRECTION('',(0.,-1.,0.));
#2056=DIRECTION('center_axis',(-0.707106781186547,0.707106781186548,0.));
#2057=DIRECTION('ref_axis',(0.,0.,1.));
#2058=DIRECTION('',(0.,0.,1.));
#2059=DIRECTION('',(-0.707106781186548,-0.707106781186547,0.));
#2060=DIRECTION('',(0.,0.,-1.));
#2061=DIRECTION('center_axis',(0.,1.,0.));
#2062=DIRECTION('ref_axis',(1.,0.,0.));
#2063=DIRECTION('',(-1.,0.,0.));
#2064=DIRECTION('',(0.,0.,-1.));
#2065=DIRECTION('center_axis',(1.,0.,0.));
#2066=DIRECTION('ref_axis',(0.,-1.,0.));
#2067=DIRECTION('',(0.,1.,0.));
#2068=DIRECTION('center_axis',(-1.,0.,0.));
#2069=DIRECTION('ref_axis',(0.,1.,0.));
#2070=DIRECTION('',(0.,-1.,0.));
#2071=DIRECTION('center_axis',(0.,-1.,0.));
#2072=DIRECTION('ref_axis',(-1.,0.,0.));
#2073=DIRECTION('',(1.,0.,0.));
#2074=DIRECTION('',(0.,0.,-1.));
#2075=DIRECTION('center_axis',(0.,1.,0.));
#2076=DIRECTION('ref_axis',(1.,0.,0.));
#2077=DIRECTION('',(0.,0.,-1.));
#2078=DIRECTION('',(-1.,0.,0.));
#2079=DIRECTION('center_axis',(-1.,0.,0.));
#2080=DIRECTION('ref_axis',(0.,1.,0.));
#2081=DIRECTION('',(0.,-1.,0.));
#2082=DIRECTION('',(0.,0.,1.));
#2083=DIRECTION('',(0.,0.,-1.));
#2084=DIRECTION('center_axis',(0.,0.,1.));
#2085=DIRECTION('ref_axis',(1.,0.,0.));
#2086=DIRECTION('center_axis',(0.,0.,-1.));
#2087=DIRECTION('ref_axis',(1.,0.,0.));
#2088=DIRECTION('center_axis',(0.,0.,-1.));
#2089=DIRECTION('ref_axis',(-1.,0.,0.));
#2090=DIRECTION('center_axis',(0.,0.,1.));
#2091=DIRECTION('ref_axis',(1.,6.12323399573677E-17,0.));
#2092=DIRECTION('center_axis',(-1.22464679914735E-16,-1.,0.));
#2093=DIRECTION('ref_axis',(1.,-1.22464679914735E-16,0.));
#2094=DIRECTION('center_axis',(0.,0.,-1.));
#2095=DIRECTION('ref_axis',(1.,0.,0.));
#2096=DIRECTION('center_axis',(0.,0.,1.));
#2097=DIRECTION('ref_axis',(1.,6.12323399573677E-17,0.));
#2098=DIRECTION('center_axis',(0.,0.,-1.));
#2099=DIRECTION('ref_axis',(1.,0.,0.));
#2100=DIRECTION('',(-0.0293990516018928,-3.60034544422258E-18,-0.999567754464353));
#2101=DIRECTION('center_axis',(0.,0.,-1.));
#2102=DIRECTION('ref_axis',(1.,0.,0.));
#2103=DIRECTION('center_axis',(0.,0.,1.));
#2104=DIRECTION('ref_axis',(1.,0.,0.));
#2105=DIRECTION('center_axis',(0.,0.,-1.));
#2106=DIRECTION('ref_axis',(1.,0.,0.));
#2107=DIRECTION('center_axis',(0.,0.,1.));
#2108=DIRECTION('ref_axis',(0.889028222900755,0.45785239858051,0.));
#2109=DIRECTION('center_axis',(0.,0.,-1.));
#2110=DIRECTION('ref_axis',(1.,2.04712204193103E-14,0.));
#2111=DIRECTION('center_axis',(0.,0.,1.));
#2112=DIRECTION('ref_axis',(1.,0.,0.));
#2113=DIRECTION('center_axis',(0.,0.,-1.));
#2114=DIRECTION('ref_axis',(1.,0.,0.));
#2115=DIRECTION('center_axis',(0.,0.,1.));
#2116=DIRECTION('ref_axis',(1.,0.,0.));
#2117=DIRECTION('center_axis',(0.,0.,1.));
#2118=DIRECTION('ref_axis',(1.,0.,0.));
#2119=DIRECTION('center_axis',(0.,0.,1.));
#2120=DIRECTION('ref_axis',(1.,0.,0.));
#2121=DIRECTION('',(0.,0.,-1.));
#2122=DIRECTION('center_axis',(0.,0.,1.));
#2123=DIRECTION('ref_axis',(1.,0.,0.));
#2124=DIRECTION('center_axis',(0.,0.,1.));
#2125=DIRECTION('ref_axis',(1.,0.,0.));
#2126=DIRECTION('center_axis',(0.,0.,1.));
#2127=DIRECTION('ref_axis',(1.,0.,0.));
#2128=DIRECTION('center_axis',(0.,0.,-1.));
#2129=DIRECTION('ref_axis',(1.,0.,0.));
#2130=DIRECTION('center_axis',(0.,0.,-1.));
#2131=DIRECTION('ref_axis',(1.,0.,0.));
#2132=DIRECTION('',(0.,0.,1.));
#2133=DIRECTION('center_axis',(0.,0.,1.));
#2134=DIRECTION('ref_axis',(1.,0.,0.));
#2135=DIRECTION('center_axis',(0.,0.,1.));
#2136=DIRECTION('ref_axis',(1.,0.,0.));
#2137=DIRECTION('center_axis',(0.,0.,1.));
#2138=DIRECTION('ref_axis',(1.,0.,0.));
#2139=DIRECTION('center_axis',(0.,0.,-1.));
#2140=DIRECTION('ref_axis',(-1.,0.,0.));
#2141=DIRECTION('center_axis',(0.,0.,1.));
#2142=DIRECTION('ref_axis',(1.,6.12323399573677E-17,0.));
#2143=DIRECTION('center_axis',(-1.22464679914735E-16,-1.,0.));
#2144=DIRECTION('ref_axis',(1.,-1.22464679914735E-16,0.));
#2145=DIRECTION('center_axis',(0.,0.,-1.));
#2146=DIRECTION('ref_axis',(1.,0.,0.));
#2147=DIRECTION('center_axis',(0.,0.,1.));
#2148=DIRECTION('ref_axis',(1.,6.12323399573677E-17,0.));
#2149=DIRECTION('center_axis',(0.,0.,-1.));
#2150=DIRECTION('ref_axis',(1.,0.,0.));
#2151=DIRECTION('',(-0.0333148302326385,-4.07989002085382E-18,-0.999444906979154));
#2152=DIRECTION('center_axis',(0.,0.,1.));
#2153=DIRECTION('ref_axis',(1.,0.,0.));
#2154=DIRECTION('center_axis',(0.,0.,1.));
#2155=DIRECTION('ref_axis',(1.,0.,0.));
#2156=DIRECTION('center_axis',(0.,0.,1.));
#2157=DIRECTION('ref_axis',(1.,0.,0.));
#2158=DIRECTION('',(0.,0.,-1.));
#2159=DIRECTION('center_axis',(0.,0.,1.));
#2160=DIRECTION('ref_axis',(0.998880050643252,-0.0473143152432044,0.));
#2161=DIRECTION('',(0.,0.,-1.));
#2162=DIRECTION('center_axis',(0.,0.,1.));
#2163=DIRECTION('ref_axis',(1.,0.,0.));
#2164=DIRECTION('center_axis',(0.,0.,1.));
#2165=DIRECTION('ref_axis',(-0.333561346882918,-0.942728395597403,0.));
#2166=DIRECTION('',(1.22464679914735E-16,5.99903913064743E-32,1.));
#2167=DIRECTION('center_axis',(0.,0.,-1.));
#2168=DIRECTION('ref_axis',(1.,3.67394039744206E-16,0.));
#2169=DIRECTION('center_axis',(0.,0.,1.));
#2170=DIRECTION('ref_axis',(-0.608393272914223,0.793635700729698,0.));
#2171=DIRECTION('',(1.22464679914735E-16,5.99903913064743E-32,1.));
#2172=DIRECTION('center_axis',(0.,0.,1.));
#2173=DIRECTION('ref_axis',(1.,3.67394039744206E-16,0.));
#2174=DIRECTION('center_axis',(0.,0.,1.));
#2175=DIRECTION('ref_axis',(1.,3.67394039744206E-16,0.));
#2176=DIRECTION('center_axis',(0.,0.,1.));
#2177=DIRECTION('ref_axis',(1.,0.,0.));
#2178=DIRECTION('center_axis',(0.,0.,1.));
#2179=DIRECTION('ref_axis',(1.,0.,0.));
#2180=DIRECTION('center_axis',(0.,0.,1.));
#2181=DIRECTION('ref_axis',(1.,0.,0.));
#2182=DIRECTION('center_axis',(0.,0.,-1.));
#2183=DIRECTION('ref_axis',(1.,0.,0.));
#2184=DIRECTION('',(-0.852322728648666,-1.04379430148013E-16,0.52301621985259));
#2185=DIRECTION('center_axis',(0.,0.,1.));
#2186=DIRECTION('ref_axis',(1.,0.,0.));
#2187=DIRECTION('center_axis',(0.,0.,1.));
#2188=DIRECTION('ref_axis',(1.,0.,0.));
#2189=DIRECTION('center_axis',(0.,0.,1.));
#2190=DIRECTION('ref_axis',(1.,0.,0.));
#2191=DIRECTION('center_axis',(0.,0.,1.));
#2192=DIRECTION('ref_axis',(1.,0.,0.));
#2193=DIRECTION('center_axis',(0.,0.,1.));
#2194=DIRECTION('ref_axis',(1.,0.,0.));
#2195=DIRECTION('center_axis',(0.,0.,1.));
#2196=DIRECTION('ref_axis',(1.,0.,0.));
#2197=DIRECTION('center_axis',(0.,0.,1.));
#2198=DIRECTION('ref_axis',(1.,0.,0.));
#2199=DIRECTION('',(0.,0.,1.));
#2200=DIRECTION('',(0.,0.,-1.));
#2201=DIRECTION('center_axis',(0.,0.,1.));
#2202=DIRECTION('ref_axis',(1.,0.,0.));
#2203=DIRECTION('center_axis',(0.,0.,1.));
#2204=DIRECTION('ref_axis',(1.,0.,0.));
#2205=DIRECTION('',(0.,0.,-1.));
#2206=DIRECTION('center_axis',(0.,0.,1.));
#2207=DIRECTION('ref_axis',(1.,0.,0.));
#2208=DIRECTION('',(0.,0.,1.));
#2209=DIRECTION('center_axis',(0.,0.,1.));
#2210=DIRECTION('ref_axis',(1.,0.,0.));
#2211=DIRECTION('',(0.,0.,-1.));
#2212=DIRECTION('center_axis',(0.,0.,1.));
#2213=DIRECTION('ref_axis',(1.,0.,0.));
#2214=DIRECTION('',(0.,0.,1.));
#2215=DIRECTION('center_axis',(0.,0.,1.));
#2216=DIRECTION('ref_axis',(1.,0.,0.));
#2217=DIRECTION('',(0.,0.,-1.));
#2218=DIRECTION('center_axis',(0.,0.,1.));
#2219=DIRECTION('ref_axis',(1.,0.,0.));
#2220=DIRECTION('',(0.,0.,1.));
#2221=DIRECTION('center_axis',(0.,0.,1.));
#2222=DIRECTION('ref_axis',(1.,0.,0.));
#2223=DIRECTION('',(0.,0.,-1.));
#2224=DIRECTION('center_axis',(0.,0.,1.));
#2225=DIRECTION('ref_axis',(1.,0.,0.));
#2226=DIRECTION('',(0.,0.,1.));
#2227=DIRECTION('center_axis',(0.,0.,-1.));
#2228=DIRECTION('ref_axis',(1.,0.,0.));
#2229=DIRECTION('',(0.852322728648666,1.04379430148013E-16,0.52301621985259));
#2230=DIRECTION('center_axis',(0.,0.,1.));
#2231=DIRECTION('ref_axis',(1.,0.,0.));
#2232=DIRECTION('center_axis',(0.,0.,1.));
#2233=DIRECTION('ref_axis',(1.,0.,0.));
#2234=DIRECTION('',(0.,0.,-1.));
#2235=DIRECTION('',(0.,0.,1.));
#2236=DIRECTION('center_axis',(0.,0.,1.));
#2237=DIRECTION('ref_axis',(1.,0.,0.));
#2238=DIRECTION('center_axis',(0.,0.,1.));
#2239=DIRECTION('ref_axis',(1.,0.,0.));
#2240=DIRECTION('center_axis',(-0.499999999999999,0.866025403784439,0.));
#2241=DIRECTION('ref_axis',(-0.866025403784439,-0.499999999999999,0.));
#2242=DIRECTION('center_axis',(0.5,0.866025403784438,0.));
#2243=DIRECTION('ref_axis',(-0.866025403784438,0.5,0.));
#2244=DIRECTION('center_axis',(1.,-4.1502791792451E-16,0.));
#2245=DIRECTION('ref_axis',(4.1502791792451E-16,1.,0.));
#2246=DIRECTION('center_axis',(0.5,-0.866025403784439,0.));
#2247=DIRECTION('ref_axis',(0.866025403784439,0.5,0.));
#2248=DIRECTION('center_axis',(-0.5,-0.866025403784439,0.));
#2249=DIRECTION('ref_axis',(0.866025403784439,-0.5,0.));
#2250=DIRECTION('center_axis',(-1.,4.1502791792451E-16,0.));
#2251=DIRECTION('ref_axis',(-4.1502791792451E-16,-1.,0.));
#2252=DIRECTION('center_axis',(0.,0.,1.));
#2253=DIRECTION('ref_axis',(1.,0.,0.));
#2254=DIRECTION('center_axis',(0.,0.,1.));
#2255=DIRECTION('ref_axis',(1.,0.,0.));
#2256=DIRECTION('center_axis',(0.,0.,-1.));
#2257=DIRECTION('ref_axis',(1.,0.,0.));
#2258=DIRECTION('',(0.,0.,-1.));
#2259=DIRECTION('center_axis',(0.,0.,-1.));
#2260=DIRECTION('ref_axis',(1.,0.,0.));
#2261=DIRECTION('center_axis',(0.,0.,1.));
#2262=DIRECTION('ref_axis',(1.,0.,0.));
#2263=DIRECTION('center_axis',(0.,0.,1.));
#2264=DIRECTION('ref_axis',(1.,0.,0.));
#2265=DIRECTION('',(0.,0.,-1.));
#2266=DIRECTION('center_axis',(0.,0.,1.));
#2267=DIRECTION('ref_axis',(1.,0.,0.));
#2268=DIRECTION('center_axis',(0.,0.,1.));
#2269=DIRECTION('ref_axis',(1.,0.,0.));
#2270=DIRECTION('center_axis',(0.,0.,1.));
#2271=DIRECTION('ref_axis',(1.,0.,0.));
#2272=DIRECTION('center_axis',(1.,0.,0.));
#2273=DIRECTION('ref_axis',(0.,-1.,0.));
#2274=DIRECTION('center_axis',(1.,0.,0.));
#2275=DIRECTION('ref_axis',(0.,-1.,0.));
#2276=DIRECTION('',(1.,0.,0.));
#2277=DIRECTION('center_axis',(-1.,0.,0.));
#2278=DIRECTION('ref_axis',(0.,-1.,0.));
#2279=DIRECTION('center_axis',(1.,0.,0.));
#2280=DIRECTION('ref_axis',(0.,0.707106781186555,-0.70710678118654));
#2281=DIRECTION('center_axis',(-1.,0.,0.));
#2282=DIRECTION('ref_axis',(0.,0.707106781186555,-0.70710678118654));
#2283=DIRECTION('',(-1.,0.,0.));
#2284=DIRECTION('center_axis',(1.,0.,0.));
#2285=DIRECTION('ref_axis',(0.,0.707106781186555,-0.70710678118654));
#2286=DIRECTION('',(1.,0.,0.));
#2287=DIRECTION('center_axis',(0.,0.,-1.));
#2288=DIRECTION('ref_axis',(-1.,0.,0.));
#2289=DIRECTION('',(0.,-1.,0.));
#2290=DIRECTION('',(-1.,0.,0.));
#2291=DIRECTION('',(0.,1.,0.));
#2292=DIRECTION('center_axis',(1.,0.,0.));
#2293=DIRECTION('ref_axis',(0.,-1.,0.));
#2294=DIRECTION('',(0.,0.,-1.));
#2295=DIRECTION('',(0.,1.,0.));
#2296=DIRECTION('',(0.,0.,-1.));
#2297=DIRECTION('center_axis',(-1.,0.,0.));
#2298=DIRECTION('ref_axis',(0.,-0.707106781186555,-0.70710678118654));
#2299=DIRECTION('',(0.,-1.,0.));
#2300=DIRECTION('',(0.,0.,-1.));
#2301=DIRECTION('center_axis',(-1.,0.,0.));
#2302=DIRECTION('ref_axis',(0.,-0.707106781186548,-0.707106781186547));
#2303=DIRECTION('',(0.,0.,-1.));
#2304=DIRECTION('center_axis',(-1.,0.,0.));
#2305=DIRECTION('ref_axis',(0.,-0.707106781186555,-0.70710678118654));
#2306=DIRECTION('center_axis',(1.,0.,0.));
#2307=DIRECTION('ref_axis',(0.,-0.707106781186555,-0.70710678118654));
#2308=DIRECTION('',(1.,0.,0.));
#2309=DIRECTION('',(-1.,0.,0.));
#2310=DIRECTION('center_axis',(0.,0.,-1.));
#2311=DIRECTION('ref_axis',(-1.,0.,0.));
#2312=DIRECTION('',(0.,1.,0.));
#2313=DIRECTION('',(1.,0.,0.));
#2314=DIRECTION('center_axis',(-1.,0.,0.));
#2315=DIRECTION('ref_axis',(0.,1.,0.));
#2316=DIRECTION('',(0.,0.,-1.));
#2317=DIRECTION('center_axis',(1.,0.,0.));
#2318=DIRECTION('ref_axis',(0.,0.707106781186548,-0.707106781186547));
#2319=DIRECTION('',(0.,0.,-1.));
#2320=DIRECTION('',(0.,0.,-1.));
#2321=DIRECTION('',(0.,-1.,0.));
#2322=DIRECTION('',(0.,0.,-1.));
#2323=DIRECTION('center_axis',(1.,0.,0.));
#2324=DIRECTION('ref_axis',(0.,0.707106781186548,-0.707106781186547));
#2325=DIRECTION('',(-1.,0.,0.));
#2326=DIRECTION('',(1.,0.,0.));
#2327=DIRECTION('center_axis',(0.,-1.,0.));
#2328=DIRECTION('ref_axis',(-1.,0.,0.));
#2329=DIRECTION('center_axis',(0.,1.,0.));
#2330=DIRECTION('ref_axis',(1.,0.,0.));
#2331=DIRECTION('center_axis',(0.,0.,-1.));
#2332=DIRECTION('ref_axis',(-1.,0.,0.));
#2333=DIRECTION('',(1.,0.,0.));
#2334=DIRECTION('',(-1.,0.,0.));
#2335=DIRECTION('center_axis',(0.,1.,0.));
#2336=DIRECTION('ref_axis',(1.,0.,0.));
#2337=DIRECTION('center_axis',(0.,-1.,0.));
#2338=DIRECTION('ref_axis',(-1.,0.,0.));
#2339=DIRECTION('center_axis',(0.,0.,-1.));
#2340=DIRECTION('ref_axis',(-1.,0.,0.));
#2341=DIRECTION('',(1.,0.,0.));
#2342=DIRECTION('',(0.,1.,0.));
#2343=DIRECTION('',(-1.,0.,0.));
#2344=DIRECTION('',(0.,-1.,0.));
#2345=DIRECTION('center_axis',(1.,0.,0.));
#2346=DIRECTION('ref_axis',(0.,0.707106781186555,-0.70710678118654));
#2347=DIRECTION('center_axis',(-1.,0.,0.));
#2348=DIRECTION('ref_axis',(0.,0.707106781186555,-0.70710678118654));
#2349=DIRECTION('center_axis',(1.,0.,0.));
#2350=DIRECTION('ref_axis',(0.,0.707106781186555,-0.70710678118654));
#2351=DIRECTION('',(1.,0.,0.));
#2352=DIRECTION('center_axis',(0.,0.,-1.));
#2353=DIRECTION('ref_axis',(-1.,0.,0.));
#2354=DIRECTION('',(-1.,0.,0.));
#2355=DIRECTION('',(0.,-1.,0.));
#2356=DIRECTION('',(1.,0.,0.));
#2357=DIRECTION('',(0.,1.,0.));
#2358=DIRECTION('center_axis',(-1.,0.,0.));
#2359=DIRECTION('ref_axis',(0.,-0.707106781186555,-0.70710678118654));
#2360=DIRECTION('center_axis',(1.,0.,0.));
#2361=DIRECTION('ref_axis',(0.,-0.707106781186555,-0.70710678118654));
#2362=DIRECTION('center_axis',(-1.,0.,0.));
#2363=DIRECTION('ref_axis',(0.,-0.707106781186555,-0.70710678118654));
#2364=DIRECTION('',(-1.,0.,0.));
#2365=DIRECTION('center_axis',(0.,-1.,0.));
#2366=DIRECTION('ref_axis',(-1.,0.,0.));
#2367=DIRECTION('',(0.,0.,-1.));
#2368=DIRECTION('',(1.,0.,0.));
#2369=DIRECTION('',(0.,0.,-1.));
#2370=DIRECTION('center_axis',(0.,1.,0.));
#2371=DIRECTION('ref_axis',(1.,0.,0.));
#2372=DIRECTION('',(0.,0.,-1.));
#2373=DIRECTION('',(-1.,0.,0.));
#2374=DIRECTION('',(0.,0.,-1.));
#2375=DIRECTION('center_axis',(0.,-1.,0.));
#2376=DIRECTION('ref_axis',(-1.,0.,0.));
#2377=DIRECTION('',(0.,0.,-1.));
#2378=DIRECTION('',(-1.,0.,0.));
#2379=DIRECTION('',(0.,0.,-1.));
#2380=DIRECTION('center_axis',(-1.,0.,0.));
#2381=DIRECTION('ref_axis',(0.,1.,0.));
#2382=DIRECTION('',(0.,0.,-1.));
#2383=DIRECTION('center_axis',(1.,0.,0.));
#2384=DIRECTION('ref_axis',(0.,0.707106781186548,-0.707106781186547));
#2385=DIRECTION('',(0.,-1.,0.));
#2386=DIRECTION('center_axis',(1.,0.,0.));
#2387=DIRECTION('ref_axis',(0.,-1.,0.));
#2388=DIRECTION('center_axis',(1.,0.,0.));
#2389=DIRECTION('ref_axis',(0.,-1.,0.));
#2390=DIRECTION('',(1.,0.,0.));
#2391=DIRECTION('center_axis',(-1.,0.,0.));
#2392=DIRECTION('ref_axis',(0.,-1.,0.));
#2393=DIRECTION('center_axis',(-1.,0.,0.));
#2394=DIRECTION('ref_axis',(0.,-0.707106781186548,-0.707106781186547));
#2395=DIRECTION('',(1.,0.,0.));
#2396=DIRECTION('center_axis',(-1.,0.,0.));
#2397=DIRECTION('ref_axis',(0.,-0.707106781186548,-0.707106781186547));
#2398=DIRECTION('center_axis',(1.,0.,0.));
#2399=DIRECTION('ref_axis',(0.,-1.,0.));
#2400=DIRECTION('',(0.,0.,-1.));
#2401=DIRECTION('',(0.,1.,0.));
#2402=DIRECTION('center_axis',(0.,1.,0.));
#2403=DIRECTION('ref_axis',(1.,0.,0.));
#2404=DIRECTION('center_axis',(0.,0.,-1.));
#2405=DIRECTION('ref_axis',(-1.,0.,0.));
#2406=CARTESIAN_POINT('',(0.,0.,0.));
#2407=CARTESIAN_POINT('Origin',(0.,0.,0.));
#2408=CARTESIAN_POINT('',(-5.93305051038371,0.000152235148233593,0.402142796092805));
#2409=CARTESIAN_POINT('',(-5.93295293553909,9.84769790580794E-5,0.222857203907194));
#2410=CARTESIAN_POINT('',(-5.933,-7.26582945934125E-16,0.));
#2411=CARTESIAN_POINT('',(2.58382255839975,5.34081922430488,0.));
#2412=CARTESIAN_POINT('Ctrl Pts',(-5.93305051038371,0.000152235148233593,
0.402142796092805));
#2413=CARTESIAN_POINT('Ctrl Pts',(-5.933268029344,0.211483574870285,0.395056179307414));
#2414=CARTESIAN_POINT('Ctrl Pts',(-5.92219538981104,0.422792165230612,0.387969562522023));
#2415=CARTESIAN_POINT('Ctrl Pts',(-5.89965972348722,0.632870982474848,0.380882945736633));
#2416=CARTESIAN_POINT('Ctrl Pts',(-5.79459058691011,1.61233170148915,0.347842666554519));
#2417=CARTESIAN_POINT('Ctrl Pts',(-5.44034394875973,2.56506023203699,0.314802387372405));
#2418=CARTESIAN_POINT('Ctrl Pts',(-4.87998689263464,3.37523713832951,0.281762108190291));
#2419=CARTESIAN_POINT('Ctrl Pts',(-4.31962983650954,4.18541404462204,0.248721829008177));
#2420=CARTESIAN_POINT('Ctrl Pts',(-3.55316236240973,4.85303932665925,0.215681549826063));
#2421=CARTESIAN_POINT('Ctrl Pts',(-2.67376563058785,5.29693494998138,0.18264127064395));
#2422=CARTESIAN_POINT('Ctrl Pts',(-1.79436889876597,5.7408305733035,0.149600991461836));
#2423=CARTESIAN_POINT('Ctrl Pts',(-0.802042909222021,5.96099653791056,0.116560712279723));
#2424=CARTESIAN_POINT('Ctrl Pts',(0.182571282682292,5.9306918055798,0.0835204330976091));
#2425=CARTESIAN_POINT('Ctrl Pts',(1.01221927373618,5.9051566665331,0.0556802887317395));
#2426=CARTESIAN_POINT('Ctrl Pts',(1.83639192375962,5.70178847896082,0.0278401443658699));
#2427=CARTESIAN_POINT('Ctrl Pts',(2.58403928942733,5.34097883428046,3.21232709247929E-16));
#2428=CARTESIAN_POINT('',(-2.58382255839975,5.34081922430488,0.));
#2429=CARTESIAN_POINT('Origin',(0.,0.,0.));
#2430=CARTESIAN_POINT('Ctrl Pts',(-2.58382255839975,5.34081922430488,2.77555756156289E-16));
#2431=CARTESIAN_POINT('Ctrl Pts',(-3.47081811030212,4.91170170132715,0.0330402791821138));
#2432=CARTESIAN_POINT('Ctrl Pts',(-4.24840870577094,4.25757909849208,0.0660805583642272));
#2433=CARTESIAN_POINT('Ctrl Pts',(-4.82234738942978,3.45711474257983,0.0991208375463407));
#2434=CARTESIAN_POINT('Ctrl Pts',(-5.39628607308861,2.65665038666758,0.132161116728454));
#2435=CARTESIAN_POINT('Ctrl Pts',(-5.76657284493746,1.70984427767814,0.165201395910568));
#2436=CARTESIAN_POINT('Ctrl Pts',(-5.88815221271001,0.732246539732647,0.198241675092682));
#2437=CARTESIAN_POINT('Ctrl Pts',(-5.91834506120421,0.48947129808733,0.206446851364186));
#2438=CARTESIAN_POINT('Ctrl Pts',(-5.93319961320076,0.244797073432932,0.21465202763569));
#2439=CARTESIAN_POINT('Ctrl Pts',(-5.93295293553909,9.84769790580794E-5,
0.222857203907194));
#2440=CARTESIAN_POINT('Origin',(0.,0.,0.));
#2441=CARTESIAN_POINT('',(-5.93317356909928,-0.000140234348853241,1.65214279609281));
#2442=CARTESIAN_POINT('',(-5.93327272833502,-0.000123582643812026,1.47285720390719));
#2443=CARTESIAN_POINT('',(-5.933,-7.26582945934125E-16,0.));
#2444=CARTESIAN_POINT('Ctrl Pts',(-5.93317356909928,-0.000140234348853241,
1.65214279609281));
#2445=CARTESIAN_POINT('Ctrl Pts',(-5.93235897477006,0.813032896604783,1.62487286282611));
#2446=CARTESIAN_POINT('Ctrl Pts',(-5.76384714701681,1.62653319818307,1.59760292955942));
#2447=CARTESIAN_POINT('Ctrl Pts',(-5.43885143334224,2.37179345609991,1.57033299629272));
#2448=CARTESIAN_POINT('Ctrl Pts',(-5.0450862925264,3.27475155079319,1.53729271711061));
#2449=CARTESIAN_POINT('Ctrl Pts',(-4.42160639828133,4.07753482741243,1.5042524379285));
#2450=CARTESIAN_POINT('Ctrl Pts',(-3.64421003483096,4.68254656445068,1.47121215874638));
#2451=CARTESIAN_POINT('Ctrl Pts',(-2.86681367138058,5.28755830148894,1.43817187956427));
#2452=CARTESIAN_POINT('Ctrl Pts',(-1.93550083872489,5.69479849894621,1.40513160038216));
#2453=CARTESIAN_POINT('Ctrl Pts',(-0.963493976357514,5.85475776442393,1.37209132120004));
#2454=CARTESIAN_POINT('Ctrl Pts',(0.00851288600985128,6.01471702990165,
1.33905104201793));
#2455=CARTESIAN_POINT('Ctrl Pts',(1.0212137780889,5.92739536339981,1.30601076283581));
#2456=CARTESIAN_POINT('Ctrl Pts',(1.95149167416442,5.60340872465983,1.2729704836537));
#2457=CARTESIAN_POINT('Ctrl Pts',(2.88176957023994,5.27942208591985,1.23993020447159));
#2458=CARTESIAN_POINT('Ctrl Pts',(3.72962447031195,4.71877047494172,1.20688992528947));
#2459=CARTESIAN_POINT('Ctrl Pts',(4.39198016165331,3.989613941117,1.17384964610736));
#2460=CARTESIAN_POINT('Ctrl Pts',(5.05433585299466,3.26045740729228,1.14080936692525));
#2461=CARTESIAN_POINT('Ctrl Pts',(5.53119233560538,2.36279595062095,1.10776908774313));
#2462=CARTESIAN_POINT('Ctrl Pts',(5.76457676336837,1.40576094456078,1.07472880856102));
#2463=CARTESIAN_POINT('Ctrl Pts',(5.99796119113137,0.448725938500619,1.04168852937891));
#2464=CARTESIAN_POINT('Ctrl Pts',(5.98787356404665,-0.567682616948386,1.00864825019679));
#2465=CARTESIAN_POINT('Ctrl Pts',(5.73554026713,-1.51989700461356,0.975607971014678));
#2466=CARTESIAN_POINT('Ctrl Pts',(5.48320697021335,-2.47211139227874,0.942567691832564));
#2467=CARTESIAN_POINT('Ctrl Pts',(4.98862800346476,-3.36013161216008,0.90952741265045));
#2468=CARTESIAN_POINT('Ctrl Pts',(4.3119307812738,-4.07599831789979,0.876487133468337));
#2469=CARTESIAN_POINT('Ctrl Pts',(3.63523355908283,-4.7918650236395,0.843446854286223));
#2470=CARTESIAN_POINT('Ctrl Pts',(2.77641808144948,-5.33557821523758,0.81040657510411));
#2471=CARTESIAN_POINT('Ctrl Pts',(1.83989308108789,-5.64103731002189,0.777366295921996));
#2472=CARTESIAN_POINT('Ctrl Pts',(0.9033680807263,-5.9464964048062,0.744326016739883));
#2473=CARTESIAN_POINT('Ctrl Pts',(-0.110866442363531,-6.01370140277674,
0.711285737557769));
#2474=CARTESIAN_POINT('Ctrl Pts',(-1.07950703372279,-5.83448154677335,0.678245458375655));
#2475=CARTESIAN_POINT('Ctrl Pts',(-2.04814762508205,-5.65526169076996,0.645205179193542));
#2476=CARTESIAN_POINT('Ctrl Pts',(-2.97119428471073,-5.22961698079262,0.612164900011428));
#2477=CARTESIAN_POINT('Ctrl Pts',(-3.73642947881384,-4.6092951725849,0.579124620829315));
#2478=CARTESIAN_POINT('Ctrl Pts',(-4.50166467291696,-3.98897336437718,0.546084341647201));
#2479=CARTESIAN_POINT('Ctrl Pts',(-5.10908840149451,-3.17397445793907,0.513044062465086));
#2480=CARTESIAN_POINT('Ctrl Pts',(-5.48485444828135,-2.26337855097964,0.480003783282973));
#2481=CARTESIAN_POINT('Ctrl Pts',(-5.78002462722271,-1.54809104935779,0.45405012088625));
#2482=CARTESIAN_POINT('Ctrl Pts',(-5.93225388008308,-0.773816840800703,
0.428096458489528));
#2483=CARTESIAN_POINT('Ctrl Pts',(-5.93305051038371,0.000152235148233593,
0.402142796092805));
#2484=CARTESIAN_POINT('Ctrl Pts',(-5.93295293553909,9.84769790580794E-5,
0.222857203907194));
#2485=CARTESIAN_POINT('Ctrl Pts',(-5.93220630135226,-0.740545553560432,
0.247692306817804));
#2486=CARTESIAN_POINT('Ctrl Pts',(-5.79311309297809,-1.48141286094827,0.272527409728413));
#2487=CARTESIAN_POINT('Ctrl Pts',(-5.52224693586635,-2.17052235839634,0.297362512639023));
#2488=CARTESIAN_POINT('Ctrl Pts',(-5.16189032755389,-3.08730415167829,0.330402791821137));
#2489=CARTESIAN_POINT('Ctrl Pts',(-4.56830514723272,-3.91247837134063,0.36344307100325));
#2490=CARTESIAN_POINT('Ctrl Pts',(-3.81364299715725,-4.54563020122388,0.396483350185364));
#2491=CARTESIAN_POINT('Ctrl Pts',(-3.05898084708178,-5.17878203110713,0.429523629367478));
#2492=CARTESIAN_POINT('Ctrl Pts',(-2.14324172725202,-5.61991147121127,0.462563908549591));
#2493=CARTESIAN_POINT('Ctrl Pts',(-1.17776103902961,-5.81543784243167,0.495604187731705));
#2494=CARTESIAN_POINT('Ctrl Pts',(-0.212280350807208,-6.01096421365208,
0.528644466913819));
#2495=CARTESIAN_POINT('Ctrl Pts',(0.802941905807838,-5.96088751598874,0.561684746095932));
#2496=CARTESIAN_POINT('Ctrl Pts',(1.74448539663133,-5.67127086935286,0.594725025278046));
#2497=CARTESIAN_POINT('Ctrl Pts',(2.68602888745482,-5.38165422271698,0.62776530446016));
#2498=CARTESIAN_POINT('Ctrl Pts',(3.55389361248676,-4.85249762710857,0.660805583642274));
#2499=CARTESIAN_POINT('Ctrl Pts',(4.24256906041824,-4.14814489156151,0.693845862824388));
#2500=CARTESIAN_POINT('Ctrl Pts',(4.9312445083497,-3.44379215601446,0.726886142006501));
#2501=CARTESIAN_POINT('Ctrl Pts',(5.44073067918071,-2.56424328052876,0.759926421188614));
#2502=CARTESIAN_POINT('Ctrl Pts',(5.7090886806429,-1.61642113180451,0.792966700370728));
#2503=CARTESIAN_POINT('Ctrl Pts',(5.97744668210508,-0.668598983080254,0.826006979552841));
#2504=CARTESIAN_POINT('Ctrl Pts',(6.00467651419844,0.34749643888256,0.859047258734955));
#2505=CARTESIAN_POINT('Ctrl Pts',(5.78746733745005,1.30833211917399,0.892087537917069));
#2506=CARTESIAN_POINT('Ctrl Pts',(5.57025816070166,2.26916779946541,0.925127817099183));
#2507=CARTESIAN_POINT('Ctrl Pts',(5.10860997511153,3.17474373808544,0.958168096281296));
#2508=CARTESIAN_POINT('Ctrl Pts',(4.45864692699571,3.91496809341898,0.99120837546341));
#2509=CARTESIAN_POINT('Ctrl Pts',(3.80868387887989,4.65519244875252,1.02424865464552));
#2510=CARTESIAN_POINT('Ctrl Pts',(2.97040596823838,5.23006522079957,1.05728893382764));
#2511=CARTESIAN_POINT('Ctrl Pts',(2.04572499394154,5.5696965743107,1.09032921300975));
#2512=CARTESIAN_POINT('Ctrl Pts',(1.1210440196447,5.90932792782184,1.12336949219186));
#2513=CARTESIAN_POINT('Ctrl Pts',(0.109959981692533,6.01371786279707,1.15640977137398));
#2514=CARTESIAN_POINT('Ctrl Pts',(-0.864606603193708,5.87017582791438,1.18945005055609));
#2515=CARTESIAN_POINT('Ctrl Pts',(-1.83917318807994,5.72663379303169,1.22249032973821));
#2516=CARTESIAN_POINT('Ctrl Pts',(-2.77722231990024,5.33515978829107,1.25553060892032));
#2517=CARTESIAN_POINT('Ctrl Pts',(-3.56471263641957,4.74334623494673,1.28857088810243));
#2518=CARTESIAN_POINT('Ctrl Pts',(-4.3522029529389,4.15153268160238,1.32161116728455));
#2519=CARTESIAN_POINT('Ctrl Pts',(-4.98913445415727,3.3593795796543,1.35465144646666));
#2520=CARTESIAN_POINT('Ctrl Pts',(-5.3980734896517,2.4631914257977,1.38769172564877));
#2521=CARTESIAN_POINT('Ctrl Pts',(-5.7494374348982,1.69317883690039,1.41608021840158));
#2522=CARTESIAN_POINT('Ctrl Pts',(-5.93248834617531,0.846363467831,1.44446871115439));
#2523=CARTESIAN_POINT('Ctrl Pts',(-5.93327272833502,-0.000123582643812026,
1.47285720390719));
#2524=CARTESIAN_POINT('Origin',(0.,0.,0.));
#2525=CARTESIAN_POINT('',(-5.93252781621475,5.69993907351129E-5,2.9021427960928));
#2526=CARTESIAN_POINT('',(-5.93250215905551,2.72370569847511E-5,2.72285720390719));
#2527=CARTESIAN_POINT('',(-5.933,-7.26582945934125E-16,0.));
#2528=CARTESIAN_POINT('Ctrl Pts',(-5.93252781621475,5.69993907351129E-5,
2.9021427960928));
#2529=CARTESIAN_POINT('Ctrl Pts',(-5.93267288003911,0.429977574077764,2.88772982552692));
#2530=CARTESIAN_POINT('Ctrl Pts',(-5.88657735450351,0.859867506108763,2.87331685496104));
#2531=CARTESIAN_POINT('Ctrl Pts',(-5.79391534782786,1.27947413152619,2.85890388439516));
#2532=CARTESIAN_POINT('Ctrl Pts',(-5.58149705722332,2.24137993623752,2.82586360521304));
#2533=CARTESIAN_POINT('Ctrl Pts',(-5.12436757131437,3.14924600697111,2.79282332603093));
#2534=CARTESIAN_POINT('Ctrl Pts',(-4.47810146592878,3.8927003958547,2.75978304684882));
#2535=CARTESIAN_POINT('Ctrl Pts',(-3.83183536054317,4.6361547847383,2.7267427676667));
#2536=CARTESIAN_POINT('Ctrl Pts',(-2.99643263568091,5.2151974917719,2.69370248848459));
#2537=CARTESIAN_POINT('Ctrl Pts',(-2.07345565717212,5.55943259234063,2.66066220930247));
#2538=CARTESIAN_POINT('Ctrl Pts',(-1.15047867866335,5.90366769290936,2.62762193012036));
#2539=CARTESIAN_POINT('Ctrl Pts',(-0.139927446508054,6.01309518701323,2.59458165093825));
#2540=CARTESIAN_POINT('Ctrl Pts',(0.835342354393927,5.87441165241246,2.56154137175613));
#2541=CARTESIAN_POINT('Ctrl Pts',(1.81061215529591,5.73572811781169,2.52850109257402));
#2542=CARTESIAN_POINT('Ctrl Pts',(2.75060052494459,5.34893355450626,2.49546081339191));
#2543=CARTESIAN_POINT('Ctrl Pts',(3.5410303131306,4.76105171496012,2.46242053420979));
#2544=CARTESIAN_POINT('Ctrl Pts',(4.33146010131662,4.17316987541398,2.42938025502768));
#2545=CARTESIAN_POINT('Ctrl Pts',(4.97233130803997,3.38420075962714,2.39633997584556));
#2546=CARTESIAN_POINT('Ctrl Pts',(5.38573133616645,2.49006166302768,2.36329969666345));
#2547=CARTESIAN_POINT('Ctrl Pts',(5.79913136429295,1.5959225664282,2.33025941748134));
#2548=CARTESIAN_POINT('Ctrl Pts',(5.98506021382256,0.596613489016113,2.29721913829923));
#2549=CARTESIAN_POINT('Ctrl Pts',(5.9209139677789,-0.386376626109614,2.26417885911711));
#2550=CARTESIAN_POINT('Ctrl Pts',(5.85676772173523,-1.36936674123533,2.231138579935));
#2551=CARTESIAN_POINT('Ctrl Pts',(5.54254638011831,-2.33603789407468,2.19809830075288));
#2552=CARTESIAN_POINT('Ctrl Pts',(5.01645075542229,-3.168869030022,2.16505802157077));
#2553=CARTESIAN_POINT('Ctrl Pts',(4.49035513072627,-4.00170016596932,2.13201774238866));
#2554=CARTESIAN_POINT('Ctrl Pts',(3.75238522295116,-4.70069128502461,2.09897746320654));
#2555=CARTESIAN_POINT('Ctrl Pts',(2.89225820384319,-5.18086398136798,2.06593718402443));
#2556=CARTESIAN_POINT('Ctrl Pts',(2.03213118473522,-5.66103667771134,2.03289690484232));
#2557=CARTESIAN_POINT('Ctrl Pts',(1.0498470542944,-5.92239095134279,1.9998566256602));
#2558=CARTESIAN_POINT('Ctrl Pts',(0.0648249827465757,-5.9331531947562,1.96681634647809));
#2559=CARTESIAN_POINT('Ctrl Pts',(-0.920197088801237,-5.94391543816961,
1.93377606729597));
#2560=CARTESIAN_POINT('Ctrl Pts',(-1.90795710145604,-5.70408565136499,1.90073578811386));
#2561=CARTESIAN_POINT('Ctrl Pts',(-2.77837016589802,-5.24282064662111,1.86769550893175));
#2562=CARTESIAN_POINT('Ctrl Pts',(-3.64878323034,-4.78155564187723,1.83465522974963));
#2563=CARTESIAN_POINT('Ctrl Pts',(-4.40184934656915,-4.09885541919408,1.80161495056752));
#2564=CARTESIAN_POINT('Ctrl Pts',(-4.94601605237256,-3.27771785245535,1.76857467138541));
#2565=CARTESIAN_POINT('Ctrl Pts',(-5.49018275817597,-2.45658028571662,1.73553439220329));
#2566=CARTESIAN_POINT('Ctrl Pts',(-5.82545005355364,-1.49700537492231,1.70249411302118));
#2567=CARTESIAN_POINT('Ctrl Pts',(-5.91105850754917,-0.51565146314149,1.66945383383906));
#2568=CARTESIAN_POINT('Ctrl Pts',(-5.92600966429078,-0.344262126350071,
1.66368348792365));
#2569=CARTESIAN_POINT('Ctrl Pts',(-5.93334593809682,-0.172208504881019,
1.65791314200823));
#2570=CARTESIAN_POINT('Ctrl Pts',(-5.93317356909928,-0.000140234348853241,
1.65214279609281));
#2571=CARTESIAN_POINT('Ctrl Pts',(-5.93327272833502,-0.000123582643812026,
1.47285720390719));
#2572=CARTESIAN_POINT('Ctrl Pts',(-5.93340125852216,-0.1388303822006,1.4775089903365));
#2573=CARTESIAN_POINT('Ctrl Pts',(-5.92863581323678,-0.277528366188469,
1.48216077676581));
#2574=CARTESIAN_POINT('Ctrl Pts',(-5.9189149999811,-0.415878173697504,1.48681256319511));
#2575=CARTESIAN_POINT('Ctrl Pts',(-5.84987090504558,-1.39853641357098,1.51985284237723));
#2576=CARTESIAN_POINT('Ctrl Pts',(-5.53083614540407,-2.36362968755283,1.55289312155934));
#2577=CARTESIAN_POINT('Ctrl Pts',(-5.0005967110569,-3.19382873849261,1.58593340074146));
#2578=CARTESIAN_POINT('Ctrl Pts',(-4.47035727670974,-4.02402778943239,1.61897367992357));
#2579=CARTESIAN_POINT('Ctrl Pts',(-3.72891316765693,-4.71933261733012,1.65201395910568));
#2580=CARTESIAN_POINT('Ctrl Pts',(-2.86640392649093,-5.19521298492344,1.6850542382878));
#2581=CARTESIAN_POINT('Ctrl Pts',(-2.00389468532491,-5.67109335251676,1.71809451746991));
#2582=CARTESIAN_POINT('Ctrl Pts',(-1.0203203120457,-5.92754925980567,1.75113479665203));
#2583=CARTESIAN_POINT('Ctrl Pts',(-0.0352568344815598,-5.93340260021854,
1.78417507583414));
#2584=CARTESIAN_POINT('Ctrl Pts',(0.949806643082568,-5.9392559406314,1.81721535501625));
#2585=CARTESIAN_POINT('Ctrl Pts',(1.93635922493163,-5.69450671416823,1.85025563419836));
#2586=CARTESIAN_POINT('Ctrl Pts',(2.80446281213751,-5.22890980797377,1.88329591338048));
#2587=CARTESIAN_POINT('Ctrl Pts',(3.67256639934338,-4.76331290177931,1.91633619256259));
#2588=CARTESIAN_POINT('Ctrl Pts',(4.42222099190608,-4.07686831585355,1.94937647174471));
#2589=CARTESIAN_POINT('Ctrl Pts',(4.96228887685181,-3.2530291350213,1.98241675092682));
#2590=CARTESIAN_POINT('Ctrl Pts',(5.50235676179755,-2.42918995418904,2.01545703010893));
#2591=CARTESIAN_POINT('Ctrl Pts',(5.83283793912631,-1.46795617845029,2.04849730929105));
#2592=CARTESIAN_POINT('Ctrl Pts',(5.91355484016941,-0.486187825543604,2.08153758847316));
#2593=CARTESIAN_POINT('Ctrl Pts',(5.99427174121251,0.495580527363079,2.11457786765527));
#2594=CARTESIAN_POINT('Ctrl Pts',(5.82522436596996,1.49788345743769,2.14761814683739));
#2595=CARTESIAN_POINT('Ctrl Pts',(5.42696430101597,2.39886805064858,2.1806584260195));
#2596=CARTESIAN_POINT('Ctrl Pts',(5.028704236062,3.29985264385947,2.21369870520162));
#2597=CARTESIAN_POINT('Ctrl Pts',(4.40123148139659,4.09951890020665,2.24673898438373));
#2598=CARTESIAN_POINT('Ctrl Pts',(3.62082974490324,4.70064904115301,2.27977926356584));
#2599=CARTESIAN_POINT('Ctrl Pts',(2.84042800840989,5.30177918209938,2.31281954274795));
#2600=CARTESIAN_POINT('Ctrl Pts',(1.90709729008858,5.70437320764492,2.34585982193007));
#2601=CARTESIAN_POINT('Ctrl Pts',(0.934305349917222,5.85948657838214,2.37890010111218));
#2602=CARTESIAN_POINT('Ctrl Pts',(-0.0384865902541219,6.01459994911936,
2.4119403802943));
#2603=CARTESIAN_POINT('Ctrl Pts',(-1.05073975227552,5.92223266504827,2.44498065947641));
#2604=CARTESIAN_POINT('Ctrl Pts',(-1.97939154263771,5.5936140884363,2.47802093865853));
#2605=CARTESIAN_POINT('Ctrl Pts',(-2.9080433329999,5.26499551182432,2.51106121784064));
#2606=CARTESIAN_POINT('Ctrl Pts',(-3.7530937517029,4.70012564267148,2.54410149702275));
#2607=CARTESIAN_POINT('Ctrl Pts',(-4.41180753440191,3.96767737205171,2.57714177620487));
#2608=CARTESIAN_POINT('Ctrl Pts',(-5.07052131710094,3.23522910143194,2.61018205538698));
#2609=CARTESIAN_POINT('Ctrl Pts',(-5.54289846379599,2.33520242934522,2.64322233456909));
#2610=CARTESIAN_POINT('Ctrl Pts',(-5.7715106957029,1.37701624489927,2.67626261375121));
#2611=CARTESIAN_POINT('Ctrl Pts',(-5.87897642656264,0.926593370531267,2.6917941438032));
#2612=CARTESIAN_POINT('Ctrl Pts',(-5.93257646293869,0.463318759370949,2.7073256738552));
#2613=CARTESIAN_POINT('Ctrl Pts',(-5.93250215905551,2.72370569847511E-5,
2.72285720390719));
#2614=CARTESIAN_POINT('Origin',(0.,0.,0.));
#2615=CARTESIAN_POINT('',(-5.93347522858034,4.80860385622742E-5,4.15214279609281));
#2616=CARTESIAN_POINT('',(-5.93341894200247,7.95342305746327E-5,3.97285720390719));
#2617=CARTESIAN_POINT('',(-5.933,-7.26582945934125E-16,0.));
#2618=CARTESIAN_POINT('Ctrl Pts',(-5.93347522858034,4.80860385622742E-5,
4.15214279609281));
#2619=CARTESIAN_POINT('Ctrl Pts',(-5.93349522603437,0.046440482073222,4.15058678822773));
#2620=CARTESIAN_POINT('Ctrl Pts',(-5.93296245057093,0.0928324176071138,
4.14903078036266));
#2621=CARTESIAN_POINT('Ctrl Pts',(-5.93187401429408,0.139211312696946,4.14747477249759));
#2622=CARTESIAN_POINT('Ctrl Pts',(-5.90876215267275,1.12402101470698,4.11443449331548));
#2623=CARTESIAN_POINT('Ctrl Pts',(-5.63511228811401,2.10295100245044,4.08139421413336));
#2624=CARTESIAN_POINT('Ctrl Pts',(-5.14419283934159,2.95698987869537,4.04835393495125));
#2625=CARTESIAN_POINT('Ctrl Pts',(-4.65327339056918,3.81102875494026,4.01531365576913));
#2626=CARTESIAN_POINT('Ctrl Pts',(-3.94508435758312,4.54017651968663,3.98227337658702));
#2627=CARTESIAN_POINT('Ctrl Pts',(-3.10572236361003,5.05578853505688,3.94923309740491));
#2628=CARTESIAN_POINT('Ctrl Pts',(-2.26636036963695,5.57140055042714,3.91619281822279));
#2629=CARTESIAN_POINT('Ctrl Pts',(-1.29582541467685,5.87347681642128,3.88315253904068));
#2630=CARTESIAN_POINT('Ctrl Pts',(-0.312108287139954,5.92529303310298,3.85011225985857));
#2631=CARTESIAN_POINT('Ctrl Pts',(0.671608840396944,5.97710924978467,3.81707198067645));
#2632=CARTESIAN_POINT('Ctrl Pts',(1.66850814051064,5.7786654171539,3.78403170149434));
#2633=CARTESIAN_POINT('Ctrl Pts',(2.55739363382413,5.35408693548358,3.75099142231223));
#2634=CARTESIAN_POINT('Ctrl Pts',(3.44627912713762,4.92950845381325,3.71795114313011));
#2635=CARTESIAN_POINT('Ctrl Pts',(4.22715081365091,4.27879532310337,3.684910863948));
#2636=CARTESIAN_POINT('Ctrl Pts',(4.80507582621887,3.48105665212836,3.65187058476589));
#2637=CARTESIAN_POINT('Ctrl Pts',(5.38300083878685,2.68331798115335,3.61883030558377));
#2638=CARTESIAN_POINT('Ctrl Pts',(5.75797917740949,1.73855376991321,3.58579002640166));
#2639=CARTESIAN_POINT('Ctrl Pts',(5.88442362280664,0.761621781723206,3.55274974721955));
#2640=CARTESIAN_POINT('Ctrl Pts',(6.01086806820379,-0.215310206466796,3.51970946803743));
#2641=CARTESIAN_POINT('Ctrl Pts',(5.88877862037545,-1.22440997160667,3.48666918885532));
#2642=CARTESIAN_POINT('Ctrl Pts',(5.53299805250789,-2.14299828790974,3.4536289096732));
#2643=CARTESIAN_POINT('Ctrl Pts',(5.17721748464033,-3.0615866042128,3.42058863049109));
#2644=CARTESIAN_POINT('Ctrl Pts',(4.58774579673356,-3.88966347167905,3.38754835130898));
#2645=CARTESIAN_POINT('Ctrl Pts',(3.83624679527508,-4.52655715050432,3.35450807212686));
#2646=CARTESIAN_POINT('Ctrl Pts',(3.08474779381661,-5.16345082932958,3.32146779294475));
#2647=CARTESIAN_POINT('Ctrl Pts',(2.17122147880644,-5.60916131951385,3.28842751376263));
#2648=CARTESIAN_POINT('Ctrl Pts',(1.2067279306576,-5.80950228611806,3.25538723458052));
#2649=CARTESIAN_POINT('Ctrl Pts',(0.242234382508751,-6.00984325272227,3.22234695539841));
#2650=CARTESIAN_POINT('Ctrl Pts',(-0.773226398778776,-5.9648146957464,3.18930667621629));
#2651=CARTESIAN_POINT('Ctrl Pts',(-1.71620185998014,-5.67989086927212,3.15626639703418));
#2652=CARTESIAN_POINT('Ctrl Pts',(-2.65917732118149,-5.39496704279784,3.12322611785207));
#2653=CARTESIAN_POINT('Ctrl Pts',(-3.52966746229667,-4.87014794682514,3.09018583866995));
#2654=CARTESIAN_POINT('Ctrl Pts',(-4.2218442371244,-4.16923738212394,3.05714555948784));
#2655=CARTESIAN_POINT('Ctrl Pts',(-4.91402101195213,-3.46832681742274,3.02410528030572));
#2656=CARTESIAN_POINT('Ctrl Pts',(-5.4278844204924,-2.59132478399303,2.99106500112361));
#2657=CARTESIAN_POINT('Ctrl Pts',(-5.70096257711247,-1.64485099793363,2.9580247219415));
#2658=CARTESIAN_POINT('Ctrl Pts',(-5.8549174233072,-1.1112520167348,2.93939741332527));
#2659=CARTESIAN_POINT('Ctrl Pts',(-5.93234033587453,-0.555571917532129,
2.92077010470904));
#2660=CARTESIAN_POINT('Ctrl Pts',(-5.93252781621475,5.69993907351129E-5,
2.9021427960928));
#2661=CARTESIAN_POINT('Ctrl Pts',(-5.93250215905551,2.72370569847511E-5,
2.72285720390719));
#2662=CARTESIAN_POINT('Ctrl Pts',(-5.93241839602343,-0.522242945671308,
2.74036595303731));
#2663=CARTESIAN_POINT('Ctrl Pts',(-5.86412456656162,-1.04453461931885,2.75787470216743));
#2664=CARTESIAN_POINT('Ctrl Pts',(-5.72789480327359,-1.54846071050037,2.77538345129755));
#2665=CARTESIAN_POINT('Ctrl Pts',(-5.47081936181858,-2.49940578464895,2.80842373047966));
#2666=CARTESIAN_POINT('Ctrl Pts',(-4.97182116178977,-3.38495023614092,2.84146400966177));
#2667=CARTESIAN_POINT('Ctrl Pts',(-4.29156488170944,-4.09743582199885,2.87450428884389));
#2668=CARTESIAN_POINT('Ctrl Pts',(-3.61130860162911,-4.80992140785677,2.907544568026));
#2669=CARTESIAN_POINT('Ctrl Pts',(-2.74979424149726,-5.34934812808066,2.94058484720812));
#2670=CARTESIAN_POINT('Ctrl Pts',(-1.81175863542672,-5.65013629006299,2.97362512639023));
#2671=CARTESIAN_POINT('Ctrl Pts',(-0.873723029356192,-5.95092445204533,
3.00666540557235));
#2672=CARTESIAN_POINT('Ctrl Pts',(0.140833822653021,-6.01307405578613,3.03970568475446));
#2673=CARTESIAN_POINT('Ctrl Pts',(1.10856926071636,-5.82902939120397,3.07274596393657));
#2674=CARTESIAN_POINT('Ctrl Pts',(2.07630469877971,-5.64498472662181,3.10578624311868));
#2675=CARTESIAN_POINT('Ctrl Pts',(2.99721872289718,-5.21474579371669,3.1388265223008));
#2676=CARTESIAN_POINT('Ctrl Pts',(3.75935310713552,-4.59061800471328,3.17186680148291));
#2677=CARTESIAN_POINT('Ctrl Pts',(4.52148749137384,-3.96649021570988,3.20490708066502));
#2678=CARTESIAN_POINT('Ctrl Pts',(5.12484223573303,-3.14847357060817,3.23794735984714));
#2679=CARTESIAN_POINT('Ctrl Pts',(5.49606572972836,-2.23601675839693,3.27098763902925));
#2680=CARTESIAN_POINT('Ctrl Pts',(5.86728922372369,-1.32355994618569,3.30402791821137));
#2681=CARTESIAN_POINT('Ctrl Pts',(6.00638146735517,-0.316662966864929,3.33706819739348));
#2682=CARTESIAN_POINT('Ctrl Pts',(5.89643260755266,0.662262752928366,3.37010847657559));
#2683=CARTESIAN_POINT('Ctrl Pts',(5.78648374775016,1.64118847272165,3.40314875575771));
#2684=CARTESIAN_POINT('Ctrl Pts',(5.42749378451366,2.59214293298748,3.43618903493982));
#2685=CARTESIAN_POINT('Ctrl Pts',(4.86310618331255,3.3995158036335,3.46922931412193));
#2686=CARTESIAN_POINT('Ctrl Pts',(4.29871858211144,4.20688867427953,3.50226959330405));
#2687=CARTESIAN_POINT('Ctrl Pts',(3.52893334294572,4.87067995530575,3.53530987248616));
#2688=CARTESIAN_POINT('Ctrl Pts',(2.64733552095587,5.3101905887465,3.56835015166828));
#2689=CARTESIAN_POINT('Ctrl Pts',(1.76573769896602,5.74970122218723,3.60139043085039));
#2690=CARTESIAN_POINT('Ctrl Pts',(0.772327294152043,5.96493120804248,3.6344307100325));
#2691=CARTESIAN_POINT('Ctrl Pts',(-0.212123869370011,5.92971440403078,3.66747098921462));
#2692=CARTESIAN_POINT('Ctrl Pts',(-1.19657503289207,5.89449760001909,3.70051126839673));
#2693=CARTESIAN_POINT('Ctrl Pts',(-2.17206695512221,5.60883400614045,3.73355154757884));
#2694=CARTESIAN_POINT('Ctrl Pts',(-3.02000621456283,5.10745258551936,3.76659182676096));
#2695=CARTESIAN_POINT('Ctrl Pts',(-3.86794547400345,4.60607116489829,3.79963210594307));
#2696=CARTESIAN_POINT('Ctrl Pts',(-4.58833207065456,3.88897191753478,3.83267238512518));
#2697=CARTESIAN_POINT('Ctrl Pts',(-5.09358648760684,3.04333470761855,3.8657126643073));
#2698=CARTESIAN_POINT('Ctrl Pts',(-5.59884090455912,2.1976974977023,3.89875294348941));
#2699=CARTESIAN_POINT('Ctrl Pts',(-5.88896314181257,1.22352232523332,3.93179322267153));
#2700=CARTESIAN_POINT('Ctrl Pts',(-5.92868218585662,0.239242530568738,3.96483350185364));
#2701=CARTESIAN_POINT('Ctrl Pts',(-5.9318973904811,0.159566369579592,3.96750806920482));
#2702=CARTESIAN_POINT('Ctrl Pts',(-5.93347178046021,0.0798239961277696,
3.97018263655601));
#2703=CARTESIAN_POINT('Ctrl Pts',(-5.93341894200247,7.95342305746327E-5,
3.97285720390719));
#2704=CARTESIAN_POINT('Origin',(0.,0.,0.));
#2705=CARTESIAN_POINT('',(-5.93268848835701,-0.000124482717854535,5.4021427960928));
#2706=CARTESIAN_POINT('',(-5.93277311891264,-0.000140139611155466,5.2228572039072));
#2707=CARTESIAN_POINT('',(-5.933,-7.26582945934125E-16,0.));
#2708=CARTESIAN_POINT('Ctrl Pts',(-5.93268848835701,-0.000124482717854535,
5.4021427960928));
#2709=CARTESIAN_POINT('Ctrl Pts',(-5.93219332252098,0.64828160913131,5.38040347174643));
#2710=CARTESIAN_POINT('Ctrl Pts',(-5.82621630446123,1.29684562472805,5.35866414740005));
#2711=CARTESIAN_POINT('Ctrl Pts',(-5.61752487899592,1.91047725579289,5.33692482305368));
#2712=CARTESIAN_POINT('Ctrl Pts',(-5.30034745202418,2.84309871551825,5.30388454387157));
#2713=CARTESIAN_POINT('Ctrl Pts',(-4.74590883891744,3.69502946010531,5.27084426468945));
#2714=CARTESIAN_POINT('Ctrl Pts',(-4.02161377224219,4.36269776376408,5.23780398550734));
#2715=CARTESIAN_POINT('Ctrl Pts',(-3.29731870556695,5.03036606742283,5.20476370632522));
#2716=CARTESIAN_POINT('Ctrl Pts',(-2.40316718532322,5.5137719301533,5.17172342714311));
#2717=CARTESIAN_POINT('Ctrl Pts',(-1.44786384115113,5.7541462797297,5.138683147961));
#2718=CARTESIAN_POINT('Ctrl Pts',(-0.492560496979051,5.99452062930611,5.10564286877888));
#2719=CARTESIAN_POINT('Ctrl Pts',(0.523894671121388,5.99186346572845,5.07260258959677));
#2720=CARTESIAN_POINT('Ctrl Pts',(1.47792821939643,5.74649782818647,5.03956231041466));
#2721=CARTESIAN_POINT('Ctrl Pts',(2.43196176767147,5.50113219064449,5.00652203123254));
#2722=CARTESIAN_POINT('Ctrl Pts',(3.32357369612111,5.01305807913818,4.97348175205043));
#2723=CARTESIAN_POINT('Ctrl Pts',(4.0443681207475,4.34161209862437,4.94044147286832));
#2724=CARTESIAN_POINT('Ctrl Pts',(4.76516254537389,3.67016611811054,4.90740119368621));
#2725=CARTESIAN_POINT('Ctrl Pts',(5.31513946617701,2.81534826858922,4.87436091450409));
#2726=CARTESIAN_POINT('Ctrl Pts',(5.62743657164369,1.88108126968698,4.84132063532198));
#2727=CARTESIAN_POINT('Ctrl Pts',(5.93973367711038,0.946814270784735,4.80828035613986));
#2728=CARTESIAN_POINT('Ctrl Pts',(6.0143509672406,-0.066901877498414,4.77524007695775));
#2729=CARTESIAN_POINT('Ctrl Pts',(5.84221699865513,-1.0368267221022,4.74219979777564));
#2730=CARTESIAN_POINT('Ctrl Pts',(5.67008303006965,-2.00675156670599,4.70915951859352));
#2731=CARTESIAN_POINT('Ctrl Pts',(5.25119780276847,-2.93288510763043,4.67611923941141));
#2732=CARTESIAN_POINT('Ctrl Pts',(4.63648642560013,-3.70263456693552,4.64307896022929));
#2733=CARTESIAN_POINT('Ctrl Pts',(4.02177504843181,-4.4723840262406,4.61003868104718));
#2734=CARTESIAN_POINT('Ctrl Pts',(3.21123752139632,-5.08574940392635,4.57699840186507));
#2735=CARTESIAN_POINT('Ctrl Pts',(2.30341327510587,-5.4681620673775,4.54395812268295));
#2736=CARTESIAN_POINT('Ctrl Pts',(1.39558902881541,-5.85057473082866,4.51091784350084));
#2737=CARTESIAN_POINT('Ctrl Pts',(0.390478063269971,-6.00203468004523,4.47787756431873));
#2738=CARTESIAN_POINT('Ctrl Pts',(-0.58972532583984,-5.90412848362086,4.44483728513661));
#2739=CARTESIAN_POINT('Ctrl Pts',(-1.56992871494965,-5.80622228719649,4.4117970059545));
#2740=CARTESIAN_POINT('Ctrl Pts',(-2.52522452762384,-5.45894994513118,4.37875672677239));
#2741=CARTESIAN_POINT('Ctrl Pts',(-3.33947464279181,-4.90453037723192,4.34571644759027));
#2742=CARTESIAN_POINT('Ctrl Pts',(-4.15372475795977,-4.35011080933266,4.31267616840816));
#2743=CARTESIAN_POINT('Ctrl Pts',(-4.82692917562151,-3.58854401559945,4.27963588922604));
#2744=CARTESIAN_POINT('Ctrl Pts',(-5.27724445511042,-2.71241591059455,4.24659561004393));
#2745=CARTESIAN_POINT('Ctrl Pts',(-5.70635246474593,-1.87754842008638,4.21511133872689));
#2746=CARTESIAN_POINT('Ctrl Pts',(-5.93307059999052,-0.938655899070182,
4.18362706740985));
#2747=CARTESIAN_POINT('Ctrl Pts',(-5.93347522858034,4.80860385622742E-5,
4.15214279609281));
#2748=CARTESIAN_POINT('Ctrl Pts',(-5.93341894200247,7.95342305746327E-5,
3.97285720390719));
#2749=CARTESIAN_POINT('Ctrl Pts',(-5.93281904034707,-0.90529955409576,4.00322291573812));
#2750=CARTESIAN_POINT('Ctrl Pts',(-5.72246604253142,-1.81094784733095,4.03358862756905));
#2751=CARTESIAN_POINT('Ctrl Pts',(-5.32224322990823,-2.62302048238717,4.06395433939998));
#2752=CARTESIAN_POINT('Ctrl Pts',(-4.88676937908112,-3.50661928381831,4.09699461858209));
#2753=CARTESIAN_POINT('Ctrl Pts',(-4.22650582659225,-4.27943246982039,4.1300348977642));
#2754=CARTESIAN_POINT('Ctrl Pts',(-3.42172275407552,-4.84750686885211,4.16307517694632));
#2755=CARTESIAN_POINT('Ctrl Pts',(-2.61693968155879,-5.41558126788383,4.19611545612843));
#2756=CARTESIAN_POINT('Ctrl Pts',(-1.66763708901418,-5.77891687994521,4.22915573531055));
#2757=CARTESIAN_POINT('Ctrl Pts',(-0.689224484117619,-5.89334192626047,
4.26219601449267));
#2758=CARTESIAN_POINT('Ctrl Pts',(0.289188120778946,-6.00776697257573,4.29523629367478));
#2759=CARTESIAN_POINT('Ctrl Pts',(1.29671073802747,-5.87328145314487,4.32827657285689));
#2760=CARTESIAN_POINT('Ctrl Pts',(2.21085588034816,-5.50623516803056,4.361316852039));
#2761=CARTESIAN_POINT('Ctrl Pts',(3.12500102266884,-5.13918888291625,4.39435713122112));
#2762=CARTESIAN_POINT('Ctrl Pts',(3.94576869006169,-4.53958183211848,4.42739741040323));
#2763=CARTESIAN_POINT('Ctrl Pts',(4.57337574366873,-3.78031000799526,4.46043768958535));
#2764=CARTESIAN_POINT('Ctrl Pts',(5.20098279727577,-3.02103818387204,4.49347796876746));
#2765=CARTESIAN_POINT('Ctrl Pts',(5.635429237097,-2.10210158642336,4.52651824794957));
#2766=CARTESIAN_POINT('Ctrl Pts',(5.82389813191884,-1.13521804000768,4.55955852713169));
#2767=CARTESIAN_POINT('Ctrl Pts',(6.01236702674067,-0.168334493592,4.5925988063138));
#2768=CARTESIAN_POINT('Ctrl Pts',(5.9548583765631,0.84649600179066,4.62563908549591));
#2769=CARTESIAN_POINT('Ctrl Pts',(5.65836367709701,1.78589751862637,4.65867936467802));
#2770=CARTESIAN_POINT('Ctrl Pts',(5.36186897763091,2.72529903546209,4.69171964386014));
#2771=CARTESIAN_POINT('Ctrl Pts',(4.82638822887627,3.58927157375085,4.72475992304226));
#2772=CARTESIAN_POINT('Ctrl Pts',(4.11702140008322,4.27277945143245,4.75780020222437));
#2773=CARTESIAN_POINT('Ctrl Pts',(3.40765457129017,4.95628732911406,4.79084048140648));
#2774=CARTESIAN_POINT('Ctrl Pts',(2.5244016624587,5.45933054618853,4.82388076058859));
#2775=CARTESIAN_POINT('Ctrl Pts',(1.57464232699131,5.72075265951728,4.85692103977071));
#2776=CARTESIAN_POINT('Ctrl Pts',(0.624882991523918,5.98217477284603,4.88996131895282));
#2777=CARTESIAN_POINT('Ctrl Pts',(-0.391382770579403,6.00197578242906,4.92300159813494));
#2778=CARTESIAN_POINT('Ctrl Pts',(-1.3506045422089,5.7777484213049,4.95604187731705));
#2779=CARTESIAN_POINT('Ctrl Pts',(-2.3098263138384,5.55352106018074,4.98908215649917));
#2780=CARTESIAN_POINT('Ctrl Pts',(-3.21200409499409,5.0852653283494,5.02212243568128));
#2781=CARTESIAN_POINT('Ctrl Pts',(-3.94745747989491,4.42990845207306,5.05516271486339));
#2782=CARTESIAN_POINT('Ctrl Pts',(-4.68291086479571,3.77455157579673,5.08820299404551));
#2783=CARTESIAN_POINT('Ctrl Pts',(-5.25163985344164,2.93209355507542,5.12124327322762));
#2784=CARTESIAN_POINT('Ctrl Pts',(-5.58450239028989,2.00495448880345,5.15428355240973));
#2785=CARTESIAN_POINT('Ctrl Pts',(-5.81478292628438,1.3635423216545,5.17714143624222));
#2786=CARTESIAN_POINT('Ctrl Pts',(-5.93217467706602,0.681600692643102,5.19999932007471));
#2787=CARTESIAN_POINT('Ctrl Pts',(-5.93277311891264,-0.000140139611155466,
5.2228572039072));
#2788=CARTESIAN_POINT('Origin',(0.,0.,0.));
#2789=CARTESIAN_POINT('',(-5.93288407914554,0.000150915599258089,6.6521427960928));
#2790=CARTESIAN_POINT('',(-5.93278788919159,0.000142143635682611,6.47285720390719));
#2791=CARTESIAN_POINT('',(-5.933,-7.26582945934125E-16,0.));
#2792=CARTESIAN_POINT('Ctrl Pts',(-5.93288407914554,0.000150915599258089,
6.6521427960928));
#2793=CARTESIAN_POINT('Ctrl Pts',(-5.93314213905594,0.265054849016684,6.64326043444724));
#2794=CARTESIAN_POINT('Ctrl Pts',(-5.91572649896237,0.529925108289792,6.63437807280168));
#2795=CARTESIAN_POINT('Ctrl Pts',(-5.88036124190034,0.792376662825738,6.62549571115611));
#2796=CARTESIAN_POINT('Ctrl Pts',(-5.74881087125533,1.76863421455229,6.592455431974));
#2797=CARTESIAN_POINT('Ctrl Pts',(-5.36889818567594,2.71142502942762,6.55941515279189));
#2798=CARTESIAN_POINT('Ctrl Pts',(-4.78681028751,3.50613125573362,6.52637487360978));
#2799=CARTESIAN_POINT('Ctrl Pts',(-4.20472238934405,4.30083748203962,6.49333459442766));
#2800=CARTESIAN_POINT('Ctrl Pts',(-3.42045927859154,4.9474591197763,6.46029431524554));
#2801=CARTESIAN_POINT('Ctrl Pts',(-2.52936612781598,5.36738447500228,6.42725403606343));
#2802=CARTESIAN_POINT('Ctrl Pts',(-1.63827297704044,5.78730983022825,6.39421375688132));
#2803=CARTESIAN_POINT('Ctrl Pts',(-0.640349786241857,5.98053890294352,6.36117347769921));
#2804=CARTESIAN_POINT('Ctrl Pts',(0.343082987801819,5.92358026657205,6.3281331985171));
#2805=CARTESIAN_POINT('Ctrl Pts',(1.3265157618455,5.86662163020058,6.29509291933498));
#2806=CARTESIAN_POINT('Ctrl Pts',(2.29545811913427,5.55947528474238,6.26205264015286));
#2807=CARTESIAN_POINT('Ctrl Pts',(3.13211288803975,5.03948191460345,6.22901236097075));
#2808=CARTESIAN_POINT('Ctrl Pts',(3.96876765694523,4.51948854446453,6.19597208178863));
#2809=CARTESIAN_POINT('Ctrl Pts',(4.67313483746743,3.78664814964489,6.16293180260653));
#2810=CARTESIAN_POINT('Ctrl Pts',(5.1595824402223,2.93005429191846,6.12989152342441));
#2811=CARTESIAN_POINT('Ctrl Pts',(5.64603004297716,2.07346043419204,6.0968512442423));
#2812=CARTESIAN_POINT('Ctrl Pts',(5.91455806796471,1.09311311355879,6.06381096506018));
#2813=CARTESIAN_POINT('Ctrl Pts',(5.93252077355899,0.108196036578012,6.03077068587806));
#2814=CARTESIAN_POINT('Ctrl Pts',(5.95048347915327,-0.876721040402799,5.99773040669595));
#2815=CARTESIAN_POINT('Ctrl Pts',(5.71788086535429,-1.86620787373115,5.96469012751384));
#2816=CARTESIAN_POINT('Ctrl Pts',(5.2629911159082,-2.73996963941419,5.93164984833173));
#2817=CARTESIAN_POINT('Ctrl Pts',(4.8081013664621,-3.61373140509724,5.89860956914962));
#2818=CARTESIAN_POINT('Ctrl Pts',(4.13092448136888,-4.37176810313494,5.8655692899675));
#2819=CARTESIAN_POINT('Ctrl Pts',(3.31378684584217,-4.92192298307923,5.83252901078538));
#2820=CARTESIAN_POINT('Ctrl Pts',(2.49664921031548,-5.4720778630235,5.79948873160327));
#2821=CARTESIAN_POINT('Ctrl Pts',(1.5395508243553,-5.81435092487439,5.76644845242116));
#2822=CARTESIAN_POINT('Ctrl Pts',(0.55884895316722,-5.90713102602135,5.73340817323905));
#2823=CARTESIAN_POINT('Ctrl Pts',(-0.421852918020865,-5.99991112716831,
5.70036789405693));
#2824=CARTESIAN_POINT('Ctrl Pts',(-1.42615827443685,-5.84319826761133,5.66732761487482));
#2825=CARTESIAN_POINT('Ctrl Pts',(-2.33197076066096,-5.45604449051347,5.6342873356927));
#2826=CARTESIAN_POINT('Ctrl Pts',(-3.23778324688508,-5.06889071341562,5.60124705651059));
#2827=CARTESIAN_POINT('Ctrl Pts',(-4.04510286291732,-4.45129601877688,5.56820677732848));
#2828=CARTESIAN_POINT('Ctrl Pts',(-4.6557813890487,-3.67834320971112,5.53516649814636));
#2829=CARTESIAN_POINT('Ctrl Pts',(-5.26645991518009,-2.90539040064534,5.50212621896425));
#2830=CARTESIAN_POINT('Ctrl Pts',(-5.68049735141062,-1.97707947715255,5.46908593978213));
#2831=CARTESIAN_POINT('Ctrl Pts',(-5.84755794910751,-1.00626792797432,5.43604566060002));
#2832=CARTESIAN_POINT('Ctrl Pts',(-5.90469863666036,-0.674215725545694,
5.42474470576428));
#2833=CARTESIAN_POINT('Ctrl Pts',(-5.93294589501143,-0.337191442226556,
5.41344375092854));
#2834=CARTESIAN_POINT('Ctrl Pts',(-5.93268848835701,-0.000124482717854535,
5.4021427960928));
#2835=CARTESIAN_POINT('Ctrl Pts',(-5.93277311891264,-0.000140139611155466,
5.2228572039072));
#2836=CARTESIAN_POINT('Ctrl Pts',(-5.93303970402265,-0.303832061876071,
5.23303959925682));
#2837=CARTESIAN_POINT('Ctrl Pts',(-5.91012989696475,-0.607484138156383,
5.24322199460645));
#2838=CARTESIAN_POINT('Ctrl Pts',(-5.86369854615727,-0.907495900332174,
5.25340438995608));
#2839=CARTESIAN_POINT('Ctrl Pts',(-5.71303608012582,-1.88098711137314,5.28644466913819));
#2840=CARTESIAN_POINT('Ctrl Pts',(-5.31471506301235,-2.81614942163247,5.3194849483203));
#2841=CARTESIAN_POINT('Ctrl Pts',(-4.71716055216219,-3.5992923991323,5.35252522750241));
#2842=CARTESIAN_POINT('Ctrl Pts',(-4.11960604131201,-4.38243537663214,5.38556550668453));
#2843=CARTESIAN_POINT('Ctrl Pts',(-3.32281803672512,-5.01355902137249,5.41860578586664));
#2844=CARTESIAN_POINT('Ctrl Pts',(-2.42366439913806,-5.41593577599267,5.45164606504875));
#2845=CARTESIAN_POINT('Ctrl Pts',(-1.52451076155098,-5.81831253061285,5.48468634423087));
#2846=CARTESIAN_POINT('Ctrl Pts',(-0.522991490963725,-5.99194239511286,
5.51772662341298));
#2847=CARTESIAN_POINT('Ctrl Pts',(0.459135769850841,-5.91571667629291,5.5507669025951));
#2848=CARTESIAN_POINT('Ctrl Pts',(1.44126303066541,-5.83949095747297,5.58380718177721));
#2849=CARTESIAN_POINT('Ctrl Pts',(2.40399828170729,-5.51340965533306,5.61684746095932));
#2850=CARTESIAN_POINT('Ctrl Pts',(3.23029896750725,-4.97711543264251,5.64988774014144));
#2851=CARTESIAN_POINT('Ctrl Pts',(4.05659965330719,-4.44082120995197,5.68292801932355));
#2852=CARTESIAN_POINT('Ctrl Pts',(4.74646577386523,-3.69431406671079,5.71596829850567));
#2853=CARTESIAN_POINT('Ctrl Pts',(5.21602827629857,-2.82834907148682,5.74900857768778));
#2854=CARTESIAN_POINT('Ctrl Pts',(5.68559077873191,-1.96238407626284,5.7820488568699));
#2855=CARTESIAN_POINT('Ctrl Pts',(5.93484966304055,-0.97696122905608,5.815089136052));
#2856=CARTESIAN_POINT('Ctrl Pts',(5.93350179369339,0.00811871688381705,
5.84812941523412));
#2857=CARTESIAN_POINT('Ctrl Pts',(5.93215392434624,0.993198662823708,5.88116969441623));
#2858=CARTESIAN_POINT('Ctrl Pts',(5.68019930134329,1.97793570749672,5.91420997359835));
#2859=CARTESIAN_POINT('Ctrl Pts',(5.20826878909574,2.84261247268385,5.94725025278046));
#2860=CARTESIAN_POINT('Ctrl Pts',(4.73633827684819,3.70728923787098,5.98029053196257));
#2861=CARTESIAN_POINT('Ctrl Pts',(4.04443187535605,4.45190572357224,6.01333081114468));
#2862=CARTESIAN_POINT('Ctrl Pts',(3.21666668045487,4.98593671401654,6.04637109032679));
#2863=CARTESIAN_POINT('Ctrl Pts',(2.38890148555367,5.51996770446085,6.07941136950891));
#2864=CARTESIAN_POINT('Ctrl Pts',(1.42527749724343,5.8434131996482,6.11245164869103));
#2865=CARTESIAN_POINT('Ctrl Pts',(0.442945317396494,5.9169509796113,6.14549192787315));
#2866=CARTESIAN_POINT('Ctrl Pts',(-0.539386862450446,5.9904887595744,6.17853220705526));
#2867=CARTESIAN_POINT('Ctrl Pts',(-1.54042723383409,5.81411882431325,6.21157248623737));
#2868=CARTESIAN_POINT('Ctrl Pts',(-2.43847637516599,5.40928298548745,6.24461276541949));
#2869=CARTESIAN_POINT('Ctrl Pts',(-3.33652551649788,5.00444714666164,6.2776530446016));
#2870=CARTESIAN_POINT('Ctrl Pts',(-4.13158342777803,4.3711454042712,6.31069332378371));
#2871=CARTESIAN_POINT('Ctrl Pts',(-4.72699258080068,3.58637011341299,6.34373360296583));
#2872=CARTESIAN_POINT('Ctrl Pts',(-5.32240173382331,2.8015948225548,6.37677388214794));
#2873=CARTESIAN_POINT('Ctrl Pts',(-5.71816212858847,1.86534598322886,6.40981416133005));
#2874=CARTESIAN_POINT('Ctrl Pts',(-5.8661600101394,0.891446119946633,6.44285444051217));
#2875=CARTESIAN_POINT('Ctrl Pts',(-5.91095730537072,0.596657578083805,6.45285536164384));
#2876=CARTESIAN_POINT('Ctrl Pts',(-5.93305447888811,0.29841943113192,6.46285628277552));
#2877=CARTESIAN_POINT('Ctrl Pts',(-5.93278788919159,0.000142143635682611,
6.47285720390719));
#2878=CARTESIAN_POINT('Origin',(0.,0.,0.));
#2879=CARTESIAN_POINT('',(-5.93332799084454,-0.000110447721702323,7.90214279609281));
#2880=CARTESIAN_POINT('',(-5.93340770248019,-8.42550382597454E-5,7.72285720390719));
#2881=CARTESIAN_POINT('',(-5.933,-7.26582945934125E-16,0.));
#2882=CARTESIAN_POINT('Ctrl Pts',(-5.93332799084454,-0.000110447721702323,
7.90214279609281));
#2883=CARTESIAN_POINT('Ctrl Pts',(-5.93258617795118,0.866545535949891,7.87307711796594));
#2884=CARTESIAN_POINT('Ctrl Pts',(-5.74041631612794,1.73351966402582,7.84401143983908));
#2885=CARTESIAN_POINT('Ctrl Pts',(-5.37263903850159,2.51818562697344,7.81494576171221));
#2886=CARTESIAN_POINT('Ctrl Pts',(-4.95456986851447,3.41015113926358,7.7819054825301));
#2887=CARTESIAN_POINT('Ctrl Pts',(-4.30958248859905,4.19575883398671,7.74886520334798));
#2888=CARTESIAN_POINT('Ctrl Pts',(-3.51608990570263,4.77950006774512,7.71582492416587));
#2889=CARTESIAN_POINT('Ctrl Pts',(-2.7225973228062,5.36324130150353,7.68278464498375));
#2890=CARTESIAN_POINT('Ctrl Pts',(-1.78059953692877,5.74511607429722,7.64974436580164));
#2891=CARTESIAN_POINT('Ctrl Pts',(-0.804617991712086,5.87869875003174,7.61670408661952));
#2892=CARTESIAN_POINT('Ctrl Pts',(0.171363553504595,6.01228142576626,7.58366380743741));
#2893=CARTESIAN_POINT('Ctrl Pts',(1.18132885806052,5.89757200444162,7.5506235282553));
#2894=CARTESIAN_POINT('Ctrl Pts',(2.1024934714239,5.54851604620435,7.51758324907319));
#2895=CARTESIAN_POINT('Ctrl Pts',(3.02365808478727,5.19946008796708,7.48454296989107));
#2896=CARTESIAN_POINT('Ctrl Pts',(3.8560220069581,4.61605759281718,7.45150269070896));
#2897=CARTESIAN_POINT('Ctrl Pts',(4.4983923075563,3.86923451840639,7.41846241152684));
#2898=CARTESIAN_POINT('Ctrl Pts',(5.14076260815451,3.12241144399561,7.38542213234473));
#2899=CARTESIAN_POINT('Ctrl Pts',(5.5931392871801,2.21216779032395,7.35238185316262));
#2900=CARTESIAN_POINT('Ctrl Pts',(5.80052558188657,1.2491645546168,7.3193415739805));
#2901=CARTESIAN_POINT('Ctrl Pts',(6.00791187659305,0.286161318909646,7.28630129479839));
#2902=CARTESIAN_POINT('Ctrl Pts',(5.97030778698041,-0.729601498832989,7.25326101561627));
#2903=CARTESIAN_POINT('Ctrl Pts',(5.6922849526104,-1.67463462572406,7.22022073643416));
#2904=CARTESIAN_POINT('Ctrl Pts',(5.41426211824038,-2.61966775261515,7.18718045725205));
#2905=CARTESIAN_POINT('Ctrl Pts',(4.89582053911297,-3.49397118865467,7.15414017806993));
#2906=CARTESIAN_POINT('Ctrl Pts',(4.19998868261889,-4.19125329426737,7.12109989888782));
#2907=CARTESIAN_POINT('Ctrl Pts',(3.50415682612482,-4.88853539988005,7.08805961970571));
#2908=CARTESIAN_POINT('Ctrl Pts',(2.63093469226409,-5.40879617506592,7.05501934052359));
#2909=CARTESIAN_POINT('Ctrl Pts',(1.68648246358003,-5.6887859874644,7.02197906134148));
#2910=CARTESIAN_POINT('Ctrl Pts',(0.742030234895983,-5.96877579986288,6.98893878215936));
#2911=CARTESIAN_POINT('Ctrl Pts',(-0.273652088611388,-6.00849464947397,
6.95589850297725));
#2912=CARTESIAN_POINT('Ctrl Pts',(-1.23708502015274,-5.80311379898096,6.92285822379514));
#2913=CARTESIAN_POINT('Ctrl Pts',(-2.2005179516941,-5.59773294848794,6.88981794461303));
#2914=CARTESIAN_POINT('Ctrl Pts',(-3.11170149126944,-5.14725239789082,6.85677766543091));
#2915=CARTESIAN_POINT('Ctrl Pts',(-3.85986037657742,-4.50643839238602,6.82373738624879));
#2916=CARTESIAN_POINT('Ctrl Pts',(-4.60801926188538,-3.86562438688123,6.79069710706668));
#2917=CARTESIAN_POINT('Ctrl Pts',(-5.19315349292599,-3.03447692646879,6.75765682788458));
#2918=CARTESIAN_POINT('Ctrl Pts',(-5.54412658059098,-2.11404105197369,6.72461654870246));
#2919=CARTESIAN_POINT('Ctrl Pts',(-5.80074604989466,-1.44104994826132,6.70045863116591));
#2920=CARTESIAN_POINT('Ctrl Pts',(-5.93218221737906,-0.720324970653639,
6.67630071362936));
#2921=CARTESIAN_POINT('Ctrl Pts',(-5.93288407914554,0.000150915599258089,
6.6521427960928));
#2922=CARTESIAN_POINT('Ctrl Pts',(-5.93278788919159,0.000142143635682611,
6.47285720390719));
#2923=CARTESIAN_POINT('Ctrl Pts',(-5.93217374021572,-0.687006283439985,
6.49589656195763));
#2924=CARTESIAN_POINT('Ctrl Pts',(-5.81287191451829,-1.37436243495945,6.51893592000806));
#2925=CARTESIAN_POINT('Ctrl Pts',(-5.57899479478677,-2.02022932586098,6.5419752780585));
#2926=CARTESIAN_POINT('Ctrl Pts',(-5.24359632954649,-2.94645402114778,6.57501555724062));
#2927=CARTESIAN_POINT('Ctrl Pts',(-4.67256403072922,-3.78735252448286,6.60805583642273));
#2928=CARTESIAN_POINT('Ctrl Pts',(-3.93531997406828,-4.44069433208656,6.64109611560485));
#2929=CARTESIAN_POINT('Ctrl Pts',(-3.19807591740731,-5.09403613969028,6.67413639478696));
#2930=CARTESIAN_POINT('Ctrl Pts',(-2.29462010290266,-5.55982125156262,6.70717667396907));
#2931=CARTESIAN_POINT('Ctrl Pts',(-1.33478831060796,-5.78142280197458,6.74021695315119));
#2932=CARTESIAN_POINT('Ctrl Pts',(-0.374956518313262,-6.00302435238654,
6.7732572323333));
#2933=CARTESIAN_POINT('Ctrl Pts',(0.64125125177148,-5.98044234133811,6.80629751151542));
#2934=CARTESIAN_POINT('Ctrl Pts',(1.59029163279713,-5.7164221303172,6.83933779069753));
#2935=CARTESIAN_POINT('Ctrl Pts',(2.53933201382277,-5.4524019192963,6.87237806987964));
#2936=CARTESIAN_POINT('Ctrl Pts',(3.42120500578931,-4.94694350830293,6.90541834906176));
#2937=CARTESIAN_POINT('Ctrl Pts',(4.12869871584458,-4.26149696270142,6.93845862824387));
#2938=CARTESIAN_POINT('Ctrl Pts',(4.83619242589985,-3.57605041709991,6.97149890742598));
#2939=CARTESIAN_POINT('Ctrl Pts',(5.36930685404384,-2.71061573689025,7.0045391866081));
#2940=CARTESIAN_POINT('Ctrl Pts',(5.66322971158281,-1.77040636102754,7.03757946579021));
#2941=CARTESIAN_POINT('Ctrl Pts',(5.95715256912178,-0.830196985164827,7.07061974497232));
#2942=CARTESIAN_POINT('Ctrl Pts',(6.01188385605573,0.184787086350939,7.10366002415444));
#2943=CARTESIAN_POINT('Ctrl Pts',(5.82076972888769,1.15115125530771,7.13670030333655));
#2944=CARTESIAN_POINT('Ctrl Pts',(5.62965560171966,2.11751542426448,7.16974058251866));
#2945=CARTESIAN_POINT('Ctrl Pts',(5.19269606044963,3.03525969066225,7.20278086170078));
#2946=CARTESIAN_POINT('Ctrl Pts',(4.56301356142956,3.79281118532671,7.23582114088289));
#2947=CARTESIAN_POINT('Ctrl Pts',(3.93333106240948,4.55036267999118,7.268861420065));
#2948=CARTESIAN_POINT('Ctrl Pts',(3.11092560563935,5.14772140292232,7.30190169924712));
#2949=CARTESIAN_POINT('Ctrl Pts',(2.19577944083752,5.51226469760769,7.33494197842923));
#2950=CARTESIAN_POINT('Ctrl Pts',(1.28063327603569,5.87680799229305,7.36798225761135));
#2951=CARTESIAN_POINT('Ctrl Pts',(0.272746403202154,6.00853585873262,7.40102253679346));
#2952=CARTESIAN_POINT('Ctrl Pts',(-0.705349406740565,5.89143375281683,7.43406281597558));
#2953=CARTESIAN_POINT('Ctrl Pts',(-1.68344521668327,5.77433164690105,7.46710309515769));
#2954=CARTESIAN_POINT('Ctrl Pts',(-2.63174996373516,5.4083995686299,7.50014337433981));
#2955=CARTESIAN_POINT('Ctrl Pts',(-3.43497545127055,4.83812495687051,7.53318365352192));
#2956=CARTESIAN_POINT('Ctrl Pts',(-4.23820093880593,4.26785034511111,7.56622393270403));
#2957=CARTESIAN_POINT('Ctrl Pts',(-4.89634716682481,3.49323319986346,7.59926421188614));
#2958=CARTESIAN_POINT('Ctrl Pts',(-5.32940136297806,2.60844600518324,7.63230449106826));
#2959=CARTESIAN_POINT('Ctrl Pts',(-5.72502183228279,1.80014088239824,7.66248872868123));
#2960=CARTESIAN_POINT('Ctrl Pts',(-5.93278281684805,0.899888974342412,7.69267296629421));
#2961=CARTESIAN_POINT('Ctrl Pts',(-5.93340770248019,-8.42550382597454E-5,
7.72285720390719));
#2962=CARTESIAN_POINT('Origin',(0.,0.,0.));
#2963=CARTESIAN_POINT('',(-5.93248313938809,-4.1682319703992E-6,9.15214279609281));
#2964=CARTESIAN_POINT('',(-5.93249991531575,-2.19891634861683E-5,8.9728572039072));
#2965=CARTESIAN_POINT('',(-5.933,-7.26582945934125E-16,0.));
#2966=CARTESIAN_POINT('Ctrl Pts',(-5.93248353301332,-4.16505757244723E-6,
9.15214279609281));
#2967=CARTESIAN_POINT('Ctrl Pts',(-5.93251491157094,0.483496009655266,9.13593408066675));
#2968=CARTESIAN_POINT('Ctrl Pts',(-5.87409813607138,0.966993147245862,9.11972536524069));
#2969=CARTESIAN_POINT('Ctrl Pts',(-5.75715639079907,1.43588903237984,9.10351664981463));
#2970=CARTESIAN_POINT('Ctrl Pts',(-5.5187792085068,2.39169894975714,9.07047637063252));
#2971=CARTESIAN_POINT('Ctrl Pts',(-5.03722002964298,3.28683798189293,9.03743609145042));
#2972=CARTESIAN_POINT('Ctrl Pts',(-4.37105725650282,4.01251741758284,9.0043958122683));
#2973=CARTESIAN_POINT('Ctrl Pts',(-3.70489448336266,4.73819685327276,8.97135553308619));
#2974=CARTESIAN_POINT('Ctrl Pts',(-2.85412811594616,5.2944166925168,8.93831525390407));
#2975=CARTESIAN_POINT('Ctrl Pts',(-1.92217104787299,5.61353729606974,8.90527497472195));
#2976=CARTESIAN_POINT('Ctrl Pts',(-0.9902139797998,5.93265789962269,8.87223469553984));
#2977=CARTESIAN_POINT('Ctrl Pts',(0.0229337889300563,6.01467926748453,8.83919441635773));
#2978=CARTESIAN_POINT('Ctrl Pts',(0.994092079521885,5.84963919824775,8.80615413717562));
#2979=CARTESIAN_POINT('Ctrl Pts',(1.96525037011369,5.68459912901097,8.77311385799351));
#2980=CARTESIAN_POINT('Ctrl Pts',(2.89441918256746,5.27249762267557,8.74007357881139));
#2981=CARTESIAN_POINT('Ctrl Pts',(3.66864124104465,4.66343028015885,8.70703329962928));
#2982=CARTESIAN_POINT('Ctrl Pts',(4.44286329952188,4.05436293764209,8.67399302044716));
#2983=CARTESIAN_POINT('Ctrl Pts',(5.0621386040225,3.24832975894397,8.64095274126504));
#2984=CARTESIAN_POINT('Ctrl Pts',(5.45117773099277,2.3433250156551,8.60791246208293));
#2985=CARTESIAN_POINT('Ctrl Pts',(5.84021685796303,1.43832027236627,8.57487218290082));
#2986=CARTESIAN_POINT('Ctrl Pts',(5.99901980740296,0.4343439644867,8.54183190371871));
#2987=CARTESIAN_POINT('Ctrl Pts',(5.90828161482917,-0.546548806635877,8.5087916245366));
#2988=CARTESIAN_POINT('Ctrl Pts',(5.81754342225539,-1.52744157775847,8.47575134535448));
#2989=CARTESIAN_POINT('Ctrl Pts',(5.47726408766787,-2.48525081212407,8.44271106617236));
#2990=CARTESIAN_POINT('Ctrl Pts',(4.92881176900202,-3.3035321855921,8.40967078699025));
#2991=CARTESIAN_POINT('Ctrl Pts',(4.38035945033615,-4.12181355906016,8.37663050780814));
#2992=CARTESIAN_POINT('Ctrl Pts',(3.62373414759194,-4.80056707163064,8.34359022862603));
#2993=CARTESIAN_POINT('Ctrl Pts',(2.75092133100769,-5.25727498933631,8.31054994944391));
#2994=CARTESIAN_POINT('Ctrl Pts',(1.87810851442347,-5.71398290704195,8.2775096702618));
#2995=CARTESIAN_POINT('Ctrl Pts',(0.889108183999229,-5.94864522988278,8.24446939107968));
#2996=CARTESIAN_POINT('Ctrl Pts',(-0.0958441388517298,-5.93273320241742,
8.21142911189757));
#2997=CARTESIAN_POINT('Ctrl Pts',(-1.0807964617027,-5.91682117495207,8.17838883271545));
#2998=CARTESIAN_POINT('Ctrl Pts',(-2.06170077698039,-5.65033479718052,8.14534855353335));
#2999=CARTESIAN_POINT('Ctrl Pts',(-2.91930558243776,-5.165671686901,8.11230827435123));
#3000=CARTESIAN_POINT('Ctrl Pts',(-3.77691038789513,-4.68100857662149,8.07926799516912));
#3001=CARTESIAN_POINT('Ctrl Pts',(-4.51121568353218,-3.97816873383402,8.046227715987));
#3002=CARTESIAN_POINT('Ctrl Pts',(-5.03294985625689,-3.14259842143769,8.01318743680489));
#3003=CARTESIAN_POINT('Ctrl Pts',(-5.55468402898162,-2.30702810904136,7.98014715762277));
#3004=CARTESIAN_POINT('Ctrl Pts',(-5.863847078794,-1.33872732703617,7.94710687844066));
#3005=CARTESIAN_POINT('Ctrl Pts',(-5.92285312367078,-0.355415271104994,
7.91406659925855));
#3006=CARTESIAN_POINT('Ctrl Pts',(-5.92995129275526,-0.237127132145917,
7.9100919982033));
#3007=CARTESIAN_POINT('Ctrl Pts',(-5.93342943042892,-0.118621764478243,
7.90611739714806));
#3008=CARTESIAN_POINT('Ctrl Pts',(-5.93332799084454,-0.000110447721702323,
7.90214279609281));
#3009=CARTESIAN_POINT('Ctrl Pts',(-5.93340770248019,-8.42550382597454E-5,
7.72285720390719));
#3010=CARTESIAN_POINT('Ctrl Pts',(-5.93346682934515,-0.0852399905309499,
7.72571324547633));
#3011=CARTESIAN_POINT('Ctrl Pts',(-5.93167146653732,-0.17039323101322,7.72856928704546));
#3012=CARTESIAN_POINT('Ctrl Pts',(-5.9280052841503,-0.255465849010125,7.73142532861459));
#3013=CARTESIAN_POINT('Ctrl Pts',(-5.88559284488169,-1.23963326441048,7.76446560779671));
#3014=CARTESIAN_POINT('Ctrl Pts',(-5.59280580205687,-2.21301085109842,7.79750588697883));
#3015=CARTESIAN_POINT('Ctrl Pts',(-5.0852391371395,-3.05726223400978,7.83054616616094));
#3016=CARTESIAN_POINT('Ctrl Pts',(-4.57767247222213,-3.90151361692118,7.86358644534305));
#3017=CARTESIAN_POINT('Ctrl Pts',(-3.8553261852122,-4.616638796056,7.89662672452517));
#3018=CARTESIAN_POINT('Ctrl Pts',(-3.0060180389189,-5.11569789963392,7.92966700370728));
#3019=CARTESIAN_POINT('Ctrl Pts',(-2.15670989262562,-5.61475700321183,7.96270728288939));
#3020=CARTESIAN_POINT('Ctrl Pts',(-1.18043988704898,-5.89775003123285,7.99574756207151));
#3021=CARTESIAN_POINT('Ctrl Pts',(-0.195896036430383,-5.930272690821,8.02878784125362));
#3022=CARTESIAN_POINT('Ctrl Pts',(0.788647814188209,-5.96279535040916,8.06182812043574));
#3023=CARTESIAN_POINT('Ctrl Pts',(1.78146550984875,-5.74484764156445,8.09486839961786));
#3024=CARTESIAN_POINT('Ctrl Pts',(2.66185728160361,-5.30292610480588,8.12790867879997));
#3025=CARTESIAN_POINT('Ctrl Pts',(3.54224905335847,-4.86100456804731,8.16094895798208));
#3026=CARTESIAN_POINT('Ctrl Pts',(4.31021490120766,-4.19510920337488,8.19398923716418));
#3027=CARTESIAN_POINT('Ctrl Pts',(4.87239096312363,-3.38619487492832,8.2270295163463));
#3028=CARTESIAN_POINT('Ctrl Pts',(5.43456702503963,-2.57728054648174,8.26006979552841));
#3029=CARTESIAN_POINT('Ctrl Pts',(5.7909533010224,-1.62534725426101,8.29311007471054));
#3030=CARTESIAN_POINT('Ctrl Pts',(5.89822285497751,-0.646124315031928,8.32615035389265));
#3031=CARTESIAN_POINT('Ctrl Pts',(6.00549240893261,0.33309862419711,8.35919063307477));
#3032=CARTESIAN_POINT('Ctrl Pts',(5.86364524086008,1.3396112104345,8.39223091225687));
#3033=CARTESIAN_POINT('Ctrl Pts',(5.48992614482411,2.25104872375876,8.42527119143899));
#3034=CARTESIAN_POINT('Ctrl Pts',(5.11620704878813,3.16248623708305,8.4583114706211));
#3035=CARTESIAN_POINT('Ctrl Pts',(4.5106160247887,3.97884867749421,8.49135174980321));
#3036=CARTESIAN_POINT('Ctrl Pts',(3.74677652163641,4.60088851165924,8.52439202898533));
#3037=CARTESIAN_POINT('Ctrl Pts',(2.9829370184841,5.22292834582427,8.55743230816744));
#3038=CARTESIAN_POINT('Ctrl Pts',(2.06084903617892,5.65064557374316,8.59047258734955));
#3039=CARTESIAN_POINT('Ctrl Pts',(1.09261358638077,5.83204125805783,8.62351286653167));
#3040=CARTESIAN_POINT('Ctrl Pts',(0.124378136582657,6.0134369423725,8.65655314571378));
#3041=CARTESIAN_POINT('Ctrl Pts',(-0.890004780708421,5.94851108308296,8.6895934248959));
#3042=CARTESIAN_POINT('Ctrl Pts',(-1.82721377706578,5.64515709629214,8.72263370407801));
#3043=CARTESIAN_POINT('Ctrl Pts',(-2.76442277342315,5.34180310950132,8.75567398326013));
#3044=CARTESIAN_POINT('Ctrl Pts',(-3.62445784884679,4.8000209952092,8.78871426244223));
#3045=CARTESIAN_POINT('Ctrl Pts',(-4.30276176400587,4.08567642905487,8.82175454162435));
#3046=CARTESIAN_POINT('Ctrl Pts',(-4.98106567916497,3.37133186290052,8.85479482080646));
#3047=CARTESIAN_POINT('Ctrl Pts',(-5.47763843405948,2.48442484488394,8.88783509998858));
#3048=CARTESIAN_POINT('Ctrl Pts',(-5.73211070090797,1.5327799922472,8.92087537917069));
#3049=CARTESIAN_POINT('Ctrl Pts',(-5.8655632937539,1.03370999681832,8.93820265408286));
#3050=CARTESIAN_POINT('Ctrl Pts',(-5.93243205548717,0.516835439813646,8.95552992899503));
#3051=CARTESIAN_POINT('Ctrl Pts',(-5.93249991531575,-2.19891634861683E-5,
8.9728572039072));
#3052=CARTESIAN_POINT('Origin',(0.,0.,-2.3107734492731));
#3053=CARTESIAN_POINT('',(-5.2195385329876,-9.71606727751647E-5,8.3142265507269));
#3054=CARTESIAN_POINT('',(-5.21881007635458,-1.93438298098925E-5,8.56077344927311));
#3055=CARTESIAN_POINT('',(-5.21925,-1.0748359095413E-13,-2.3107734492731));
#3056=CARTESIAN_POINT('',(-4.94961781644969,1.65585447234465,9.5));
#3057=CARTESIAN_POINT('Ctrl Pts',(-5.21953853298759,-9.71606727750464E-5,
8.3142265507269));
#3058=CARTESIAN_POINT('Ctrl Pts',(-5.21962776921728,-0.104351364276613,
8.31820115178215));
#3059=CARTESIAN_POINT('Ctrl Pts',(-5.19113311933591,-1.0752068270521,8.35521603201951));
#3060=CARTESIAN_POINT('Ctrl Pts',(-4.61447587570015,-2.88130124972099,8.42527119143899));
#3061=CARTESIAN_POINT('Ctrl Pts',(-2.67657452010248,-4.73616228939833,8.52439202898532));
#3062=CARTESIAN_POINT('Ctrl Pts',(-0.0878749511593896,-5.4394451280217,
8.62351286653167));
#3063=CARTESIAN_POINT('Ctrl Pts',(2.52219077001041,-4.8201489902396,8.72263370407801));
#3064=CARTESIAN_POINT('Ctrl Pts',(4.51899674237564,-3.02885406162838,8.82175454162435));
#3065=CARTESIAN_POINT('Ctrl Pts',(5.41702619646929,-0.501104602773162,8.92087537917069));
#3066=CARTESIAN_POINT('Ctrl Pts',(4.99793014361353,2.14848414401626,9.01999621671703));
#3067=CARTESIAN_POINT('Ctrl Pts',(3.36360385016262,4.27568218948397,9.11911705426337));
#3068=CARTESIAN_POINT('Ctrl Pts',(0.911439182507404,5.36325717023959,9.21823789180971));
#3069=CARTESIAN_POINT('Ctrl Pts',(-1.76235391977302,5.14679499720088,9.31735872935605));
#3070=CARTESIAN_POINT('Ctrl Pts',(-3.88981532200625,3.75588876904159,9.41127943208615));
#3071=CARTESIAN_POINT('Ctrl Pts',(-4.71749066819114,2.34815148205474,9.47215985563414));
#3072=CARTESIAN_POINT('Ctrl Pts',(-4.94985147390634,1.65581614199726,9.50000000000001));
#3073=CARTESIAN_POINT('',(-4.94961781644969,1.65585447234465,10.5));
#3074=CARTESIAN_POINT('',(-4.94961781644969,1.65585447234465,9.5));
#3075=CARTESIAN_POINT('',(-0.0452951650158834,5.21905344967133,10.5));
#3076=CARTESIAN_POINT('Origin',(0.,0.,10.5));
#3077=CARTESIAN_POINT('',(-0.0452951650158837,5.21905344967133,9.5));
#3078=CARTESIAN_POINT('',(-0.0452951650158837,5.21905344967133,9.5));
#3079=CARTESIAN_POINT('Ctrl Pts',(-5.21881007635458,-1.93438298096843E-5,
8.56077344927311));
#3080=CARTESIAN_POINT('Ctrl Pts',(-5.21886421102191,-0.41233846647278,8.57648645354305));
#3081=CARTESIAN_POINT('Ctrl Pts',(-5.06909178368358,-1.6916168668245,8.62523973699511));
#3082=CARTESIAN_POINT('Ctrl Pts',(-4.03500791502407,-3.64883547936995,8.70703329962927));
#3083=CARTESIAN_POINT('Ctrl Pts',(-1.80077302858393,-5.13346530194466,8.80615413717562));
#3084=CARTESIAN_POINT('Ctrl Pts',(0.87132506462285,-5.36993316480581,8.90527497472197));
#3085=CARTESIAN_POINT('Ctrl Pts',(3.33153925593406,-4.30068671027744,9.00439581226829));
#3086=CARTESIAN_POINT('Ctrl Pts',(4.98175198428875,-2.18581885174861,9.10351664981465));
#3087=CARTESIAN_POINT('Ctrl Pts',(5.42057699246261,0.4606647776156,9.20263748736097));
#3088=CARTESIAN_POINT('Ctrl Pts',(4.54159847790235,2.99485733970477,9.30175832490733));
#3089=CARTESIAN_POINT('Ctrl Pts',(2.55797212725209,4.80144160123831,9.40087916245366));
#3090=CARTESIAN_POINT('Ctrl Pts',(0.821477702699236,5.22657600533264,9.46695972081789));
#3091=CARTESIAN_POINT('Ctrl Pts',(-0.0452951650159578,5.21905344967133,
9.5));
#3092=CARTESIAN_POINT('Origin',(0.,0.,-2.3107734492731));
#3093=CARTESIAN_POINT('',(-5.21914802462167,0.000132760195669606,7.0642265507269));
#3094=CARTESIAN_POINT('',(-5.21960865517777,-7.41190138869863E-5,7.3107734492731));
#3095=CARTESIAN_POINT('',(-5.21925,-1.0748359095413E-13,-2.3107734492731));
#3096=CARTESIAN_POINT('Ctrl Pts',(-5.21914802462166,0.000132760195669934,
7.0642265507269));
#3097=CARTESIAN_POINT('Ctrl Pts',(-5.2185305980205,-0.63366865044402,7.08838446826345));
#3098=CARTESIAN_POINT('Ctrl Pts',(-4.94476965937686,-2.13482582924869,7.14558266498212));
#3099=CARTESIAN_POINT('Ctrl Pts',(-3.53892511330463,-4.13174219854842,7.23582114088289));
#3100=CARTESIAN_POINT('Ctrl Pts',(-1.13422528745167,-5.32060311901225,7.33494197842923));
#3101=CARTESIAN_POINT('Ctrl Pts',(1.54625674539809,-5.21578130584892,7.43406281597557));
#3102=CARTESIAN_POINT('Ctrl Pts',(3.85077281929965,-3.84276375104245,7.53318365352192));
#3103=CARTESIAN_POINT('Ctrl Pts',(5.21898934307885,-1.53539401808316,7.63230449106825));
#3104=CARTESIAN_POINT('Ctrl Pts',(5.31823010393039,1.14530044669181,7.73142532861461));
#3105=CARTESIAN_POINT('Ctrl Pts',(4.12436512061454,3.54751982445644,7.83054616616094));
#3106=CARTESIAN_POINT('Ctrl Pts',(1.92767774451975,5.08717436995339,7.92966700370728));
#3107=CARTESIAN_POINT('Ctrl Pts',(-0.737716532812191,5.38990341794693,8.02878784125362));
#3108=CARTESIAN_POINT('Ctrl Pts',(-3.22373807871178,4.38209965531247,8.12790867879996));
#3109=CARTESIAN_POINT('Ctrl Pts',(-4.85766592676483,2.39194243669959,8.22305491529107));
#3110=CARTESIAN_POINT('Ctrl Pts',(-5.21888596144813,0.762298632817527,8.28516087260004));
#3111=CARTESIAN_POINT('Ctrl Pts',(-5.21953853298759,-9.71606727750464E-5,
8.3142265507269));
#3112=CARTESIAN_POINT('Ctrl Pts',(-5.21960865517777,-7.41190138864919E-5,
7.3107734492731));
#3113=CARTESIAN_POINT('Ctrl Pts',(-5.21966066898022,-0.0749854745625009,
7.31362949084224));
#3114=CARTESIAN_POINT('Ctrl Pts',(-5.19981017179722,-1.01648551730537,7.34952581159348));
#3115=CARTESIAN_POINT('Ctrl Pts',(-4.66241748004749,-2.80306048439517,7.41846241152684));
#3116=CARTESIAN_POINT('Ctrl Pts',(-2.75607708304269,-4.69034369248517,7.51758324907319));
#3117=CARTESIAN_POINT('Ctrl Pts',(-0.179607897164075,-5.43718914748202,
7.61670408661952));
#3118=CARTESIAN_POINT('Ctrl Pts',(2.44053221310541,-4.86200446213507,7.71582492416588));
#3119=CARTESIAN_POINT('Ctrl Pts',(4.46726696014074,-3.10464340597467,7.8149457617122));
#3120=CARTESIAN_POINT('Ctrl Pts',(5.40780416101199,-0.592401116025437,7.91406659925855));
#3121=CARTESIAN_POINT('Ctrl Pts',(5.03345602416929,2.06388111002525,8.01318743680489));
#3122=CARTESIAN_POINT('Ctrl Pts',(3.435243845503,4.21833905732812,8.11230827435122));
#3123=CARTESIAN_POINT('Ctrl Pts',(1.00176616053101,5.34712540916478,8.21142911189758));
#3124=CARTESIAN_POINT('Ctrl Pts',(-1.67528661600947,5.17577990549195,8.31054994944391));
#3125=CARTESIAN_POINT('Ctrl Pts',(-3.94500079133638,3.7459654945603,8.40967078699025));
#3126=CARTESIAN_POINT('Ctrl Pts',(-5.04775765722227,1.7763793787696,8.49307862026665));
#3127=CARTESIAN_POINT('Ctrl Pts',(-5.21875038017891,0.454659256572873,8.54344617436094));
#3128=CARTESIAN_POINT('Ctrl Pts',(-5.21881007635458,-1.93438298096843E-5,
8.56077344927311));
#3129=CARTESIAN_POINT('Origin',(0.,0.,-2.3107734492731));
#3130=CARTESIAN_POINT('',(-5.21897596373796,-0.000109507235034306,5.8142265507269));
#3131=CARTESIAN_POINT('',(-5.21906340648292,0.000125043514246359,6.0607734492731));
#3132=CARTESIAN_POINT('',(-5.21925,-1.0748359095413E-13,-2.3107734492731));
#3133=CARTESIAN_POINT('Ctrl Pts',(-5.21897596373796,-0.000109507235034507,
5.8142265507269));
#3134=CARTESIAN_POINT('Ctrl Pts',(-5.21920240393365,-0.296626737711318,
5.82552750556264));
#3135=CARTESIAN_POINT('Ctrl Pts',(-5.12170283632449,-1.45991563070783,5.86986873958049));
#3136=CARTESIAN_POINT('Ctrl Pts',(-4.26866779424532,-3.37250052857038,5.94725025278046));
#3137=CARTESIAN_POINT('Ctrl Pts',(-2.13807471857889,-5.00239153311777,6.0463710903268));
#3138=CARTESIAN_POINT('Ctrl Pts',(0.512382418522468,-5.41597164043753,6.14549192787314));
#3139=CARTESIAN_POINT('Ctrl Pts',(3.03825588098128,-4.51268055090513,6.24461276541948));
#3140=CARTESIAN_POINT('Ctrl Pts',(4.82538994006909,-2.5121497724289,6.34373360296583));
#3141=CARTESIAN_POINT('Ctrl Pts',(5.43925031023784,0.0991998760706045,6.44285444051216));
#3142=CARTESIAN_POINT('Ctrl Pts',(4.73057937087347,2.68642948329205,6.5419752780585));
#3143=CARTESIAN_POINT('Ctrl Pts',(2.87168754198059,4.62046482662379,6.64109611560484));
#3144=CARTESIAN_POINT('Ctrl Pts',(0.314556715276017,5.43105317831739,6.74021695315119));
#3145=CARTESIAN_POINT('Ctrl Pts',(-2.31905728113837,4.9211033193409,6.83933779069753));
#3146=CARTESIAN_POINT('Ctrl Pts',(-4.38880205147127,3.21460745750515,6.93845862824387));
#3147=CARTESIAN_POINT('Ctrl Pts',(-5.14706586999433,1.33290097469684,7.01342154825366));
#3148=CARTESIAN_POINT('Ctrl Pts',(-5.21937503948554,0.233168299465693,7.05534418908134));
#3149=CARTESIAN_POINT('Ctrl Pts',(-5.21914802462166,0.000132760195669934,
7.0642265507269));
#3150=CARTESIAN_POINT('Ctrl Pts',(-5.21906340648292,0.000125043514246359,
6.0607734492731));
#3151=CARTESIAN_POINT('Ctrl Pts',(-5.21852314067433,-0.604358258021984,
6.08381280732354));
#3152=CARTESIAN_POINT('Ctrl Pts',(-4.96306740226524,-2.076163674326,6.13989244455609));
#3153=CARTESIAN_POINT('Ctrl Pts',(-3.60811048234981,-4.07146455030152,6.22901236097075));
#3154=CARTESIAN_POINT('Ctrl Pts',(-1.22380485626516,-5.30071566026596,6.3281331985171));
#3155=CARTESIAN_POINT('Ctrl Pts',(1.45806387996344,-5.24111959023502,6.42725403606343));
#3156=CARTESIAN_POINT('Ctrl Pts',(3.78541038931187,-3.90716687917291,6.52637487360978));
#3157=CARTESIAN_POINT('Ctrl Pts',(5.1923499539961,-1.62320263443117,6.62549571115612));
#3158=CARTESIAN_POINT('Ctrl Pts',(5.33679101382924,1.05543664515353,6.72461654870245));
#3159=CARTESIAN_POINT('Ctrl Pts',(4.18361332002832,3.47745085165778,6.82373738624881));
#3160=CARTESIAN_POINT('Ctrl Pts',(2.01320727911438,5.05393720661735,6.92285822379513));
#3161=CARTESIAN_POINT('Ctrl Pts',(-0.646701819673624,5.40157954620006,7.02197906134148));
#3162=CARTESIAN_POINT('Ctrl Pts',(-3.14936803459891,4.43585006726023,7.12109989888782));
#3163=CARTESIAN_POINT('Ctrl Pts',(-4.83623150886693,2.45046549278154,7.21736469486502));
#3164=CARTESIAN_POINT('Ctrl Pts',(-5.21905894435098,0.791630798809367,7.28058921166012));
#3165=CARTESIAN_POINT('Ctrl Pts',(-5.21960865517777,-7.41190138864919E-5,
7.3107734492731));
#3166=CARTESIAN_POINT('Origin',(0.,0.,-2.3107734492731));
#3167=CARTESIAN_POINT('',(-5.21966805777312,4.23012062513715E-5,4.5642265507269));
#3168=CARTESIAN_POINT('',(-5.21905041309368,-0.000123280577418172,4.8107734492731));
#3169=CARTESIAN_POINT('',(-5.21925,-1.0748359095413E-13,-2.3107734492731));
#3170=CARTESIAN_POINT('Ctrl Pts',(-5.21966805777312,4.23012062514879E-5,
4.5642265507269));
#3171=CARTESIAN_POINT('Ctrl Pts',(-5.21931210669147,-0.825733996497914,
4.59571082204395));
#3172=CARTESIAN_POINT('Ctrl Pts',(-4.81056814130107,-2.51843780998661,4.6602353725431));
#3173=CARTESIAN_POINT('Ctrl Pts',(-3.06180781832132,-4.49673408558935,4.75780020222437));
#3174=CARTESIAN_POINT('Ctrl Pts',(-0.540691517815799,-5.41321875000416,
4.85692103977071));
#3175=CARTESIAN_POINT('Ctrl Pts',(2.11189169822483,-5.01350157153698,4.95604187731705));
#3176=CARTESIAN_POINT('Ctrl Pts',(4.25097714638593,-3.39477213576097,5.05516271486339));
#3177=CARTESIAN_POINT('Ctrl Pts',(5.35645501049768,-0.950617837697677,5.15428355240973));
#3178=CARTESIAN_POINT('Ctrl Pts',(5.15953290118761,1.72467527215912,5.25340438995607));
#3179=CARTESIAN_POINT('Ctrl Pts',(3.70809161824387,3.98062069325177,5.35252522750242));
#3180=CARTESIAN_POINT('Ctrl Pts',(1.35504313135992,5.26869458831966,5.45164606504875));
#3181=CARTESIAN_POINT('Ctrl Pts',(-1.32747851170844,5.27570709514724,5.5507669025951));
#3182=CARTESIAN_POINT('Ctrl Pts',(-3.6872292223264,3.99995315158276,5.64988774014143));
#3183=CARTESIAN_POINT('Ctrl Pts',(-4.98362128826104,2.00796299811952,5.73770762285204));
#3184=CARTESIAN_POINT('Ctrl Pts',(-5.21854036719495,0.570292227955229,5.79248722638053));
#3185=CARTESIAN_POINT('Ctrl Pts',(-5.21897596373796,-0.000109507235034507,
5.8142265507269));
#3186=CARTESIAN_POINT('Ctrl Pts',(-5.21905041309367,-0.000123280577417895,
4.8107734492731));
#3187=CARTESIAN_POINT('Ctrl Pts',(-5.21928492756113,-0.267280547606073,
4.82095584462273));
#3188=CARTESIAN_POINT('Ctrl Pts',(-5.13373554792965,-1.40117253909891,4.86417851915447));
#3189=CARTESIAN_POINT('Ctrl Pts',(-4.3249434727891,-3.3000225445266,4.94044147286832));
#3190=CARTESIAN_POINT('Ctrl Pts',(-2.22214431910287,-4.96561773219442,5.03956231041465));
#3191=CARTESIAN_POINT('Ctrl Pts',(0.420960073116498,-5.42384342086372,5.138683147961));
#3192=CARTESIAN_POINT('Ctrl Pts',(2.96170975742476,-4.56328392169279,5.23780398550734));
#3193=CARTESIAN_POINT('Ctrl Pts',(4.78233191302354,-2.59318073239824,5.33692482305369));
#3194=CARTESIAN_POINT('Ctrl Pts',(5.44014976163025,0.00744367108260957,
5.43604566060002));
#3195=CARTESIAN_POINT('Ctrl Pts',(4.77521760280259,2.60625817659901,5.53516649814637));
#3196=CARTESIAN_POINT('Ctrl Pts',(2.94921095221036,4.57137174123559,5.6342873356927));
#3197=CARTESIAN_POINT('Ctrl Pts',(0.406115805915979,5.42497509573916,5.73340817323905));
#3198=CARTESIAN_POINT('Ctrl Pts',(-2.23572472586089,4.95951810031773,5.83252901078539));
#3199=CARTESIAN_POINT('Ctrl Pts',(-4.33395799913691,3.28817470626516,5.93164984833173));
#3200=CARTESIAN_POINT('Ctrl Pts',(-5.1356385049811,1.39164222591868,6.00773132782763));
#3201=CARTESIAN_POINT('Ctrl Pts',(-5.21929792498513,0.26251906555451,6.05077252814142));
#3202=CARTESIAN_POINT('Ctrl Pts',(-5.21906340648292,0.000125043514246359,
6.0607734492731));
#3203=CARTESIAN_POINT('Origin',(0.,0.,-2.3107734492731));
#3204=CARTESIAN_POINT('',(-5.21883462072794,5.01422669848386E-5,3.3142265507269));
#3205=CARTESIAN_POINT('',(-5.21961854256639,6.99661271365976E-5,3.5607734492731));
#3206=CARTESIAN_POINT('',(-5.21925,-1.0748359095413E-13,-2.3107734492731));
#3207=CARTESIAN_POINT('Ctrl Pts',(-5.21883462072794,5.01422669846319E-5,
3.3142265507269));
#3208=CARTESIAN_POINT('Ctrl Pts',(-5.2186696945918,-0.488735670079158,3.33285385934313));
#3209=CARTESIAN_POINT('Ctrl Pts',(-5.0297525674367,-1.84463258066528,3.38452144714148));
#3210=CARTESIAN_POINT('Ctrl Pts',(-3.87081115314467,-3.8225783928555,3.46922931412193));
#3211=CARTESIAN_POINT('Ctrl Pts',(-1.5735050673455,-5.20762578877097,3.56835015166828));
#3212=CARTESIAN_POINT('Ctrl Pts',(1.10639229456325,-5.32646042352385,3.66747098921462));
#3213=CARTESIAN_POINT('Ctrl Pts',(3.51727492710168,-4.15018814513467,3.76659182676096));
#3214=CARTESIAN_POINT('Ctrl Pts',(5.07294664820773,-1.96481471321665,3.8657126643073));
#3215=CARTESIAN_POINT('Ctrl Pts',(5.39515228645723,0.698295323462768,3.96483350185364));
#3216=CARTESIAN_POINT('Ctrl Pts',(4.40554886802326,3.19161772840884,4.06395433939999));
#3217=CARTESIAN_POINT('Ctrl Pts',(2.34475438807998,4.90891142845482,4.16307517694632));
#3218=CARTESIAN_POINT('Ctrl Pts',(-0.28615746365696,5.43262353369235,4.26219601449266));
#3219=CARTESIAN_POINT('Ctrl Pts',(-2.84749130674249,4.6354156028193,4.36131685203901));
#3220=CARTESIAN_POINT('Ctrl Pts',(-4.71646936695447,2.71112546065555,4.46043768958534));
#3221=CARTESIAN_POINT('Ctrl Pts',(-5.2092649788258,0.948243527323985,4.52807425581464));
#3222=CARTESIAN_POINT('Ctrl Pts',(-5.21968564949939,0.0408536130221913,
4.56267054286183));
#3223=CARTESIAN_POINT('Ctrl Pts',(-5.21966805777312,4.23012062514879E-5,
4.5642265507269));
#3224=CARTESIAN_POINT('Ctrl Pts',(-5.21961854256639,6.99661271364675E-5,
3.5607734492731));
#3225=CARTESIAN_POINT('Ctrl Pts',(-5.21909081010136,-0.79639047660791,3.59113916110403));
#3226=CARTESIAN_POINT('Ctrl Pts',(-4.83269777830341,-2.45995692633558,3.65454515211707));
#3227=CARTESIAN_POINT('Ctrl Pts',(-3.13721725756178,-4.44445190277288,3.75099142231222));
#3228=CARTESIAN_POINT('Ctrl Pts',(-0.631917633692695,-5.4033290609987,3.85011225985857));
#3229=CARTESIAN_POINT('Ctrl Pts',(2.02703016004117,-5.04840901349012,3.94923309740491));
#3230=CARTESIAN_POINT('Ctrl Pts',(4.19311391937378,-3.46598910794001,4.04835393495125));
#3231=CARTESIAN_POINT('Ctrl Pts',(5.33965929997565,-1.04082822664857,4.14747477249759));
#3232=CARTESIAN_POINT('Ctrl Pts',(5.18788851499034,1.6374057509476,4.24659561004393));
#3233=CARTESIAN_POINT('Ctrl Pts',(3.77470400566743,3.91751126441306,4.34571644759028));
#3234=CARTESIAN_POINT('Ctrl Pts',(1.44371576476803,5.24509004953825,4.44483728513661));
#3235=CARTESIAN_POINT('Ctrl Pts',(-1.2383060179006,5.2973467928045,4.54395812268296));
#3236=CARTESIAN_POINT('Ctrl Pts',(-3.61923879270095,4.06157548232375,4.6430789602293));
#3237=CARTESIAN_POINT('Ctrl Pts',(-4.96598241234107,2.0666447035668,4.73201740242601));
#3238=CARTESIAN_POINT('Ctrl Pts',(-5.21852396481996,0.599602969000048,4.78791556544061));
#3239=CARTESIAN_POINT('Ctrl Pts',(-5.21905041309367,-0.000123280577417895,
4.8107734492731));
#3240=CARTESIAN_POINT('Origin',(0.,0.,-2.3107734492731));
#3241=CARTESIAN_POINT('',(-5.21940268844116,-0.000123363917971639,2.0642265507269));
#3242=CARTESIAN_POINT('',(-5.21881205016863,2.39603925748788E-5,2.3107734492731));
#3243=CARTESIAN_POINT('',(-5.21925,-1.0748359095413E-13,-2.3107734492731));
#3244=CARTESIAN_POINT('Ctrl Pts',(-5.21940268844116,-0.000123363917971485,
2.0642265507269));
#3245=CARTESIAN_POINT('Ctrl Pts',(-5.21955432115487,-0.151491528585931,
2.06999689664232));
#3246=CARTESIAN_POINT('Ctrl Pts',(-5.17614749096086,-1.16948820221363,2.10880752173985));
#3247=CARTESIAN_POINT('Ctrl Pts',(-4.53477035719028,-3.00518591090339,2.18065842601951));
#3248=CARTESIAN_POINT('Ctrl Pts',(-2.54735741578005,-4.80689658201698,2.27977926356584));
#3249=CARTESIAN_POINT('Ctrl Pts',(0.0594349890987451,-5.4398301475555,2.37890010111219));
#3250=CARTESIAN_POINT('Ctrl Pts',(2.65177602119209,-4.75009141875847,2.47802093865852));
#3251=CARTESIAN_POINT('Ctrl Pts',(4.59934863596804,-2.90538752622721,2.57714177620487));
#3252=CARTESIAN_POINT('Ctrl Pts',(5.42860857389193,-0.354250623585973,2.6762626137512));
#3253=CARTESIAN_POINT('Ctrl Pts',(4.93792469664226,2.28302085911232,2.77538345129755));
#3254=CARTESIAN_POINT('Ctrl Pts',(3.24660476792613,4.36518522329767,2.87450428884388));
#3255=CARTESIAN_POINT('Ctrl Pts',(0.765886262133702,5.38597277994615,2.97362512639023));
#3256=CARTESIAN_POINT('Ctrl Pts',(-1.90105433373343,5.09718323910592,3.07274596393657));
#3257=CARTESIAN_POINT('Ctrl Pts',(-4.10576139849186,3.56903458816119,3.17186680148291));
#3258=CARTESIAN_POINT('Ctrl Pts',(-5.0854549425914,1.62334839678332,3.25236033041302));
#3259=CARTESIAN_POINT('Ctrl Pts',(-5.21896223312728,0.378250539946958,3.29981358016102));
#3260=CARTESIAN_POINT('Ctrl Pts',(-5.21883462072794,5.01422669846319E-5,
3.3142265507269));
#3261=CARTESIAN_POINT('Ctrl Pts',(-5.21881205016863,2.3960392575087E-5,
2.3107734492731));
#3262=CARTESIAN_POINT('Ctrl Pts',(-5.21873836397189,-0.459416230270585,
2.32828219840322));
#3263=CARTESIAN_POINT('Ctrl Pts',(-5.04528892121936,-1.78590795671727,2.37883122671545));
#3264=CARTESIAN_POINT('Ctrl Pts',(-3.93473474518302,-3.75674690686465,2.46242053420979));
#3265=CARTESIAN_POINT('Ctrl Pts',(-1.66111659713742,-5.18034520933988,2.56154137175613));
#3266=CARTESIAN_POINT('Ctrl Pts',(1.01639520962936,-5.3443639111724,2.66066220930248));
#3267=CARTESIAN_POINT('Ctrl Pts',(3.44677470754362,-4.20892254058499,2.75978304684881));
#3268=CARTESIAN_POINT('Ctrl Pts',(5.03908513203208,-2.0500989901314,2.85890388439516));
#3269=CARTESIAN_POINT('Ctrl Pts',(5.40616276185185,0.607197685742509,2.9580247219415));
#3270=CARTESIAN_POINT('Ctrl Pts',(4.45875418324639,3.11685674527849,3.05714555948784));
#3271=CARTESIAN_POINT('Ctrl Pts',(2.42721788987926,4.86866492503384,3.15626639703418));
#3272=CARTESIAN_POINT('Ctrl Pts',(-0.194486436090065,5.43667728151874,3.25538723458052));
#3273=CARTESIAN_POINT('Ctrl Pts',(-2.76890218618258,4.68278394980573,3.35450807212686));
#3274=CARTESIAN_POINT('Ctrl Pts',(-4.67007077436966,2.79029098833495,3.45362890967321));
#3275=CARTESIAN_POINT('Ctrl Pts',(-5.20117057883822,1.00695907791533,3.52238403538861));
#3276=CARTESIAN_POINT('Ctrl Pts',(-5.21966502446772,0.070221033505717,3.55809888192191));
#3277=CARTESIAN_POINT('Ctrl Pts',(-5.21961854256639,6.99661271364675E-5,
3.5607734492731));
#3278=CARTESIAN_POINT('Origin',(0.,0.,-2.3107734492731));
#3279=CARTESIAN_POINT('',(-5.21929443389856,0.000133921000731536,0.8142265507269));
#3280=CARTESIAN_POINT('',(-5.21948991865204,-0.000108715441440588,1.0607734492731));
#3281=CARTESIAN_POINT('',(-5.21925,-1.0748359095413E-13,-2.3107734492731));
#3282=CARTESIAN_POINT('Ctrl Pts',(-5.21929443389856,0.000133921000731504,
0.8142265507269));
#3283=CARTESIAN_POINT('Ctrl Pts',(-5.21859363957924,-0.680725357550842,
0.840180213123623));
#3284=CARTESIAN_POINT('Ctrl Pts',(-4.91419645578559,-2.22896187674998,0.899174154702459));
#3285=CARTESIAN_POINT('Ctrl Pts',(-3.42575712940222,-4.22604622862848,0.991208375463409));
#3286=CARTESIAN_POINT('Ctrl Pts',(-0.989749404001758,-5.34936300894999,
1.09032921300975));
#3287=CARTESIAN_POINT('Ctrl Pts',(1.68691174616003,-5.17200264202377,1.18945005055609));
#3288=CARTESIAN_POINT('Ctrl Pts',(3.95340728718708,-3.73709193483603,1.28857088810243));
#3289=CARTESIAN_POINT('Ctrl Pts',(5.25864811250439,-1.39352230769173,1.38769172564877));
#3290=CARTESIAN_POINT('Ctrl Pts',(5.28527031762587,1.28887632016631,1.48681256319511));
#3291=CARTESIAN_POINT('Ctrl Pts',(4.02680080968758,3.65789008608496,1.58593340074145));
#3292=CARTESIAN_POINT('Ctrl Pts',(1.78923127292668,5.13750288935358,1.6850542382878));
#3293=CARTESIAN_POINT('Ctrl Pts',(-0.883382479466839,5.36795305346433,1.78417507583414));
#3294=CARTESIAN_POINT('Ctrl Pts',(-3.3412054198873,4.29320752814213,1.88329591338048));
#3295=CARTESIAN_POINT('Ctrl Pts',(-4.89083931018143,2.29792238183141,1.9766464050114));
#3296=CARTESIAN_POINT('Ctrl Pts',(-5.21868609119647,0.715223655082494,2.03695661746021));
#3297=CARTESIAN_POINT('Ctrl Pts',(-5.21940268844116,-0.000123363917971485,
2.0642265507269));
#3298=CARTESIAN_POINT('Ctrl Pts',(-5.21948991865204,-0.00010871544144064,
1.0607734492731));
#3299=CARTESIAN_POINT('Ctrl Pts',(-5.21960298643886,-0.122128850885006,
1.06542523570241));
#3300=CARTESIAN_POINT('Ctrl Pts',(-5.18563518718904,-1.11075950223368,1.10311730131383));
#3301=CARTESIAN_POINT('Ctrl Pts',(-4.58481280678261,-2.92827192263439,1.17384964610736));
#3302=CARTESIAN_POINT('Ctrl Pts',(-2.6280714451575,-4.76324734299773,1.2729704836537));
#3303=CARTESIAN_POINT('Ctrl Pts',(-0.0323253397787042,-5.44005881819624,
1.37209132120004));
#3304=CARTESIAN_POINT('Ctrl Pts',(2.57128054062702,-4.79414238457857,1.47121215874638));
#3305=CARTESIAN_POINT('Ctrl Pts',(4.54969014735189,-2.98254998355394,1.57033299629272));
#3306=CARTESIAN_POINT('Ctrl Pts',(5.42186133466342,-0.445762835050074,1.66945383383906));
#3307=CARTESIAN_POINT('Ctrl Pts',(4.97572926999056,2.19940970892022,1.76857467138541));
#3308=CARTESIAN_POINT('Ctrl Pts',(3.3197691276743,4.3098048421277,1.86769550893175));
#3309=CARTESIAN_POINT('Ctrl Pts',(0.856620795499123,5.37228867888579,1.96681634647809));
#3310=CARTESIAN_POINT('Ctrl Pts',(-1.81481135478582,5.12852265121608,2.06593718402443));
#3311=CARTESIAN_POINT('Ctrl Pts',(-4.04497959908834,3.63777746434131,2.16505802157077));
#3312=CARTESIAN_POINT('Ctrl Pts',(-5.07141923313926,1.68208791755389,2.24667010998699));
#3313=CARTESIAN_POINT('Ctrl Pts',(-5.21887741516818,0.407580723891193,2.2952419192211));
#3314=CARTESIAN_POINT('Ctrl Pts',(-5.21881205016863,2.3960392575087E-5,
2.3107734492731));
#3315=CARTESIAN_POINT('Origin',(3.55,-3.2,-14.));
#3316=CARTESIAN_POINT('',(3.3,-3.45,-14.7));
#3317=CARTESIAN_POINT('',(3.8,-2.95,-14.7));
#3318=CARTESIAN_POINT('',(4.0875,-2.6625,-14.7));
#3319=CARTESIAN_POINT('',(3.8,-2.95,-14.));
#3320=CARTESIAN_POINT('',(3.8,-2.95,-14.));
#3321=CARTESIAN_POINT('',(3.3,-3.45,-14.));
#3322=CARTESIAN_POINT('',(3.4625,-3.2875,-14.));
#3323=CARTESIAN_POINT('',(3.3,-3.45,-14.));
#3324=CARTESIAN_POINT('Origin',(3.8,3.45,-14.));
#3325=CARTESIAN_POINT('',(3.8,2.95,-14.7));
#3326=CARTESIAN_POINT('',(3.8,3.45,-14.7));
#3327=CARTESIAN_POINT('',(3.8,2.95,-14.));
#3328=CARTESIAN_POINT('',(3.8,2.95,-14.));
#3329=CARTESIAN_POINT('',(3.8,1.725,-14.));
#3330=CARTESIAN_POINT('Origin',(2.5,5.55111512312578E-16,-14.7));
#3331=CARTESIAN_POINT('',(1.2,-3.45,-14.7));
#3332=CARTESIAN_POINT('',(3.8,-3.45,-14.7));
#3333=CARTESIAN_POINT('',(1.2,3.45,-14.7));
#3334=CARTESIAN_POINT('',(1.2,-3.45,-14.7));
#3335=CARTESIAN_POINT('',(3.3,3.45,-14.7));
#3336=CARTESIAN_POINT('',(1.2,3.45,-14.7));
#3337=CARTESIAN_POINT('',(4.0875,2.6625,-14.7));
#3338=CARTESIAN_POINT('Origin',(3.55,3.2,-14.));
#3339=CARTESIAN_POINT('',(3.3,3.45,-14.));
#3340=CARTESIAN_POINT('',(3.3,3.45,-14.));
#3341=CARTESIAN_POINT('',(3.4625,3.2875,-14.));
#3342=CARTESIAN_POINT('Origin',(-3.55,-3.2,-14.));
#3343=CARTESIAN_POINT('',(-3.8,-2.95,-14.7));
#3344=CARTESIAN_POINT('',(-3.3,-3.45,-14.7));
#3345=CARTESIAN_POINT('',(-4.0875,-2.6625,-14.7));
#3346=CARTESIAN_POINT('',(-3.3,-3.45,-14.));
#3347=CARTESIAN_POINT('',(-3.3,-3.45,-14.));
#3348=CARTESIAN_POINT('',(-3.8,-2.95,-14.));
#3349=CARTESIAN_POINT('',(-3.4625,-3.2875,-14.));
#3350=CARTESIAN_POINT('',(-3.8,-2.95,-14.));
#3351=CARTESIAN_POINT('Origin',(-1.2,-3.45,-14.));
#3352=CARTESIAN_POINT('',(-1.2,-3.45,-14.7));
#3353=CARTESIAN_POINT('',(-3.8,-3.45,-14.7));
#3354=CARTESIAN_POINT('',(-1.2,-3.45,-14.));
#3355=CARTESIAN_POINT('',(-1.2,-3.45,-14.));
#3356=CARTESIAN_POINT('',(-0.6,-3.45,-14.));
#3357=CARTESIAN_POINT('Origin',(-2.5,0.,-14.7));
#3358=CARTESIAN_POINT('',(-3.8,2.95,-14.7));
#3359=CARTESIAN_POINT('',(-3.8,3.45,-14.7));
#3360=CARTESIAN_POINT('',(-3.3,3.45,-14.7));
#3361=CARTESIAN_POINT('',(-4.0875,2.6625,-14.7));
#3362=CARTESIAN_POINT('',(-1.2,3.45,-14.7));
#3363=CARTESIAN_POINT('',(-1.2,3.45,-14.7));
#3364=CARTESIAN_POINT('',(-1.2,-3.45,-14.7));
#3365=CARTESIAN_POINT('Origin',(-3.55,3.2,-14.));
#3366=CARTESIAN_POINT('',(-3.8,2.95,-14.));
#3367=CARTESIAN_POINT('',(-3.8,2.95,-14.));
#3368=CARTESIAN_POINT('',(-3.3,3.45,-14.));
#3369=CARTESIAN_POINT('',(-3.4625,3.2875,-14.));
#3370=CARTESIAN_POINT('',(-3.3,3.45,-14.));
#3371=CARTESIAN_POINT('Origin',(-3.8,3.45,-14.));
#3372=CARTESIAN_POINT('',(-1.2,3.45,-14.));
#3373=CARTESIAN_POINT('',(-1.9,3.45,-14.));
#3374=CARTESIAN_POINT('',(-1.2,3.45,-14.));
#3375=CARTESIAN_POINT('Origin',(-1.2,3.45,-14.));
#3376=CARTESIAN_POINT('',(-1.2,1.725,-14.));
#3377=CARTESIAN_POINT('Origin',(-3.8,-3.45,-14.));
#3378=CARTESIAN_POINT('',(-3.8,-1.725,-14.));
#3379=CARTESIAN_POINT('Origin',(3.8,-3.45,-14.));
#3380=CARTESIAN_POINT('',(1.2,-3.45,-14.));
#3381=CARTESIAN_POINT('',(1.9,-3.45,-14.));
#3382=CARTESIAN_POINT('',(1.2,-3.45,-14.));
#3383=CARTESIAN_POINT('Origin',(1.2,3.45,-14.));
#3384=CARTESIAN_POINT('',(1.2,3.45,-14.));
#3385=CARTESIAN_POINT('',(1.2,3.45,-14.));
#3386=CARTESIAN_POINT('',(0.6,3.45,-14.));
#3387=CARTESIAN_POINT('Origin',(1.2,-3.45,-14.));
#3388=CARTESIAN_POINT('',(1.2,-1.725,-14.));
#3389=CARTESIAN_POINT('Ctrl Pts',(3.96868362371345,3.80782750329667,9.5));
#3390=CARTESIAN_POINT('Ctrl Pts',(3.96868362371345,3.80782750329667,10.5));
#3391=CARTESIAN_POINT('Ctrl Pts',(3.57268494877595,4.17196738316062,9.5));
#3392=CARTESIAN_POINT('Ctrl Pts',(3.57268494877595,4.17196738316062,10.5));
#3393=CARTESIAN_POINT('Ctrl Pts',(3.12474032923977,4.47645887389596,9.5));
#3394=CARTESIAN_POINT('Ctrl Pts',(3.12474032923977,4.47645887389596,10.5));
#3395=CARTESIAN_POINT('Ctrl Pts',(2.21879889344204,4.9105752889214,9.5));
#3396=CARTESIAN_POINT('Ctrl Pts',(2.21879889344204,4.9105752889214,10.5));
#3397=CARTESIAN_POINT('Ctrl Pts',(1.775232705744,5.05637205616008,9.5));
#3398=CARTESIAN_POINT('Ctrl Pts',(1.775232705744,5.05637205616008,10.5));
#3399=CARTESIAN_POINT('Ctrl Pts',(0.869006206089715,5.22703852131212,9.5));
#3400=CARTESIAN_POINT('Ctrl Pts',(0.869006206089715,5.22703852131212,10.5));
#3401=CARTESIAN_POINT('Ctrl Pts',(0.410604970962228,5.25312866683173,9.5));
#3402=CARTESIAN_POINT('Ctrl Pts',(0.410604970962228,5.25312866683173,10.5));
#3403=CARTESIAN_POINT('Ctrl Pts',(-0.0452951650159616,5.21905344967132,
9.5));
#3404=CARTESIAN_POINT('Ctrl Pts',(-0.0452951650159616,5.21905344967132,
10.5));
#3405=CARTESIAN_POINT('',(3.96858810203842,3.80769161286371,9.5));
#3406=CARTESIAN_POINT('Ctrl Pts',(3.96868362371345,3.80782750329667,9.5));
#3407=CARTESIAN_POINT('Ctrl Pts',(3.57268494877595,4.17196738316062,9.5));
#3408=CARTESIAN_POINT('Ctrl Pts',(3.12474032923977,4.47645887389596,9.5));
#3409=CARTESIAN_POINT('Ctrl Pts',(2.21879889344204,4.9105752889214,9.5));
#3410=CARTESIAN_POINT('Ctrl Pts',(1.775232705744,5.05637205616008,9.5));
#3411=CARTESIAN_POINT('Ctrl Pts',(0.869006206089715,5.22703852131212,9.5));
#3412=CARTESIAN_POINT('Ctrl Pts',(0.410604970962228,5.25312866683173,9.5));
#3413=CARTESIAN_POINT('Ctrl Pts',(-0.0452951650159616,5.21905344967132,
9.5));
#3414=CARTESIAN_POINT('',(3.96868362371364,3.80782750329687,10.5));
#3415=CARTESIAN_POINT('Ctrl Pts',(3.96868362371345,3.80782750329667,10.5));
#3416=CARTESIAN_POINT('Ctrl Pts',(3.57268494877595,4.17196738316062,10.5));
#3417=CARTESIAN_POINT('Ctrl Pts',(3.12474032923977,4.47645887389596,10.5));
#3418=CARTESIAN_POINT('Ctrl Pts',(2.21879889344204,4.9105752889214,10.5));
#3419=CARTESIAN_POINT('Ctrl Pts',(1.775232705744,5.05637205616008,10.5));
#3420=CARTESIAN_POINT('Ctrl Pts',(0.869006206089715,5.22703852131212,10.5));
#3421=CARTESIAN_POINT('Ctrl Pts',(0.410604970962228,5.25312866683173,10.5));
#3422=CARTESIAN_POINT('Ctrl Pts',(-0.0452951650159616,5.21905344967132,
10.5));
#3423=CARTESIAN_POINT('',(3.96868362371345,3.80782750329667,9.5));
#3424=CARTESIAN_POINT('Ctrl Pts',(-4.9496178164497,1.65585447234463,9.5));
#3425=CARTESIAN_POINT('Ctrl Pts',(-4.9496178164497,1.65585447234463,10.5));
#3426=CARTESIAN_POINT('Ctrl Pts',(-5.20988899592565,1.02044222771716,9.5));
#3427=CARTESIAN_POINT('Ctrl Pts',(-5.20988899592565,1.02044222771716,10.5));
#3428=CARTESIAN_POINT('Ctrl Pts',(-5.34200906348331,0.33987796546674,9.5));
#3429=CARTESIAN_POINT('Ctrl Pts',(-5.34200906348331,0.33987796546674,10.5));
#3430=CARTESIAN_POINT('Ctrl Pts',(-5.34115596550468,-1.05123403788478,9.5));
#3431=CARTESIAN_POINT('Ctrl Pts',(-5.34115596550468,-1.05123403788478,10.5));
#3432=CARTESIAN_POINT('Ctrl Pts',(-5.20161892858115,-1.74827723196753,9.5));
#3433=CARTESIAN_POINT('Ctrl Pts',(-5.20161892858115,-1.74827723196753,10.5));
#3434=CARTESIAN_POINT('Ctrl Pts',(-4.90642470749121,-2.46643017018834,9.5));
#3435=CARTESIAN_POINT('Ctrl Pts',(-4.90642470749121,-2.46643017018834,10.5));
#3436=CARTESIAN_POINT('Ctrl Pts',(-4.87776754083175,-2.53241319798312,9.5));
#3437=CARTESIAN_POINT('Ctrl Pts',(-4.87776754083175,-2.53241319798312,10.5));
#3438=CARTESIAN_POINT('Ctrl Pts',(-4.84784984496009,-2.59775901128635,9.5));
#3439=CARTESIAN_POINT('Ctrl Pts',(-4.84784984496009,-2.59775901128635,10.5));
#3440=CARTESIAN_POINT('',(-4.84766004099546,-2.59762974448878,9.5));
#3441=CARTESIAN_POINT('Ctrl Pts',(-4.9496178164497,1.65585447234463,9.5));
#3442=CARTESIAN_POINT('Ctrl Pts',(-5.20988899592565,1.02044222771716,9.5));
#3443=CARTESIAN_POINT('Ctrl Pts',(-5.34200906348331,0.33987796546674,9.5));
#3444=CARTESIAN_POINT('Ctrl Pts',(-5.34115596550468,-1.05123403788478,9.5));
#3445=CARTESIAN_POINT('Ctrl Pts',(-5.20161892858115,-1.74827723196753,9.5));
#3446=CARTESIAN_POINT('Ctrl Pts',(-4.90642470749121,-2.46643017018834,9.5));
#3447=CARTESIAN_POINT('Ctrl Pts',(-4.87776754083175,-2.53241319798312,9.5));
#3448=CARTESIAN_POINT('Ctrl Pts',(-4.84784984496009,-2.59775901128635,9.5));
#3449=CARTESIAN_POINT('',(-4.84784984496014,-2.59775901128635,10.5));
#3450=CARTESIAN_POINT('',(-4.84784984496009,-2.59775901128635,9.5));
#3451=CARTESIAN_POINT('Ctrl Pts',(-4.9496178164497,1.65585447234463,10.5));
#3452=CARTESIAN_POINT('Ctrl Pts',(-5.20988899592565,1.02044222771716,10.5));
#3453=CARTESIAN_POINT('Ctrl Pts',(-5.34200906348331,0.33987796546674,10.5));
#3454=CARTESIAN_POINT('Ctrl Pts',(-5.34115596550468,-1.05123403788478,10.5));
#3455=CARTESIAN_POINT('Ctrl Pts',(-5.20161892858115,-1.74827723196753,10.5));
#3456=CARTESIAN_POINT('Ctrl Pts',(-4.90642470749121,-2.46643017018834,10.5));
#3457=CARTESIAN_POINT('Ctrl Pts',(-4.87776754083175,-2.53241319798312,10.5));
#3458=CARTESIAN_POINT('Ctrl Pts',(-4.84784984496009,-2.59775901128635,10.5));
#3459=CARTESIAN_POINT('Origin',(0.,0.,10.5));
#3460=CARTESIAN_POINT('Origin',(0.,0.,10.5));
#3461=CARTESIAN_POINT('Origin',(0.,0.,15.55));
#3462=CARTESIAN_POINT('',(-7.02141031503819,-1.71974953356235E-15,15.5720492887014));
#3463=CARTESIAN_POINT('',(7.02141031503819,-8.59874766781173E-16,15.5720492887014));
#3464=CARTESIAN_POINT('Origin',(0.,-4.29937383390587E-16,15.5720492887014));
#3465=CARTESIAN_POINT('',(6.27173449918993,-7.68065957953498E-16,16.3));
#3466=CARTESIAN_POINT('Origin',(6.27173449918993,-7.68065957953498E-16,
15.55));
#3467=CARTESIAN_POINT('Origin',(0.,0.,16.3));
#3468=CARTESIAN_POINT('Origin',(0.,-4.29937383390587E-16,15.5720492887014));
#3469=CARTESIAN_POINT('Origin',(0.,0.,12.9));
#3470=CARTESIAN_POINT('',(-7.2,8.81745695386094E-16,9.5));
#3471=CARTESIAN_POINT('',(-7.1,-8.69499227394621E-16,12.9));
#3472=CARTESIAN_POINT('Origin',(0.,0.,9.5));
#3473=CARTESIAN_POINT('Origin',(0.,0.,16.3));
#3474=CARTESIAN_POINT('',(-5.5,-6.73555739531044E-16,16.3));
#3475=CARTESIAN_POINT('Origin',(0.,0.,16.3));
#3476=CARTESIAN_POINT('Ctrl Pts',(-2.27298430607246,4.6983095797157,-0.412083754634096));
#3477=CARTESIAN_POINT('Ctrl Pts',(-3.05327278311046,4.32081562525732,-0.379043475451982));
#3478=CARTESIAN_POINT('Ctrl Pts',(-4.42136302932678,3.16995454491115,-0.312962917087755));
#3479=CARTESIAN_POINT('Ctrl Pts',(-5.39858495784794,0.671243378042881,-0.213842079541414));
#3480=CARTESIAN_POINT('Ctrl Pts',(-5.06308200648525,-1.98999185027377,-0.114721241995073));
#3481=CARTESIAN_POINT('Ctrl Pts',(-3.49655438855603,-4.16770491919642,-0.0156004044487317));
#3482=CARTESIAN_POINT('Ctrl Pts',(-1.07983195411909,-5.33188737171465,0.0835204330976094));
#3483=CARTESIAN_POINT('Ctrl Pts',(1.5994359185447,-5.19973021465444,0.18264127064395));
#3484=CARTESIAN_POINT('Ctrl Pts',(3.8898132821666,-3.80323574560208,0.281762108190291));
#3485=CARTESIAN_POINT('Ctrl Pts',(5.23439563364635,-1.48202280018893,0.380882945736632));
#3486=CARTESIAN_POINT('Ctrl Pts',(5.30625774446037,1.19954943868486,0.480003783282973));
#3487=CARTESIAN_POINT('Ctrl Pts',(4.08792437551989,3.58945027349488,0.579124620829314));
#3488=CARTESIAN_POINT('Ctrl Pts',(1.87562942265504,5.10659407031261,0.678245458375655));
#3489=CARTESIAN_POINT('Ctrl Pts',(-0.792717298269541,5.38208901458335,0.777366295921995));
#3490=CARTESIAN_POINT('Ctrl Pts',(-3.26831797141286,4.34895196794129,0.876487133468338));
#3491=CARTESIAN_POINT('Ctrl Pts',(-4.94924064345093,2.25838476213855,0.975607971014677));
#3492=CARTESIAN_POINT('Ctrl Pts',(-5.42677581163292,-0.38129919202776,1.07472880856102));
#3493=CARTESIAN_POINT('Ctrl Pts',(-4.58481280678261,-2.92827192263439,1.17384964610736));
#3494=CARTESIAN_POINT('Ctrl Pts',(-2.6280714451575,-4.76324734299773,1.2729704836537));
#3495=CARTESIAN_POINT('Ctrl Pts',(-0.0323253397787042,-5.44005881819624,
1.37209132120004));
#3496=CARTESIAN_POINT('Ctrl Pts',(2.57128054062702,-4.79414238457857,1.47121215874638));
#3497=CARTESIAN_POINT('Ctrl Pts',(4.54969014735189,-2.98254998355394,1.57033299629272));
#3498=CARTESIAN_POINT('Ctrl Pts',(5.42186133466342,-0.445762835050074,1.66945383383906));
#3499=CARTESIAN_POINT('Ctrl Pts',(4.97572926999056,2.19940970892022,1.76857467138541));
#3500=CARTESIAN_POINT('Ctrl Pts',(3.3197691276743,4.3098048421277,1.86769550893175));
#3501=CARTESIAN_POINT('Ctrl Pts',(0.856620795499123,5.37228867888579,1.96681634647809));
#3502=CARTESIAN_POINT('Ctrl Pts',(-1.81481135478582,5.12852265121608,2.06593718402443));
#3503=CARTESIAN_POINT('Ctrl Pts',(-4.04497959908834,3.63777746434131,2.16505802157077));
#3504=CARTESIAN_POINT('Ctrl Pts',(-5.29162771448765,1.26252167049916,2.26417885911711));
#3505=CARTESIAN_POINT('Ctrl Pts',(-5.25163834648102,-1.41971106743296,2.36329969666345));
#3506=CARTESIAN_POINT('Ctrl Pts',(-3.93473474518302,-3.75674690686465,2.46242053420979));
#3507=CARTESIAN_POINT('Ctrl Pts',(-1.66111659713742,-5.18034520933988,2.56154137175613));
#3508=CARTESIAN_POINT('Ctrl Pts',(1.01639520962936,-5.3443639111724,2.66066220930248));
#3509=CARTESIAN_POINT('Ctrl Pts',(3.44677470754362,-4.20892254058499,2.75978304684881));
#3510=CARTESIAN_POINT('Ctrl Pts',(5.03908513203208,-2.0500989901314,2.85890388439516));
#3511=CARTESIAN_POINT('Ctrl Pts',(5.40616276185185,0.607197685742509,2.9580247219415));
#3512=CARTESIAN_POINT('Ctrl Pts',(4.45875418324639,3.11685674527849,3.05714555948784));
#3513=CARTESIAN_POINT('Ctrl Pts',(2.42721788987926,4.86866492503384,3.15626639703418));
#3514=CARTESIAN_POINT('Ctrl Pts',(-0.194486436090065,5.43667728151874,3.25538723458052));
#3515=CARTESIAN_POINT('Ctrl Pts',(-2.76890218618258,4.68278394980573,3.35450807212686));
#3516=CARTESIAN_POINT('Ctrl Pts',(-4.67007077436966,2.79029098833495,3.45362890967321));
#3517=CARTESIAN_POINT('Ctrl Pts',(-5.4357308890427,0.219350265812437,3.55274974721954));
#3518=CARTESIAN_POINT('Ctrl Pts',(-4.87971542695038,-2.40492457037374,3.65187058476589));
#3519=CARTESIAN_POINT('Ctrl Pts',(-3.13721725756178,-4.44445190277288,3.75099142231222));
#3520=CARTESIAN_POINT('Ctrl Pts',(-0.631917633692695,-5.4033290609987,3.85011225985857));
#3521=CARTESIAN_POINT('Ctrl Pts',(2.02703016004117,-5.04840901349012,3.94923309740491));
#3522=CARTESIAN_POINT('Ctrl Pts',(4.19311391937378,-3.46598910794001,4.04835393495125));
#3523=CARTESIAN_POINT('Ctrl Pts',(5.33965929997565,-1.04082822664857,4.14747477249759));
#3524=CARTESIAN_POINT('Ctrl Pts',(5.18788851499034,1.6374057509476,4.24659561004393));
#3525=CARTESIAN_POINT('Ctrl Pts',(3.77470400566743,3.91751126441306,4.34571644759028));
#3526=CARTESIAN_POINT('Ctrl Pts',(1.44371576476803,5.24509004953825,4.44483728513661));
#3527=CARTESIAN_POINT('Ctrl Pts',(-1.2383060179006,5.2973467928045,4.54395812268296));
#3528=CARTESIAN_POINT('Ctrl Pts',(-3.61923879270095,4.06157548232375,4.6430789602293));
#3529=CARTESIAN_POINT('Ctrl Pts',(-5.12016856212128,1.83824882229523,4.74219979777564));
#3530=CARTESIAN_POINT('Ctrl Pts',(-5.37615043481648,-0.832040467421735,
4.84132063532198));
#3531=CARTESIAN_POINT('Ctrl Pts',(-4.3249434727891,-3.3000225445266,4.94044147286832));
#3532=CARTESIAN_POINT('Ctrl Pts',(-2.22214431910287,-4.96561773219442,5.03956231041465));
#3533=CARTESIAN_POINT('Ctrl Pts',(0.420960073116498,-5.42384342086372,5.138683147961));
#3534=CARTESIAN_POINT('Ctrl Pts',(2.96170975742476,-4.56328392169279,5.23780398550734));
#3535=CARTESIAN_POINT('Ctrl Pts',(4.78233191302354,-2.59318073239824,5.33692482305369));
#3536=CARTESIAN_POINT('Ctrl Pts',(5.44014976163025,0.00744367108260957,
5.43604566060002));
#3537=CARTESIAN_POINT('Ctrl Pts',(4.77521760280259,2.60625817659901,5.53516649814637));
#3538=CARTESIAN_POINT('Ctrl Pts',(2.94921095221036,4.57137174123559,5.6342873356927));
#3539=CARTESIAN_POINT('Ctrl Pts',(0.406115805915979,5.42497509573916,5.73340817323905));
#3540=CARTESIAN_POINT('Ctrl Pts',(-2.23572472586089,4.95951810031773,5.83252901078539));
#3541=CARTESIAN_POINT('Ctrl Pts',(-4.33395799913691,3.28817470626516,5.93164984833173));
#3542=CARTESIAN_POINT('Ctrl Pts',(-5.37840723580203,0.817325175849526,6.03077068587807));
#3543=CARTESIAN_POINT('Ctrl Pts',(-5.11511890588026,-1.85225360464247,6.12989152342441));
#3544=CARTESIAN_POINT('Ctrl Pts',(-3.60811048234981,-4.07146455030152,6.22901236097075));
#3545=CARTESIAN_POINT('Ctrl Pts',(-1.22380485626516,-5.30071566026596,6.3281331985171));
#3546=CARTESIAN_POINT('Ctrl Pts',(1.45806387996344,-5.24111959023502,6.42725403606343));
#3547=CARTESIAN_POINT('Ctrl Pts',(3.78541038931187,-3.90716687917291,6.52637487360978));
#3548=CARTESIAN_POINT('Ctrl Pts',(5.1923499539961,-1.62320263443117,6.62549571115612));
#3549=CARTESIAN_POINT('Ctrl Pts',(5.33679101382924,1.05543664515353,6.72461654870245));
#3550=CARTESIAN_POINT('Ctrl Pts',(4.18361332002832,3.47745085165778,6.82373738624881));
#3551=CARTESIAN_POINT('Ctrl Pts',(2.01320727911438,5.05393720661735,6.92285822379513));
#3552=CARTESIAN_POINT('Ctrl Pts',(-0.646701819673624,5.40157954620006,7.02197906134148));
#3553=CARTESIAN_POINT('Ctrl Pts',(-3.14936803459891,4.43585006726023,7.12109989888782));
#3554=CARTESIAN_POINT('Ctrl Pts',(-4.88627838379202,2.39156191522897,7.22022073643415));
#3555=CARTESIAN_POINT('Ctrl Pts',(-5.43511026949473,-0.234224666434097,
7.3193415739805));
#3556=CARTESIAN_POINT('Ctrl Pts',(-4.66241748004749,-2.80306048439517,7.41846241152684));
#3557=CARTESIAN_POINT('Ctrl Pts',(-2.75607708304269,-4.69034369248517,7.51758324907319));
#3558=CARTESIAN_POINT('Ctrl Pts',(-0.179607897164075,-5.43718914748202,
7.61670408661952));
#3559=CARTESIAN_POINT('Ctrl Pts',(2.44053221310541,-4.86200446213507,7.71582492416588));
#3560=CARTESIAN_POINT('Ctrl Pts',(4.46726696014074,-3.10464340597467,7.8149457617122));
#3561=CARTESIAN_POINT('Ctrl Pts',(5.40780416101199,-0.592401116025437,7.91406659925855));
#3562=CARTESIAN_POINT('Ctrl Pts',(5.03345602416929,2.06388111002525,8.01318743680489));
#3563=CARTESIAN_POINT('Ctrl Pts',(3.435243845503,4.21833905732812,8.11230827435122));
#3564=CARTESIAN_POINT('Ctrl Pts',(1.00176616053101,5.34712540916478,8.21142911189758));
#3565=CARTESIAN_POINT('Ctrl Pts',(-1.67528661600947,5.17577990549195,8.31054994944391));
#3566=CARTESIAN_POINT('Ctrl Pts',(-3.94500079133638,3.7459654945603,8.40967078699025));
#3567=CARTESIAN_POINT('Ctrl Pts',(-5.25550341276725,1.40533371277219,8.5087916245366));
#3568=CARTESIAN_POINT('Ctrl Pts',(-5.28815371102183,-1.27699664647206,8.60791246208294));
#3569=CARTESIAN_POINT('Ctrl Pts',(-4.03500791502407,-3.64883547936995,8.70703329962927));
#3570=CARTESIAN_POINT('Ctrl Pts',(-1.80077302858393,-5.13346530194466,8.80615413717562));
#3571=CARTESIAN_POINT('Ctrl Pts',(0.87132506462285,-5.36993316480581,8.90527497472197));
#3572=CARTESIAN_POINT('Ctrl Pts',(3.33153925593406,-4.30068671027744,9.00439581226829));
#3573=CARTESIAN_POINT('Ctrl Pts',(4.98175198428875,-2.18581885174861,9.10351664981465));
#3574=CARTESIAN_POINT('Ctrl Pts',(5.42057699246261,0.4606647776156,9.20263748736097));
#3575=CARTESIAN_POINT('Ctrl Pts',(4.54159847790235,2.99485733970477,9.30175832490733));
#3576=CARTESIAN_POINT('Ctrl Pts',(2.55797212725209,4.80144160123831,9.40087916245366));
#3577=CARTESIAN_POINT('Ctrl Pts',(0.821477702699236,5.22657600533264,9.46695972081789));
#3578=CARTESIAN_POINT('Ctrl Pts',(-0.0452951650159578,5.21905344967133,
9.5));
#3579=CARTESIAN_POINT('Ctrl Pts',(-2.37659705684822,4.91247946124543,-0.274722503089397));
#3580=CARTESIAN_POINT('Ctrl Pts',(-3.19245455884101,4.51777765061393,-0.241682223907284));
#3581=CARTESIAN_POINT('Ctrl Pts',(-4.62290845329777,3.31445519515977,-0.175601665543056));
#3582=CARTESIAN_POINT('Ctrl Pts',(-5.6446765108274,0.701841641591487,-0.0764808279967152));
#3583=CARTESIAN_POINT('Ctrl Pts',(-5.29387984028185,-2.08070454418782,0.0226400095496258));
#3584=CARTESIAN_POINT('Ctrl Pts',(-3.65594291467453,-4.35768747646528,0.121760847095967));
#3585=CARTESIAN_POINT('Ctrl Pts',(-1.12905550522014,-5.57493855158157,0.220881684642308));
#3586=CARTESIAN_POINT('Ctrl Pts',(1.67234533317076,-5.43675708254476,0.320002522188648));
#3587=CARTESIAN_POINT('Ctrl Pts',(4.0671283006173,-3.97660417423477,0.41912335973499));
#3588=CARTESIAN_POINT('Ctrl Pts',(5.47300270576814,-1.54958000180698,0.51824419728133));
#3589=CARTESIAN_POINT('Ctrl Pts',(5.54814061173751,1.2542302460717,0.617365034827672));
#3590=CARTESIAN_POINT('Ctrl Pts',(4.27427018018706,3.75307340789842,0.716485872374013));
#3591=CARTESIAN_POINT('Ctrl Pts',(1.96112896763565,5.33937537782394,0.815606709920355));
#3592=CARTESIAN_POINT('Ctrl Pts',(-0.828852884266236,5.62742860897967,0.914727547466693));
#3593=CARTESIAN_POINT('Ctrl Pts',(-3.41730246484876,4.54719657314435,1.01384838501304));
#3594=CARTESIAN_POINT('Ctrl Pts',(-5.17484908075916,2.36133200066111,1.11296922255938));
#3595=CARTESIAN_POINT('Ctrl Pts',(-5.67415242931765,-0.398680507881554,
1.21209006010572));
#3596=CARTESIAN_POINT('Ctrl Pts',(-4.79380899977592,-3.06175560226782,1.31121089765206));
#3597=CARTESIAN_POINT('Ctrl Pts',(-2.74787064963971,-4.98037737707444,1.4103317351984));
#3598=CARTESIAN_POINT('Ctrl Pts',(-0.03379887277464,-5.68804093449569,1.50945257274474));
#3599=CARTESIAN_POINT('Ctrl Pts',(2.68849096267824,-5.0126807522874,1.60857341029108));
#3600=CARTESIAN_POINT('Ctrl Pts',(4.75708529305752,-3.11850789901189,1.70769424783742));
#3601=CARTESIAN_POINT('Ctrl Pts',(5.66901392859397,-0.466082690937226,1.80681508538376));
#3602=CARTESIAN_POINT('Ctrl Pts',(5.20254517690284,2.29966860178424,1.90593592293011));
#3603=CARTESIAN_POINT('Ctrl Pts',(3.47109899402659,4.50626494693642,2.00505676047644));
#3604=CARTESIAN_POINT('Ctrl Pts',(0.895669387588506,5.61718153032068,2.10417759802279));
#3605=CARTESIAN_POINT('Ctrl Pts',(-1.89753854128952,5.36230356113645,2.20329843556913));
#3606=CARTESIAN_POINT('Ctrl Pts',(-4.22936778952753,3.80360356740041,2.30241927311547));
#3607=CARTESIAN_POINT('Ctrl Pts',(-5.53284367982211,1.32007303275229,2.40154011066181));
#3608=CARTESIAN_POINT('Ctrl Pts',(-5.49103141826981,-1.48442782267431,2.50066094820815));
#3609=CARTESIAN_POINT('Ctrl Pts',(-4.11409748404233,-3.92799616712073,2.59978178575449));
#3610=CARTESIAN_POINT('Ctrl Pts',(-1.73683769188009,-5.4164884223281,2.69890262330083));
#3611=CARTESIAN_POINT('Ctrl Pts',(1.06272703130698,-5.58798382729057,2.79802346084717));
#3612=CARTESIAN_POINT('Ctrl Pts',(3.60389405403397,-4.40078398066052,2.89714429839351));
#3613=CARTESIAN_POINT('Ctrl Pts',(5.26878908138546,-2.14355163525642,2.99626513593986));
#3614=CARTESIAN_POINT('Ctrl Pts',(5.65259974489678,0.634876461313624,3.0953859734862));
#3615=CARTESIAN_POINT('Ctrl Pts',(4.66200406258998,3.25893696127009,3.19450681103253));
#3616=CARTESIAN_POINT('Ctrl Pts',(2.53786129451283,5.09060036213322,3.29362764857888));
#3617=CARTESIAN_POINT('Ctrl Pts',(-0.203351994280685,5.68450525231174,3.39274848612522));
#3618=CARTESIAN_POINT('Ctrl Pts',(-2.89512108323917,4.89624610395775,3.49186932367156));
#3619=CARTESIAN_POINT('Ctrl Pts',(-4.88295340534833,2.91748488228039,3.59099016121791));
#3620=CARTESIAN_POINT('Ctrl Pts',(-5.68351571905048,0.229349228129735,3.69011099876424));
#3621=CARTESIAN_POINT('Ctrl Pts',(-5.10215459515691,-2.5145517461879,3.78923183631059));
#3622=CARTESIAN_POINT('Ctrl Pts',(-3.28022559640898,-4.64704982045608,3.88835267385692));
#3623=CARTESIAN_POINT('Ctrl Pts',(-0.660723254618323,-5.64963687133466,
3.98747351140327));
#3624=CARTESIAN_POINT('Ctrl Pts',(2.11943122511945,-5.27853798689809,4.0865943489496));
#3625=CARTESIAN_POINT('Ctrl Pts',(4.38425473206736,-3.62398433240024,4.18571518649595));
#3626=CARTESIAN_POINT('Ctrl Pts',(5.58306475895652,-1.08827381409061,4.28483602404228));
#3627=CARTESIAN_POINT('Ctrl Pts',(5.4243755854554,1.71204599968952,4.38395686158863));
#3628=CARTESIAN_POINT('Ctrl Pts',(3.9467718304855,4.09608888028857,4.48307769913498));
#3629=CARTESIAN_POINT('Ctrl Pts',(1.50952676105442,5.48418462077984,4.58219853668131));
#3630=CARTESIAN_POINT('Ctrl Pts',(-1.29475352282797,5.53882345920703,4.68131937422766));
#3631=CARTESIAN_POINT('Ctrl Pts',(-3.78421982051723,4.24672018705519,4.78044021177399));
#3632=CARTESIAN_POINT('Ctrl Pts',(-5.35356865544337,1.92204439298152,4.87956104932033));
#3633=CARTESIAN_POINT('Ctrl Pts',(-5.62121932229076,-0.869968578652417,
4.97868188686668));
#3634=CARTESIAN_POINT('Ctrl Pts',(-4.5220936638257,-3.45045227364833,5.07780272441301));
#3635=CARTESIAN_POINT('Ctrl Pts',(-2.32343955678133,-5.19197271016723,5.17692356195936));
#3636=CARTESIAN_POINT('Ctrl Pts',(0.440149308618844,-5.67108636711344,5.27604439950569));
#3637=CARTESIAN_POINT('Ctrl Pts',(3.09671768253288,-4.77129873219291,5.37516523705204));
#3638=CARTESIAN_POINT('Ctrl Pts',(5.00033190682345,-2.71138946275537,5.47428607459839));
#3639=CARTESIAN_POINT('Ctrl Pts',(5.68813602353657,0.00778298677197456,
5.57340691214471));
#3640=CARTESIAN_POINT('Ctrl Pts',(4.9928932946485,2.72506303512258,5.67252774969107));
#3641=CARTESIAN_POINT('Ctrl Pts',(3.08364912609487,4.77975523058156,5.77164858723739));
#3642=CARTESIAN_POINT('Ctrl Pts',(0.424628373588385,5.67226962877129,5.87076942478375));
#3643=CARTESIAN_POINT('Ctrl Pts',(-2.33763901897983,5.18559502989585,5.96989026233008));
#3644=CARTESIAN_POINT('Ctrl Pts',(-4.53151911244399,3.43806435813703,6.06901109987644));
#3645=CARTESIAN_POINT('Ctrl Pts',(-5.62357899831922,0.85458249853399,6.16813193742276));
#3646=CARTESIAN_POINT('Ctrl Pts',(-5.34828881337477,-1.9366875756992,6.26725277496912));
#3647=CARTESIAN_POINT('Ctrl Pts',(-3.77258423220386,-4.257060042807,6.36637361251544));
#3648=CARTESIAN_POINT('Ctrl Pts',(-1.27959133364278,-5.54234589465562,6.4654944500618));
#3649=CARTESIAN_POINT('Ctrl Pts',(1.52452892726103,-5.48003317025325,6.56461528760813));
#3650=CARTESIAN_POINT('Ctrl Pts',(3.9579662587932,-4.08527295188512,6.66373612515448));
#3651=CARTESIAN_POINT('Ctrl Pts',(5.42904039672668,-1.69719544184764,6.76285696270081));
#3652=CARTESIAN_POINT('Ctrl Pts',(5.58006572354938,1.10354814939126,6.86197780024715));
#3653=CARTESIAN_POINT('Ctrl Pts',(4.37432105307875,3.63596855345854,6.96109863779349));
#3654=CARTESIAN_POINT('Ctrl Pts',(2.10497823569933,5.28431817969606,7.06021947533984));
#3655=CARTESIAN_POINT('Ctrl Pts',(-0.676181369659539,5.64780760585744,7.15934031288617));
#3656=CARTESIAN_POINT('Ctrl Pts',(-3.29293025999495,4.63805587495974,7.25846115043252));
#3657=CARTESIAN_POINT('Ctrl Pts',(-5.10901672080924,2.50057996169125,7.35758198797885));
#3658=CARTESIAN_POINT('Ctrl Pts',(-5.68286680889866,-0.244901670196914,
7.45670282552521));
#3659=CARTESIAN_POINT('Ctrl Pts',(-4.87495123977567,-2.9308364688589,7.55582366307153));
#3660=CARTESIAN_POINT('Ctrl Pts',(-2.88171135476257,-4.90415045338704,7.6549445006179));
#3661=CARTESIAN_POINT('Ctrl Pts',(-0.187795225266831,-5.68504045140598,
7.75406533816421));
#3662=CARTESIAN_POINT('Ctrl Pts',(2.5517825439067,-5.08363628566329,7.85318617571058));
#3663=CARTESIAN_POINT('Ctrl Pts',(4.67090488977945,-3.2461668835506,7.95230701325689));
#3664=CARTESIAN_POINT('Ctrl Pts',(5.65431596634304,-0.619405398030402,8.05142785080326));
#3665=CARTESIAN_POINT('Ctrl Pts',(5.26290337370871,2.15796200557413,8.15054868834958));
#3666=CARTESIAN_POINT('Ctrl Pts',(3.59183756393176,4.41062974418721,8.24966952589593));
#3667=CARTESIAN_POINT('Ctrl Pts',(1.04743112497859,5.59087120666387,8.34879036344227));
#3668=CARTESIAN_POINT('Ctrl Pts',(-1.7516536433395,5.41171501159243,8.44791120098862));
#3669=CARTESIAN_POINT('Ctrl Pts',(-4.12483150231441,3.91672329001255,8.54703203853494));
#3670=CARTESIAN_POINT('Ctrl Pts',(-5.49507267149616,1.46939508413725,8.6461528760813));
#3671=CARTESIAN_POINT('Ctrl Pts',(-5.52921131580169,-1.33520784261578,8.74527371362763));
#3672=CARTESIAN_POINT('Ctrl Pts',(-4.21894155167994,-3.81516565601731,8.84439455117397));
#3673=CARTESIAN_POINT('Ctrl Pts',(-1.88286028563886,-5.36747151990464,8.94351538872031));
#3674=CARTESIAN_POINT('Ctrl Pts',(0.911043942806144,-5.61471864141517,9.04263622626666));
#3675=CARTESIAN_POINT('Ctrl Pts',(3.48340565716814,-4.4967311700153,9.14175706381299));
#3676=CARTESIAN_POINT('Ctrl Pts',(5.20884243334983,-2.28545821279573,9.24087790135935));
#3677=CARTESIAN_POINT('Ctrl Pts',(5.66767104035392,0.481663930432768,9.33999873890568));
#3678=CARTESIAN_POINT('Ctrl Pts',(4.74862476926624,3.13137627928512,9.43911957645202));
#3679=CARTESIAN_POINT('Ctrl Pts',(2.67457589253294,5.02031269976037,9.53824041399836));
#3680=CARTESIAN_POINT('Ctrl Pts',(0.858924316056943,5.46482662395959,9.60432097236259));
#3681=CARTESIAN_POINT('Ctrl Pts',(-0.0473599204265413,5.45696115669838,
9.6373612515447));
#3682=CARTESIAN_POINT('Ctrl Pts',(-2.48020980762398,5.12664934277516,-0.137361251544699));
#3683=CARTESIAN_POINT('Ctrl Pts',(-3.33163633457156,4.71473967597054,-0.104320972362585));
#3684=CARTESIAN_POINT('Ctrl Pts',(-4.82445387726878,3.45895584540839,-0.0382404139983579));
#3685=CARTESIAN_POINT('Ctrl Pts',(-5.89076806380684,0.732439905140091,0.0608804235479834));
#3686=CARTESIAN_POINT('Ctrl Pts',(-5.52467767407847,-2.17141723810188,0.160001261094324));
#3687=CARTESIAN_POINT('Ctrl Pts',(-3.81533144079303,-4.54767003373413,0.259122098640666));
#3688=CARTESIAN_POINT('Ctrl Pts',(-1.1782790563212,-5.81798973144849,0.358242936187007));
#3689=CARTESIAN_POINT('Ctrl Pts',(1.74525474779682,-5.67378395043508,0.457363773733347));
#3690=CARTESIAN_POINT('Ctrl Pts',(4.24444331906799,-4.14997260286747,0.556484611279689));
#3691=CARTESIAN_POINT('Ctrl Pts',(5.71160977788993,-1.61713720342502,0.655605448826029));
#3692=CARTESIAN_POINT('Ctrl Pts',(5.79002347901466,1.30891105345854,0.754726286372371));
#3693=CARTESIAN_POINT('Ctrl Pts',(4.46061598485423,3.91669654230195,0.85384712391871));
#3694=CARTESIAN_POINT('Ctrl Pts',(2.04662851261626,5.57215668533528,0.952967961465054));
#3695=CARTESIAN_POINT('Ctrl Pts',(-0.864988470262936,5.87276820337598,1.05208879901139));
#3696=CARTESIAN_POINT('Ctrl Pts',(-3.56628695828466,4.7454411783474,1.15120963655774));
#3697=CARTESIAN_POINT('Ctrl Pts',(-5.4004575180674,2.46427923918366,1.25033047410407));
#3698=CARTESIAN_POINT('Ctrl Pts',(-5.92152904700238,-0.416061823735348,
1.34945131165042));
#3699=CARTESIAN_POINT('Ctrl Pts',(-5.00280519276924,-3.19523928190124,1.44857214919676));
#3700=CARTESIAN_POINT('Ctrl Pts',(-2.86766985412191,-5.19750741115115,1.5476929867431));
#3701=CARTESIAN_POINT('Ctrl Pts',(-0.0352724057705761,-5.93602305079513,
1.64681382428944));
#3702=CARTESIAN_POINT('Ctrl Pts',(2.80570138472946,-5.23121911999624,1.74593466183578));
#3703=CARTESIAN_POINT('Ctrl Pts',(4.96448043876316,-3.25446581446984,1.84505549938212));
#3704=CARTESIAN_POINT('Ctrl Pts',(5.91616652252452,-0.486402546824378,1.94417633692846));
#3705=CARTESIAN_POINT('Ctrl Pts',(5.42936108381512,2.39992749464827,2.0432971744748));
#3706=CARTESIAN_POINT('Ctrl Pts',(3.62242886037888,4.70272505174514,2.14241801202114));
#3707=CARTESIAN_POINT('Ctrl Pts',(0.934717979677891,5.86207438175557,2.24153884956749));
#3708=CARTESIAN_POINT('Ctrl Pts',(-1.98026572779322,5.59608447105681,2.34065968711383));
#3709=CARTESIAN_POINT('Ctrl Pts',(-4.41375597996672,3.96942967045952,2.43978052466016));
#3710=CARTESIAN_POINT('Ctrl Pts',(-5.77405964515656,1.37762439500542,2.53890136220651));
#3711=CARTESIAN_POINT('Ctrl Pts',(-5.73042449005859,-1.54914457791565,2.63802219975285));
#3712=CARTESIAN_POINT('Ctrl Pts',(-4.29346022290165,-4.09924542737681,2.73714303729919));
#3713=CARTESIAN_POINT('Ctrl Pts',(-1.81255878662274,-5.65263163531631,2.83626387484553));
#3714=CARTESIAN_POINT('Ctrl Pts',(1.10905885298461,-5.83160374340875,2.93538471239187));
#3715=CARTESIAN_POINT('Ctrl Pts',(3.76101340052432,-4.59264542073604,3.03450554993821));
#3716=CARTESIAN_POINT('Ctrl Pts',(5.49849303073883,-2.23700428038145,3.13362638748455));
#3717=CARTESIAN_POINT('Ctrl Pts',(5.89903672794172,0.66255523688474,3.23274722503089));
#3718=CARTESIAN_POINT('Ctrl Pts',(4.86525394193356,3.40101717726169,3.33186806257724));
#3719=CARTESIAN_POINT('Ctrl Pts',(2.64850469914642,5.31253579923261,3.43098890012357));
#3720=CARTESIAN_POINT('Ctrl Pts',(-0.212217552471311,5.93233322310473,3.53010973766992));
#3721=CARTESIAN_POINT('Ctrl Pts',(-3.02133998029575,5.10970825810978,3.62923057521626));
#3722=CARTESIAN_POINT('Ctrl Pts',(-5.09583603632701,3.04467877622583,3.72835141276261));
#3723=CARTESIAN_POINT('Ctrl Pts',(-5.93130054905823,0.239348190447035,3.82747225030894));
#3724=CARTESIAN_POINT('Ctrl Pts',(-5.32459376336346,-2.62417892200207,3.92659308785528));
#3725=CARTESIAN_POINT('Ctrl Pts',(-3.42323393525618,-4.84964773813927,4.02571392540162));
#3726=CARTESIAN_POINT('Ctrl Pts',(-0.689528875543957,-5.89594468167062,
4.12483476294797));
#3727=CARTESIAN_POINT('Ctrl Pts',(2.21183229019772,-5.50866696030606,4.2239556004943));
#3728=CARTESIAN_POINT('Ctrl Pts',(4.57539554476095,-3.78197955686047,4.32307643804065));
#3729=CARTESIAN_POINT('Ctrl Pts',(5.82647021793737,-1.13571940153264,4.42219727558698));
#3730=CARTESIAN_POINT('Ctrl Pts',(5.66086265592047,1.78668624843144,4.52131811313333));
#3731=CARTESIAN_POINT('Ctrl Pts',(4.11883965530357,4.27466649616408,4.62043895067967));
#3732=CARTESIAN_POINT('Ctrl Pts',(1.57533775734081,5.72327919202141,4.71955978822601));
#3733=CARTESIAN_POINT('Ctrl Pts',(-1.35120102775534,5.78030012560956,4.81868062577235));
#3734=CARTESIAN_POINT('Ctrl Pts',(-3.9492008483335,4.43186489178662,4.91780146331869));
#3735=CARTESIAN_POINT('Ctrl Pts',(-5.58696874876547,2.00583996366781,5.01692230086504));
#3736=CARTESIAN_POINT('Ctrl Pts',(-5.86628820976502,-0.907896689883096,
5.11604313841137));
#3737=CARTESIAN_POINT('Ctrl Pts',(-4.7192438548623,-3.60088200277006,5.21516397595772));
#3738=CARTESIAN_POINT('Ctrl Pts',(-2.42473479445977,-5.41832768814004,5.31428481350405));
#3739=CARTESIAN_POINT('Ctrl Pts',(0.459338544121187,-5.91832931336316,5.4134056510504));
#3740=CARTESIAN_POINT('Ctrl Pts',(3.23172560764101,-4.97931354269303,5.51252648859673));
#3741=CARTESIAN_POINT('Ctrl Pts',(5.21833190062336,-2.8295981931125,5.61164732614309));
#3742=CARTESIAN_POINT('Ctrl Pts',(5.93612228544288,0.0081223024613402,5.71076816368941));
#3743=CARTESIAN_POINT('Ctrl Pts',(5.21056898649442,2.84386789364615,5.80988900123577));
#3744=CARTESIAN_POINT('Ctrl Pts',(3.21808729997938,4.98813871992754,5.90900983878209));
#3745=CARTESIAN_POINT('Ctrl Pts',(0.443140941260792,5.91956416180342,6.00813067632845));
#3746=CARTESIAN_POINT('Ctrl Pts',(-2.43955331209878,5.41167195947398,6.10725151387478));
#3747=CARTESIAN_POINT('Ctrl Pts',(-4.72908022575106,3.58795401000891,6.20637235142113));
#3748=CARTESIAN_POINT('Ctrl Pts',(-5.86875076083644,0.891839821218456,6.30549318896746));
#3749=CARTESIAN_POINT('Ctrl Pts',(-5.58145872086926,-2.02112154675593,6.40461402651381));
#3750=CARTESIAN_POINT('Ctrl Pts',(-3.93705798205791,-4.44265553531248,6.50373486406015));
#3751=CARTESIAN_POINT('Ctrl Pts',(-1.33537781102039,-5.78397612904529,6.60285570160649));
#3752=CARTESIAN_POINT('Ctrl Pts',(1.59099397455862,-5.71894675027147,6.70197653915283));
#3753=CARTESIAN_POINT('Ctrl Pts',(4.13052212827453,-4.26337902459734,6.80109737669917));
#3754=CARTESIAN_POINT('Ctrl Pts',(5.66573083945726,-1.77118824926412,6.90021821424552));
#3755=CARTESIAN_POINT('Ctrl Pts',(5.82334043326954,1.15165965362898,6.99933905179185));
#3756=CARTESIAN_POINT('Ctrl Pts',(4.56502878612916,3.79448625525928,7.09845988933819));
#3757=CARTESIAN_POINT('Ctrl Pts',(2.19674919228428,5.51469915277477,7.19758072688454));
#3758=CARTESIAN_POINT('Ctrl Pts',(-0.705660919645455,5.89403566551481,7.29670156443087));
#3759=CARTESIAN_POINT('Ctrl Pts',(-3.436492485391,4.84026168265925,7.39582240197722));
#3760=CARTESIAN_POINT('Ctrl Pts',(-5.33175505782647,2.60959800815353,7.49494323952355));
#3761=CARTESIAN_POINT('Ctrl Pts',(-5.93062334830258,-0.25557867395973,7.5940640770699));
#3762=CARTESIAN_POINT('Ctrl Pts',(-5.08748499950386,-3.05861245332264,7.69318491461623));
#3763=CARTESIAN_POINT('Ctrl Pts',(-3.00734562648243,-5.11795721428891,7.79230575216259));
#3764=CARTESIAN_POINT('Ctrl Pts',(-0.195982553369588,-5.93289175532993,
7.89142658970891));
#3765=CARTESIAN_POINT('Ctrl Pts',(2.663032874708,-5.30526810919151,7.99054742725527));
#3766=CARTESIAN_POINT('Ctrl Pts',(4.87454281941815,-3.38769036112652,8.08966826480159));
#3767=CARTESIAN_POINT('Ctrl Pts',(5.90082777167409,-0.646409680035367,8.18878910234796));
#3768=CARTESIAN_POINT('Ctrl Pts',(5.49235072324813,2.252042901123,8.28790993989427));
#3769=CARTESIAN_POINT('Ctrl Pts',(3.74843128236052,4.60292043104629,8.38703077744064));
#3770=CARTESIAN_POINT('Ctrl Pts',(1.09309608942617,5.83461700416296,8.48615161498696));
#3771=CARTESIAN_POINT('Ctrl Pts',(-1.82802067066952,5.64765011769292,8.58527245253332));
#3772=CARTESIAN_POINT('Ctrl Pts',(-4.30466221329245,4.0874810854648,8.68439329007964));
#3773=CARTESIAN_POINT('Ctrl Pts',(-5.73464193022506,1.53345645550231,8.783514127626));
#3774=CARTESIAN_POINT('Ctrl Pts',(-5.77026892058155,-1.39341903875951,8.88263496517233));
#3775=CARTESIAN_POINT('Ctrl Pts',(-4.40287518833581,-3.98149583266467,8.98175580271868));
#3776=CARTESIAN_POINT('Ctrl Pts',(-1.9649475426938,-5.60147773786463,9.08087664026501));
#3777=CARTESIAN_POINT('Ctrl Pts',(0.950762820989438,-5.85950411802452,9.17999747781137));
#3778=CARTESIAN_POINT('Ctrl Pts',(3.63527205840222,-4.69277562975317,9.27911831535768));
#3779=CARTESIAN_POINT('Ctrl Pts',(5.4359328824109,-2.38509757384286,9.37823915290405));
#3780=CARTESIAN_POINT('Ctrl Pts',(5.91476508824524,0.502663083249941,9.47735999045037));
#3781=CARTESIAN_POINT('Ctrl Pts',(4.95565106063012,3.26789521886547,9.57648082799673));
#3782=CARTESIAN_POINT('Ctrl Pts',(2.79117965781379,5.23918379828243,9.67560166554305));
#3783=CARTESIAN_POINT('Ctrl Pts',(0.896370929414653,5.70307724258654,9.74168222390729));
#3784=CARTESIAN_POINT('Ctrl Pts',(-0.0494246758371248,5.69486886372544,
9.7747225030894));
#3785=CARTESIAN_POINT('Ctrl Pts',(-2.58382255839974,5.34081922430488,0.));
#3786=CARTESIAN_POINT('Ctrl Pts',(-3.47081811030211,4.91170170132715,0.0330402791821136));
#3787=CARTESIAN_POINT('Ctrl Pts',(-5.02599930123977,3.60345649565702,0.0991208375463407));
#3788=CARTESIAN_POINT('Ctrl Pts',(-6.1368596167863,0.763038168688699,0.198241675092682));
#3789=CARTESIAN_POINT('Ctrl Pts',(-5.75547550787507,-2.26212993201594,0.297362512639023));
#3790=CARTESIAN_POINT('Ctrl Pts',(-3.97471996691153,-4.73765259100299,0.396483350185364));
#3791=CARTESIAN_POINT('Ctrl Pts',(-1.22750260742225,-6.06104091131541,0.495604187731705));
#3792=CARTESIAN_POINT('Ctrl Pts',(1.81816416242288,-5.9108108183254,0.594725025278046));
#3793=CARTESIAN_POINT('Ctrl Pts',(4.42175833751869,-4.32334103150016,0.693845862824387));
#3794=CARTESIAN_POINT('Ctrl Pts',(5.95021685001172,-1.68469440504306,0.792966700370728));
#3795=CARTESIAN_POINT('Ctrl Pts',(6.0319063462918,1.36359186084537,0.892087537917069));
#3796=CARTESIAN_POINT('Ctrl Pts',(4.64696178952139,4.08031967670549,0.99120837546341));
#3797=CARTESIAN_POINT('Ctrl Pts',(2.13212805759687,5.8049379928466,1.09032921300975));
#3798=CARTESIAN_POINT('Ctrl Pts',(-0.901124056259637,6.1181077977723,1.18945005055609));
#3799=CARTESIAN_POINT('Ctrl Pts',(-3.71527145172055,4.94368578355045,1.28857088810243));
#3800=CARTESIAN_POINT('Ctrl Pts',(-5.62606595537564,2.56722647770621,1.38769172564877));
#3801=CARTESIAN_POINT('Ctrl Pts',(-6.1689056646871,-0.433443139589144,1.48681256319511));
#3802=CARTESIAN_POINT('Ctrl Pts',(-5.21180138576256,-3.32872296153466,1.58593340074146));
#3803=CARTESIAN_POINT('Ctrl Pts',(-2.98746905860411,-5.41463744522786,1.6850542382878));
#3804=CARTESIAN_POINT('Ctrl Pts',(-0.0367459387665132,-6.18400516709457,
1.78417507583414));
#3805=CARTESIAN_POINT('Ctrl Pts',(2.92291180678068,-5.44975748770507,1.88329591338048));
#3806=CARTESIAN_POINT('Ctrl Pts',(5.17187558446879,-3.39042372992779,1.98241675092682));
#3807=CARTESIAN_POINT('Ctrl Pts',(6.16331911645506,-0.506722402711531,2.08153758847316));
#3808=CARTESIAN_POINT('Ctrl Pts',(5.6561769907274,2.5001863875123,2.18065842601951));
#3809=CARTESIAN_POINT('Ctrl Pts',(3.77375872673117,4.89918515655385,2.27977926356584));
#3810=CARTESIAN_POINT('Ctrl Pts',(0.973766571767277,6.10696723319046,2.37890010111218));
#3811=CARTESIAN_POINT('Ctrl Pts',(-2.06299291429691,5.82986538097717,2.47802093865853));
#3812=CARTESIAN_POINT('Ctrl Pts',(-4.59814417040591,4.13525577351862,2.57714177620487));
#3813=CARTESIAN_POINT('Ctrl Pts',(-6.01527561049101,1.43517575725854,2.6762626137512));
#3814=CARTESIAN_POINT('Ctrl Pts',(-5.96981756184738,-1.61386133315701,2.77538345129755));
#3815=CARTESIAN_POINT('Ctrl Pts',(-4.47282296176096,-4.27049468763288,2.87450428884389));
#3816=CARTESIAN_POINT('Ctrl Pts',(-1.88827988136541,-5.88877484830454,2.97362512639023));
#3817=CARTESIAN_POINT('Ctrl Pts',(1.15539067466224,-6.07522365952692,3.07274596393657));
#3818=CARTESIAN_POINT('Ctrl Pts',(3.91813274701466,-4.78450686081158,3.17186680148291));
#3819=CARTESIAN_POINT('Ctrl Pts',(5.72819698009222,-2.33045692550647,3.27098763902925));
#3820=CARTESIAN_POINT('Ctrl Pts',(6.14547371098664,0.690234012455856,3.3701084765756));
#3821=CARTESIAN_POINT('Ctrl Pts',(5.06850382127717,3.54309739325329,3.46922931412193));
#3822=CARTESIAN_POINT('Ctrl Pts',(2.75914810377999,5.53447123633199,3.56835015166828));
#3823=CARTESIAN_POINT('Ctrl Pts',(-0.221083110661929,6.18016119389772,3.66747098921462));
#3824=CARTESIAN_POINT('Ctrl Pts',(-3.14755887735234,5.32317041226181,3.76659182676096));
#3825=CARTESIAN_POINT('Ctrl Pts',(-5.30871866730568,3.17187267017126,3.8657126643073));
#3826=CARTESIAN_POINT('Ctrl Pts',(-6.17908537906601,0.249347152764337,3.96483350185364));
#3827=CARTESIAN_POINT('Ctrl Pts',(-5.54703293157,-2.73380609781623,4.06395433939998));
#3828=CARTESIAN_POINT('Ctrl Pts',(-3.56624227410338,-5.05224565582247,4.16307517694632));
#3829=CARTESIAN_POINT('Ctrl Pts',(-0.718334496469582,-6.14225249200658,
4.26219601449267));
#3830=CARTESIAN_POINT('Ctrl Pts',(2.30423335527599,-5.73879593371402,4.361316852039));
#3831=CARTESIAN_POINT('Ctrl Pts',(4.76653635745454,-3.93997478132071,4.46043768958535));
#3832=CARTESIAN_POINT('Ctrl Pts',(6.06987567691824,-1.18316498897467,4.55955852713168));
#3833=CARTESIAN_POINT('Ctrl Pts',(5.89734972638553,1.86132649717336,4.65867936467802));
#3834=CARTESIAN_POINT('Ctrl Pts',(4.29090748012165,4.45324411203959,4.75780020222437));
#3835=CARTESIAN_POINT('Ctrl Pts',(1.64114875362721,5.962373763263,4.85692103977071));
#3836=CARTESIAN_POINT('Ctrl Pts',(-1.40764853268271,6.02177679201209,4.95604187731705));
#3837=CARTESIAN_POINT('Ctrl Pts',(-4.11418187614977,4.61700959651806,5.05516271486339));
#3838=CARTESIAN_POINT('Ctrl Pts',(-5.82036884208757,2.0896355343541,5.15428355240974));
#3839=CARTESIAN_POINT('Ctrl Pts',(-6.11135709723929,-0.945824801113775,
5.25340438995607));
#3840=CARTESIAN_POINT('Ctrl Pts',(-4.9163940458989,-3.7513117318918,5.35252522750242));
#3841=CARTESIAN_POINT('Ctrl Pts',(-2.52603003213822,-5.64468266611285,5.45164606504875));
#3842=CARTESIAN_POINT('Ctrl Pts',(0.478527779623531,-6.16557225961287,5.5507669025951));
#3843=CARTESIAN_POINT('Ctrl Pts',(3.36673353274915,-5.18732835319315,5.64988774014143));
#3844=CARTESIAN_POINT('Ctrl Pts',(5.43633189442327,-2.94780692346962,5.74900857768779));
#3845=CARTESIAN_POINT('Ctrl Pts',(6.18410854734919,0.00846161815069972,
5.84812941523411));
#3846=CARTESIAN_POINT('Ctrl Pts',(5.42824467834034,2.96267275216973,5.94725025278047));
#3847=CARTESIAN_POINT('Ctrl Pts',(3.35252547386389,5.1965222092735,6.04637109032679));
#3848=CARTESIAN_POINT('Ctrl Pts',(0.461653508933199,6.16685869483556,6.14549192787315));
#3849=CARTESIAN_POINT('Ctrl Pts',(-2.54146760521773,5.63774888905209,6.24461276541948));
#3850=CARTESIAN_POINT('Ctrl Pts',(-4.92664133905814,3.73784366188078,6.34373360296582));
#3851=CARTESIAN_POINT('Ctrl Pts',(-6.11392252335363,0.92909714390292,6.44285444051217));
#3852=CARTESIAN_POINT('Ctrl Pts',(-5.81462862836377,-2.10555551781266,6.5419752780585));
#3853=CARTESIAN_POINT('Ctrl Pts',(-4.10153173191196,-4.62825102781795,6.64109611560485));
#3854=CARTESIAN_POINT('Ctrl Pts',(-1.391164288398,-6.02560636343496,6.74021695315119));
#3855=CARTESIAN_POINT('Ctrl Pts',(1.65745902185621,-5.95786033028968,6.83933779069753));
#3856=CARTESIAN_POINT('Ctrl Pts',(4.30307799775586,-4.44148509730956,6.93845862824387));
#3857=CARTESIAN_POINT('Ctrl Pts',(5.90242128218783,-1.84518105668059,7.03757946579021));
#3858=CARTESIAN_POINT('Ctrl Pts',(6.06661514298968,1.19977115786671,7.13670030333655));
#3859=CARTESIAN_POINT('Ctrl Pts',(4.75573651917959,3.95300395706004,7.23582114088289));
#3860=CARTESIAN_POINT('Ctrl Pts',(2.28852014886923,5.74508012585347,7.33494197842923));
#3861=CARTESIAN_POINT('Ctrl Pts',(-0.735140469631368,6.1402637251722,7.43406281597557));
#3862=CARTESIAN_POINT('Ctrl Pts',(-3.58005471078705,5.04246749035876,7.53318365352192));
#3863=CARTESIAN_POINT('Ctrl Pts',(-5.5544933948437,2.71861605461581,7.63230449106825));
#3864=CARTESIAN_POINT('Ctrl Pts',(-6.17837988770652,-0.266255677722553,
7.73142532861459));
#3865=CARTESIAN_POINT('Ctrl Pts',(-5.30001875923204,-3.18638843778636,7.83054616616094));
#3866=CARTESIAN_POINT('Ctrl Pts',(-3.13297989820231,-5.33176397519079,7.92966700370728));
#3867=CARTESIAN_POINT('Ctrl Pts',(-0.204169881472344,-6.18074305925387,
8.02878784125362));
#3868=CARTESIAN_POINT('Ctrl Pts',(2.77428320550929,-5.52689993271973,8.12790867879997));
#3869=CARTESIAN_POINT('Ctrl Pts',(5.07818074905685,-3.52921383870245,8.22702951634629));
#3870=CARTESIAN_POINT('Ctrl Pts',(6.14733957700515,-0.673413962040335,8.32615035389265));
#3871=CARTESIAN_POINT('Ctrl Pts',(5.72179807278755,2.34612379667188,8.42527119143898));
#3872=CARTESIAN_POINT('Ctrl Pts',(3.90502500078927,4.79521111790538,8.52439202898533));
#3873=CARTESIAN_POINT('Ctrl Pts',(1.13876105387375,6.07836280166205,8.62351286653166));
#3874=CARTESIAN_POINT('Ctrl Pts',(-1.90438769799954,5.88358522379341,8.72263370407802));
#3875=CARTESIAN_POINT('Ctrl Pts',(-4.48449292427048,4.25823888091705,8.82175454162434));
#3876=CARTESIAN_POINT('Ctrl Pts',(-5.97421118895398,1.59751782686737,8.92087537917069));
#3877=CARTESIAN_POINT('Ctrl Pts',(-6.01132652536141,-1.45163023490323,9.01999621671704));
#3878=CARTESIAN_POINT('Ctrl Pts',(-4.58680882499169,-4.14782600931204,9.11911705426337));
#3879=CARTESIAN_POINT('Ctrl Pts',(-2.04703479974873,-5.83548395582461,9.21823789180971));
#3880=CARTESIAN_POINT('Ctrl Pts',(0.990481699172735,-6.10428959463388,9.31735872935607));
#3881=CARTESIAN_POINT('Ctrl Pts',(3.78713845963629,-4.88882008949103,9.41647956690238));
#3882=CARTESIAN_POINT('Ctrl Pts',(5.66302333147198,-2.48473693488999,9.51560040444875));
#3883=CARTESIAN_POINT('Ctrl Pts',(6.16185913613655,0.523662236067113,9.61472124199507));
#3884=CARTESIAN_POINT('Ctrl Pts',(5.16267735199401,3.40441415844581,9.71384207954143));
#3885=CARTESIAN_POINT('Ctrl Pts',(2.90778342309464,5.45805489680449,9.81296291708775));
#3886=CARTESIAN_POINT('Ctrl Pts',(0.93381754277236,5.94132786121349,9.87904347545198));
#3887=CARTESIAN_POINT('Ctrl Pts',(-0.0514894312477083,5.9327765707525,9.9120837546341));
#3888=CARTESIAN_POINT('',(5.2296111354013,-2.80208072197907,9.5));
#3889=CARTESIAN_POINT('Ctrl Pts',(5.22988029925144,-2.80208238848703,9.50000000000001));
#3890=CARTESIAN_POINT('Ctrl Pts',(5.29522748220507,-2.66139189482277,9.50000000000001));
#3891=CARTESIAN_POINT('Ctrl Pts',(5.35492990724895,-2.51832391268762,9.50000000000001));
#3892=CARTESIAN_POINT('Ctrl Pts',(5.40876926695088,-2.37316005493382,9.50000000000001));
#3893=CARTESIAN_POINT('Ctrl Pts',(5.46689498749746,-2.21643913782082,9.50000000000001));
#3894=CARTESIAN_POINT('Ctrl Pts',(5.51818763190128,-2.05727483096015,9.50000000000001));
#3895=CARTESIAN_POINT('Ctrl Pts',(5.56259730480981,-1.89612932033588,9.50000000000001));
#3896=CARTESIAN_POINT('Ctrl Pts',(5.58918877190258,-1.79963918063726,9.50000000000001));
#3897=CARTESIAN_POINT('Ctrl Pts',(5.61331147647169,-1.70243850456653,9.50000000000001));
#3898=CARTESIAN_POINT('Ctrl Pts',(5.6349457921015,-1.60462591560917,9.50000000000001));
#3899=CARTESIAN_POINT('Ctrl Pts',(5.65091453403057,-1.5324283930621,9.50000000000001));
#3900=CARTESIAN_POINT('Ctrl Pts',(5.66552740768079,-1.45989747677506,9.50000000000001));
#3901=CARTESIAN_POINT('Ctrl Pts',(5.67877416703136,-1.38707302102605,9.50000000000001));
#3902=CARTESIAN_POINT('Ctrl Pts',(5.68457224561841,-1.35519791056937,9.50000000000001));
#3903=CARTESIAN_POINT('Ctrl Pts',(5.69010908221194,-1.32326299236582,9.50000000000001));
#3904=CARTESIAN_POINT('Ctrl Pts',(5.69537967440008,-1.29129759063704,9.50000000000001));
#3905=CARTESIAN_POINT('Ctrl Pts',(5.72230682384611,-1.12798820931364,9.50000000000001));
#3906=CARTESIAN_POINT('Ctrl Pts',(5.74231399737587,-0.963754079022604,9.5));
#3907=CARTESIAN_POINT('Ctrl Pts',(5.75535685172046,-0.799045929068861,9.5));
#3908=CARTESIAN_POINT('Ctrl Pts',(5.76832537595859,-0.635276436712346,9.5));
#3909=CARTESIAN_POINT('Ctrl Pts',(5.77440870848241,-0.471037568889398,9.5));
#3910=CARTESIAN_POINT('Ctrl Pts',(5.7735121465223,-0.306774763730622,9.5));
#3911=CARTESIAN_POINT('Ctrl Pts',(5.77278909983038,-0.174302404697015,9.5));
#3912=CARTESIAN_POINT('Ctrl Pts',(5.76752546125239,-0.0418143682788035,
9.5));
#3913=CARTESIAN_POINT('Ctrl Pts',(5.7576472145115,0.0904496565399226,9.5));
#3914=CARTESIAN_POINT('Ctrl Pts',(5.75590346222367,0.113797493653584,9.5));
#3915=CARTESIAN_POINT('Ctrl Pts',(5.75401585964863,0.137138330591018,9.5));
#3916=CARTESIAN_POINT('Ctrl Pts',(5.75198392879872,0.160470821434006,9.5));
#3917=CARTESIAN_POINT('Ctrl Pts',(5.75011107995343,0.181976587014052,9.5));
#3918=CARTESIAN_POINT('Ctrl Pts',(5.74811643224193,0.203465858132908,9.5));
#3919=CARTESIAN_POINT('Ctrl Pts',(5.74600002399053,0.224936631072065,9.5));
#3920=CARTESIAN_POINT('Ctrl Pts',(5.73740490443568,0.312133352321295,9.5));
#3921=CARTESIAN_POINT('Ctrl Pts',(5.7268014240891,0.399030547327383,9.5));
#3922=CARTESIAN_POINT('Ctrl Pts',(5.71418348455782,0.485562150721046,9.5));
#3923=CARTESIAN_POINT('Ctrl Pts',(5.69079733405219,0.645940245372746,9.5));
#3924=CARTESIAN_POINT('Ctrl Pts',(5.66049437481831,0.805063268055065,9.5));
#3925=CARTESIAN_POINT('Ctrl Pts',(5.6234826853521,0.962530498356128,9.5));
#3926=CARTESIAN_POINT('Ctrl Pts',(5.58628743044253,1.1207787127831,9.5));
#3927=CARTESIAN_POINT('Ctrl Pts',(5.54231642448868,1.27735537948289,9.5));
#3928=CARTESIAN_POINT('Ctrl Pts',(5.49173114384009,1.43183695218955,9.5));
#3929=CARTESIAN_POINT('Ctrl Pts',(5.44392143901055,1.57784223866834,9.5));
#3930=CARTESIAN_POINT('Ctrl Pts',(5.39020275396526,1.72197639237578,9.50000000000001));
#3931=CARTESIAN_POINT('Ctrl Pts',(5.3306746693581,1.86385952965822,9.50000000000001));
#3932=CARTESIAN_POINT('Ctrl Pts',(5.28602860590272,1.97027188262006,9.50000000000001));
#3933=CARTESIAN_POINT('Ctrl Pts',(5.23811400252779,2.07541764051686,9.50000000000001));
#3934=CARTESIAN_POINT('Ctrl Pts',(5.18696099460019,2.17912579738132,9.50000000000001));
#3935=CARTESIAN_POINT('Ctrl Pts',(5.17437956650118,2.20463351963917,9.50000000000001));
#3936=CARTESIAN_POINT('Ctrl Pts',(5.16160218655525,2.23005422506291,9.50000000000001));
#3937=CARTESIAN_POINT('Ctrl Pts',(5.14862921585803,2.25538526866116,9.50000000000001));
#3938=CARTESIAN_POINT('Ctrl Pts',(5.1394922216313,2.27322617838924,9.50000000000001));
#3939=CARTESIAN_POINT('Ctrl Pts',(5.13025847492012,2.29102197638481,9.50000000000001));
#3940=CARTESIAN_POINT('Ctrl Pts',(5.12093442549753,2.30876002900942,9.50000000000001));
#3941=CARTESIAN_POINT('Ctrl Pts',(5.04654083626124,2.45028624160218,9.50000000000001));
#3942=CARTESIAN_POINT('Ctrl Pts',(4.96630189256568,2.58833610501982,9.50000000000001));
#3943=CARTESIAN_POINT('Ctrl Pts',(4.88039159148735,2.72251977969125,9.50000000000001));
#3944=CARTESIAN_POINT('Ctrl Pts',(4.80588569223488,2.83889086931505,9.50000000000001));
#3945=CARTESIAN_POINT('Ctrl Pts',(4.72711332770096,2.95235404749492,9.50000000000001));
#3946=CARTESIAN_POINT('Ctrl Pts',(4.64416162026304,3.06263733110302,9.50000000000001));
#3947=CARTESIAN_POINT('Ctrl Pts',(4.54336279210656,3.19664814409641,9.50000000000001));
#3948=CARTESIAN_POINT('Ctrl Pts',(4.43639335886661,3.32596523692069,9.5));
#3949=CARTESIAN_POINT('Ctrl Pts',(4.3236541820908,3.45024245950321,9.5));
#3950=CARTESIAN_POINT('Ctrl Pts',(4.21689936110772,3.56792287041712,9.5));
#3951=CARTESIAN_POINT('Ctrl Pts',(4.10497013555924,3.6810843297545,9.5));
#3952=CARTESIAN_POINT('Ctrl Pts',(3.98817922281174,3.7893880682105,9.5));
#3953=CARTESIAN_POINT('Ctrl Pts',(3.98163227374845,3.79545925168151,9.5));
#3954=CARTESIAN_POINT('Ctrl Pts',(3.97507004185835,3.80151515782143,9.5));
#3955=CARTESIAN_POINT('Ctrl Pts',(3.96849258036299,3.80755572243036,9.5));
#3956=CARTESIAN_POINT('Ctrl Pts',(-5.93249991531575,-2.19891634861683E-5,
8.9728572039072));
#3957=CARTESIAN_POINT('Ctrl Pts',(-5.93256145308101,-0.468727139259936,
8.98857020817714));
#3958=CARTESIAN_POINT('Ctrl Pts',(-5.87768911377548,-0.937418204083085,
9.00428321244709));
#3959=CARTESIAN_POINT('Ctrl Pts',(-5.7677210192319,-1.39280485367622,9.01999621671703));
#3960=CARTESIAN_POINT('Ctrl Pts',(-5.53648729190485,-2.35036215970614,9.05303649589915));
#3961=CARTESIAN_POINT('Ctrl Pts',(-5.06164805844828,-3.24909408450908,9.08607677508126));
#3962=CARTESIAN_POINT('Ctrl Pts',(-4.40093277084616,-3.97973637132932,9.11911705426337));
#3963=CARTESIAN_POINT('Ctrl Pts',(-3.74021748324404,-4.71037865814956,9.15215733344548));
#3964=CARTESIAN_POINT('Ctrl Pts',(-2.89362614149638,-5.27293130698709,9.18519761262759));
#3965=CARTESIAN_POINT('Ctrl Pts',(-1.9640777208023,-5.5990085712074,9.21823789180971));
#3966=CARTESIAN_POINT('Ctrl Pts',(-1.03452930010823,-5.92508583542771,9.25127817099183));
#3967=CARTESIAN_POINT('Ctrl Pts',(-0.0220238004677491,-6.01468771503079,
9.28431845017395));
#3968=CARTESIAN_POINT('Ctrl Pts',(0.95033840942975,-5.8569104039752,9.31735872935606));
#3969=CARTESIAN_POINT('Ctrl Pts',(1.92270061932724,-5.6991330929196,9.35039900853817));
#3970=CARTESIAN_POINT('Ctrl Pts',(2.85491953948177,-5.29397659120531,9.38343928772028));
#3971=CARTESIAN_POINT('Ctrl Pts',(3.6336764781983,-4.69071781458134,9.41647956690239));
#3972=CARTESIAN_POINT('Ctrl Pts',(4.28986662357478,-4.18240457247409,9.44431971126826));
#3973=CARTESIAN_POINT('Ctrl Pts',(4.837099464462,-3.53343962181273,9.47215985563413));
#3974=CARTESIAN_POINT('Ctrl Pts',(5.2298802992514,-2.8020823884871,9.5));
#3975=CARTESIAN_POINT('',(-3.03124968690614,-4.24903304439939,-3.25260651745651E-17));
#3976=CARTESIAN_POINT('Ctrl Pts',(-3.03124968690614,-4.24903304439939,-3.46944695195361E-17));
#3977=CARTESIAN_POINT('Ctrl Pts',(-3.14808943906599,-4.17695683482424,-4.53641335045642E-17));
#3978=CARTESIAN_POINT('Ctrl Pts',(-3.26183980031613,-4.10038386996757,-2.80880268938697E-16));
#3979=CARTESIAN_POINT('Ctrl Pts',(-3.37222374684356,-4.01948533734359,-1.85615411929518E-16));
#3980=CARTESIAN_POINT('Ctrl Pts',(-3.49420730253521,-3.93008564680745,-8.72786171484962E-17));
#3981=CARTESIAN_POINT('Ctrl Pts',(-3.61208082219159,-3.83540435156795,1.32077440199502E-16));
#3982=CARTESIAN_POINT('Ctrl Pts',(-3.72563685253385,-3.73584071395505,1.11022302462516E-16));
#3983=CARTESIAN_POINT('Ctrl Pts',(-3.84065421577303,-3.63499580912505,8.96962098028236E-17));
#3984=CARTESIAN_POINT('Ctrl Pts',(-3.95124280965046,-3.52914166127917,2.97419854707632E-17));
#3985=CARTESIAN_POINT('Ctrl Pts',(-4.05716188552593,-3.41864594728299,-6.93889390390723E-18));
#3986=CARTESIAN_POINT('Ctrl Pts',(-4.15790217396658,-3.31355279000774,-4.18263052405113E-17));
#3987=CARTESIAN_POINT('Ctrl Pts',(-4.25441860858111,-3.20426011946174,2.91217840935259E-16));
#3988=CARTESIAN_POINT('Ctrl Pts',(-4.34647635499972,-3.09105109495527,3.88578058618805E-16));
#3989=CARTESIAN_POINT('Ctrl Pts',(-4.38099800990669,-3.04859771076534,4.25088140250135E-16));
#3990=CARTESIAN_POINT('Ctrl Pts',(-4.41489235707531,-3.00559329695141,1.37747382553166E-16));
#3991=CARTESIAN_POINT('Ctrl Pts',(-4.44814584604496,-2.9620518029691,1.52655665885959E-16));
#3992=CARTESIAN_POINT('Ctrl Pts',(-4.4696176979635,-2.93393696329157,1.62281977650526E-16));
#3993=CARTESIAN_POINT('Ctrl Pts',(-4.49082234250956,-2.90559818778451,3.89560335329475E-16));
#3994=CARTESIAN_POINT('Ctrl Pts',(-4.5117559760639,-2.87703912767394,3.88578058618805E-16));
#3995=CARTESIAN_POINT('Ctrl Pts',(-4.5239553740343,-2.8603958947137,3.88005621708633E-16));
#3996=CARTESIAN_POINT('Ctrl Pts',(-4.53606315436455,-2.8436771630874,5.07923539861927E-17));
#3997=CARTESIAN_POINT('Ctrl Pts',(-4.54806911856065,-2.82689709381598,4.16333634234434E-17));
#3998=CARTESIAN_POINT('Ctrl Pts',(-4.64343592586967,-2.69360820450218,-3.11191180829244E-17));
#3999=CARTESIAN_POINT('Ctrl Pts',(-4.73252624474038,-2.55625787934231,2.13585869147542E-16));
#4000=CARTESIAN_POINT('Ctrl Pts',(-4.81508301154997,-2.41531125753829,1.52655665885959E-16));
#4001=CARTESIAN_POINT('Ctrl Pts',(-4.89763977835956,-2.27436463573427,9.1725462624376E-17));
#4002=CARTESIAN_POINT('Ctrl Pts',(-4.97366364486526,-2.12982099366455,1.2924780692176E-16));
#4003=CARTESIAN_POINT('Ctrl Pts',(-5.04285765422132,-1.98209812342997,1.66533453693773E-16));
#4004=CARTESIAN_POINT('Ctrl Pts',(-5.10889766637932,-1.84110874823558,1.73496019199879E-16));
#4005=CARTESIAN_POINT('Ctrl Pts',(-5.16871657708519,-1.69722253985342,9.97389065979521E-17));
#4006=CARTESIAN_POINT('Ctrl Pts',(-5.22228000374035,-1.55087474172317,1.11022302462516E-16));
#4007=CARTESIAN_POINT('Ctrl Pts',(-5.27608555371191,-1.40386540611404,1.22356702779137E-16));
#4008=CARTESIAN_POINT('Ctrl Pts',(-5.32357918170604,-1.25437147194916,2.21023284541205E-16));
#4009=CARTESIAN_POINT('Ctrl Pts',(-5.36467804776238,-1.10281290891222,8.32667268468867E-17));
#4010=CARTESIAN_POINT('Ctrl Pts',(-5.37751810418413,-1.05546317186777,4.0228995079897E-17));
#4011=CARTESIAN_POINT('Ctrl Pts',(-5.38973363118672,-1.00791180312119,-1.30747539545285E-17));
#4012=CARTESIAN_POINT('Ctrl Pts',(-5.40132108916872,-0.960171357467811,
0.));
#4013=CARTESIAN_POINT('Ctrl Pts',(-5.40603788126616,-0.940738125680813,
5.32221098230025E-18));
#4014=CARTESIAN_POINT('Ctrl Pts',(-5.41064833773917,-0.921282847877308,
-6.17386306667176E-16));
#4015=CARTESIAN_POINT('Ctrl Pts',(-5.41515211099451,-0.901808202376411,
-6.10622663543836E-16));
#4016=CARTESIAN_POINT('Ctrl Pts',(-5.4509371083829,-0.747071252072899,-5.56881736151923E-16));
#4017=CARTESIAN_POINT('Ctrl Pts',(-5.47999925112622,-0.59107856545376,-4.07960032432282E-16));
#4018=CARTESIAN_POINT('Ctrl Pts',(-5.50234788466124,-0.434297371549147,
-3.88578058618805E-16));
#4019=CARTESIAN_POINT('Ctrl Pts',(-5.5248717528093,-0.27628686347634,-3.6904411163544E-16));
#4020=CARTESIAN_POINT('Ctrl Pts',(-5.54057665745183,-0.117474722322815,
-7.80212839626682E-16));
#4021=CARTESIAN_POINT('Ctrl Pts',(-5.54942497480398,0.0416851027933184,
-6.10622663543836E-16));
#4022=CARTESIAN_POINT('Ctrl Pts',(-5.558259677004,0.20060002425761,-4.41293440584109E-16));
#4023=CARTESIAN_POINT('Ctrl Pts',(-5.56025905513374,0.359862314287806,-7.08551607660691E-17));
#4024=CARTESIAN_POINT('Ctrl Pts',(-5.55533577072895,0.519033236096988,-8.32667268468867E-17));
#4025=CARTESIAN_POINT('Ctrl Pts',(-5.55357384521192,0.575996694968577,-8.77085289420222E-17));
#4026=CARTESIAN_POINT('Ctrl Pts',(-5.55092481999203,0.632948519368482,8.75442056739423E-17));
#4027=CARTESIAN_POINT('Ctrl Pts',(-5.54738306659373,0.689868724235162,1.11022302462516E-16));
#4028=CARTESIAN_POINT('Ctrl Pts',(-5.54006078868988,0.80754647068079,1.07985740068867E-16));
#4029=CARTESIAN_POINT('Ctrl Pts',(-5.5289237921318,0.925089199094259,6.07755834693254E-16));
#4030=CARTESIAN_POINT('Ctrl Pts',(-5.51402688594753,1.04233270460985,6.66133814775094E-16));
#4031=CARTESIAN_POINT('Ctrl Pts',(-5.50939922619258,1.07875389470752,6.84268682891916E-16));
#4032=CARTESIAN_POINT('Ctrl Pts',(-5.50440861947049,1.11514619533662,-2.12671527021955E-16));
#4033=CARTESIAN_POINT('Ctrl Pts',(-5.49905640609967,1.1515046335717,-2.22044604925031E-16));
#4034=CARTESIAN_POINT('Ctrl Pts',(-5.49539981158165,1.17634446276445,-2.28448225801634E-16));
#4035=CARTESIAN_POINT('Ctrl Pts',(-5.49157390134218,1.20117134613181,8.9113511125524E-17));
#4036=CARTESIAN_POINT('Ctrl Pts',(-5.48758316162391,1.22595957342893,8.32667268468867E-17));
#4037=CARTESIAN_POINT('Ctrl Pts',(-5.46221914528202,1.38350655635358,4.61062146460929E-17));
#4038=CARTESIAN_POINT('Ctrl Pts',(-5.43017351263473,1.5396900163493,-5.22604487681812E-16));
#4039=CARTESIAN_POINT('Ctrl Pts',(-5.39168878407377,1.69411184999577,-4.9960036108132E-16));
#4040=CARTESIAN_POINT('Ctrl Pts',(-5.35243317008407,1.85162689868858,-4.76135440117439E-16));
#4041=CARTESIAN_POINT('Ctrl Pts',(-5.30647789776764,2.00730973647996,-1.47137357232642E-16));
#4042=CARTESIAN_POINT('Ctrl Pts',(-5.25402637189752,2.16074241388124,-2.22044604925031E-16));
#4043=CARTESIAN_POINT('Ctrl Pts',(-5.20145352379547,2.31452998648462,-2.97125115727071E-16));
#4044=CARTESIAN_POINT('Ctrl Pts',(-5.14235416511324,2.46605772408197,-3.14402132284259E-16));
#4045=CARTESIAN_POINT('Ctrl Pts',(-5.07688106790142,2.61489835628866,-3.88578058618805E-16));
#4046=CARTESIAN_POINT('Ctrl Pts',(-5.02054474600465,2.74296826781562,-4.5240272922289E-16));
#4047=CARTESIAN_POINT('Ctrl Pts',(-4.95948857295293,2.86904889348971,-5.04800481888094E-16));
#4048=CARTESIAN_POINT('Ctrl Pts',(-4.89378058066936,2.99285782225418,-4.44089209850063E-16));
#4049=CARTESIAN_POINT('Ctrl Pts',(-4.86092658452757,3.05476228663642,-4.13733573831047E-16));
#4050=CARTESIAN_POINT('Ctrl Pts',(-4.82690921926686,3.11609864149608,1.19584148519161E-16));
#4051=CARTESIAN_POINT('Ctrl Pts',(-4.79173455564565,3.17683024134899,1.11022302462516E-16));
#4052=CARTESIAN_POINT('Ctrl Pts',(-4.77971992219597,3.19757437465197,1.08097826961313E-16));
#4053=CARTESIAN_POINT('Ctrl Pts',(-4.7675702524861,3.21824794194601,-1.08895411188914E-16));
#4054=CARTESIAN_POINT('Ctrl Pts',(-4.75528574622073,3.23884945380063,-1.11022302462516E-16));
#4055=CARTESIAN_POINT('Ctrl Pts',(-4.74407569368671,3.25764907221277,-1.12963167027698E-16));
#4056=CARTESIAN_POINT('Ctrl Pts',(-4.73275494499159,3.27638595185515,-3.35735596164672E-16));
#4057=CARTESIAN_POINT('Ctrl Pts',(-4.72132917948083,3.29505033458,-3.33066907387547E-16));
#4058=CARTESIAN_POINT('Ctrl Pts',(-4.70861901928311,3.31581282040215,-3.30098225609229E-16));
#4059=CARTESIAN_POINT('Ctrl Pts',(-4.6957770351138,3.3364887429229,-8.92969494484634E-17));
#4060=CARTESIAN_POINT('Ctrl Pts',(-4.68280384989416,3.35707673436464,-1.11022302462516E-16));
#4061=CARTESIAN_POINT('Ctrl Pts',(-4.59603304137374,3.49477897425137,-2.60844471273911E-16));
#4062=CARTESIAN_POINT('Ctrl Pts',(-4.50339699178998,3.62854898796532,-6.02034267331955E-16));
#4063=CARTESIAN_POINT('Ctrl Pts',(-4.40528696978525,3.75814403226822,-4.44089209850063E-16));
#4064=CARTESIAN_POINT('Ctrl Pts',(-4.30600092609363,3.88929250179212,-2.84250902227748E-16));
#4065=CARTESIAN_POINT('Ctrl Pts',(-4.20110849933395,4.01616588061839,-4.56876274459848E-16));
#4066=CARTESIAN_POINT('Ctrl Pts',(-4.09096687945418,4.13848975959307,-4.44089209850063E-16));
#4067=CARTESIAN_POINT('Ctrl Pts',(-4.03700459103682,4.19842056907967,-4.37824373095004E-16));
#4068=CARTESIAN_POINT('Ctrl Pts',(-3.981781610623,4.25725893277561,-1.82643033921068E-16));
#4069=CARTESIAN_POINT('Ctrl Pts',(-3.92533623628961,4.31496997253221,-1.66533453693773E-16));
#4070=CARTESIAN_POINT('Ctrl Pts',(-3.89960798599449,4.34127512318777,-1.59190578974065E-16));
#4071=CARTESIAN_POINT('Ctrl Pts',(-3.87362573878568,4.36734603410648,-6.99412373105013E-16));
#4072=CARTESIAN_POINT('Ctrl Pts',(-3.84739296993475,4.39317926583062,-7.21644966006352E-16));
#4073=CARTESIAN_POINT('Ctrl Pts',(-3.82285412996959,4.41734436798449,-7.42441933429686E-16));
#4074=CARTESIAN_POINT('Ctrl Pts',(-3.79809252353534,4.44130474760277,-1.48598454264476E-16));
#4075=CARTESIAN_POINT('Ctrl Pts',(-3.77313285915368,4.46503703687422,-1.66533453693773E-16));
#4076=CARTESIAN_POINT('Ctrl Pts',(-3.65210153059955,4.58011672930251,-2.53501642662726E-16));
#4077=CARTESIAN_POINT('Ctrl Pts',(-3.5263317572379,4.68992187424276,8.7892464970773E-17));
#4078=CARTESIAN_POINT('Ctrl Pts',(-3.39620547755761,4.79418351744353,1.11022302462516E-16));
#4079=CARTESIAN_POINT('Ctrl Pts',(-3.26594238464005,4.89855478010752,1.34176458392875E-16));
#4080=CARTESIAN_POINT('Ctrl Pts',(-3.13131310506893,4.99737142997178,-2.86817418528433E-16));
#4081=CARTESIAN_POINT('Ctrl Pts',(-2.99265980246143,5.09033175837044,-2.77555756156289E-16));
#4082=CARTESIAN_POINT('Ctrl Pts',(-2.85997593600609,5.17928986875754,-2.68692835834667E-16));
#4083=CARTESIAN_POINT('Ctrl Pts',(-2.72360641906901,5.2628852913799,-7.94410360996373E-17));
#4084=CARTESIAN_POINT('Ctrl Pts',(-2.58382255839974,5.34081922430488,-5.55111512312578E-17));
#4085=CARTESIAN_POINT('Ctrl Pts',(-3.03124968690614,-4.24903304439938,-3.30681662608079E-17));
#4086=CARTESIAN_POINT('Ctrl Pts',(-2.43632134375442,-4.67256584903781,0.0278401443658697));
#4087=CARTESIAN_POINT('Ctrl Pts',(-0.939270650445993,-5.32495406636073,
0.0887205679138532));
#4088=CARTESIAN_POINT('Ctrl Pts',(1.5994359185447,-5.19973021465444,0.18264127064395));
#4089=CARTESIAN_POINT('Ctrl Pts',(3.8898132821666,-3.80323574560208,0.281762108190291));
#4090=CARTESIAN_POINT('Ctrl Pts',(5.23439563364635,-1.48202280018893,0.380882945736632));
#4091=CARTESIAN_POINT('Ctrl Pts',(5.30625774446037,1.19954943868486,0.480003783282973));
#4092=CARTESIAN_POINT('Ctrl Pts',(4.08792437551989,3.58945027349488,0.579124620829314));
#4093=CARTESIAN_POINT('Ctrl Pts',(1.87562942265504,5.10659407031261,0.678245458375655));
#4094=CARTESIAN_POINT('Ctrl Pts',(-0.792717298269541,5.38208901458335,0.777366295921995));
#4095=CARTESIAN_POINT('Ctrl Pts',(-3.26831797141286,4.34895196794129,0.876487133468338));
#4096=CARTESIAN_POINT('Ctrl Pts',(-4.87035417045432,2.3564960412423,0.970956184585371));
#4097=CARTESIAN_POINT('Ctrl Pts',(-5.21879989900144,0.744544501850106,1.03238495652029));
#4098=CARTESIAN_POINT('Ctrl Pts',(-5.21948991865204,-0.00010871544144064,
1.0607734492731));
#4099=CARTESIAN_POINT('Origin',(0.,0.,-2.3107734492731));
#4100=CARTESIAN_POINT('',(3.0310380903821,-4.24892676533179,0.));
#4101=CARTESIAN_POINT('Origin',(0.,0.,0.));
#4102=CARTESIAN_POINT('Ctrl Pts',(3.03103809038209,-4.24892676533179,-5.55111512312578E-16));
#4103=CARTESIAN_POINT('Ctrl Pts',(3.73669371790406,-3.74553633197267,0.0330402791821132));
#4104=CARTESIAN_POINT('Ctrl Pts',(4.89166021074075,-2.38091069179723,0.0991208375463402));
#4105=CARTESIAN_POINT('Ctrl Pts',(5.43456293013724,0.246594726011549,0.198241675092682));
#4106=CARTESIAN_POINT('Ctrl Pts',(4.65611103511675,2.81344921617303,0.297362512639022));
#4107=CARTESIAN_POINT('Ctrl Pts',(2.74552982146771,4.69656512955254,0.396483350185363));
#4108=CARTESIAN_POINT('Ctrl Pts',(0.167391701832166,5.43755813100709,0.495604187731705));
#4109=CARTESIAN_POINT('Ctrl Pts',(-2.45145074933621,4.85651925820646,0.594725025278045));
#4110=CARTESIAN_POINT('Ctrl Pts',(-4.47423114586177,3.0945927859634,0.693845862824386));
#4111=CARTESIAN_POINT('Ctrl Pts',(-5.16433121143676,1.23860334075904,0.767013037974005));
#4112=CARTESIAN_POINT('Ctrl Pts',(-5.21948578495764,0.186041740795829,0.807139933941509));
#4113=CARTESIAN_POINT('Ctrl Pts',(-5.21929443389856,0.000133921000731504,
0.8142265507269));
#4114=CARTESIAN_POINT('Ctrl Pts',(3.44554274852458,-4.8299817979046,-0.412083754634097));
#4115=CARTESIAN_POINT('Ctrl Pts',(4.24769915760401,-4.25775102890145,-0.379043475451983));
#4116=CARTESIAN_POINT('Ctrl Pts',(5.56061120473724,-2.70650824053897,-0.312962917087756));
#4117=CARTESIAN_POINT('Ctrl Pts',(6.17775769785013,0.280317384571814,-0.213842079541414));
#4118=CARTESIAN_POINT('Ctrl Pts',(5.29284988673616,3.19819786359237,-0.114721241995074));
#4119=CARTESIAN_POINT('Ctrl Pts',(3.12099026311597,5.33883621471192,-0.0156004044487322));
#4120=CARTESIAN_POINT('Ctrl Pts',(0.190283080321945,6.18116250251761,0.0835204330976082));
#4121=CARTESIAN_POINT('Ctrl Pts',(-2.78669488830993,5.52066460869646,0.18264127064395));
#4122=CARTESIAN_POINT('Ctrl Pts',(-5.08609731060935,3.51778876258484,0.28176210819029));
#4123=CARTESIAN_POINT('Ctrl Pts',(-6.14883722506049,0.659603170941306,0.380882945736632));
#4124=CARTESIAN_POINT('Ctrl Pts',(-5.71651213007205,-2.35897555150097,0.480003783282971));
#4125=CARTESIAN_POINT('Ctrl Pts',(-3.89424094433941,-4.80397227081529,0.579124620829314));
#4126=CARTESIAN_POINT('Ctrl Pts',(-1.12510096545337,-6.08090640074729,0.678245458375654));
#4127=CARTESIAN_POINT('Ctrl Pts',(1.91760260381614,-5.87929140683566,0.777366295921996));
#4128=CARTESIAN_POINT('Ctrl Pts',(4.49404903671618,-4.24815183204143,0.876487133468336));
#4129=CARTESIAN_POINT('Ctrl Pts',(5.97778593696193,-1.5840911723974,0.975607971014677));
#4130=CARTESIAN_POINT('Ctrl Pts',(6.00804881821609,1.46513449394963,1.07472880856102));
#4131=CARTESIAN_POINT('Ctrl Pts',(4.57747937038395,4.1581188639636,1.17384964610736));
#4132=CARTESIAN_POINT('Ctrl Pts',(2.03391467016795,5.84007369689797,1.2729704836537));
#4133=CARTESIAN_POINT('Ctrl Pts',(-1.0041880060692,6.10203869640349,1.37209132120004));
#4134=CARTESIAN_POINT('Ctrl Pts',(-3.79812650403627,4.88031810403167,1.47121215874638));
#4135=CARTESIAN_POINT('Ctrl Pts',(-5.66856618677146,2.47196827417396,1.57033299629272));
#4136=CARTESIAN_POINT('Ctrl Pts',(-6.16071734893131,-0.537430464128001,
1.66945383383907));
#4137=CARTESIAN_POINT('Ctrl Pts',(-5.15491546279829,-3.41615519651094,1.7685746713854));
#4138=CARTESIAN_POINT('Ctrl Pts',(-2.89571711411086,-5.46425586456038,1.86769550893175));
#4139=CARTESIAN_POINT('Ctrl Pts',(0.0675629238535758,-6.18374522497423,
1.96681634647809));
#4140=CARTESIAN_POINT('Ctrl Pts',(3.01441531517605,-5.3996824040799,2.06593718402443));
#4141=CARTESIAN_POINT('Ctrl Pts',(5.22832503850138,-3.30270904691404,2.16505802157077));
#4142=CARTESIAN_POINT('Ctrl Pts',(6.17098906335216,-0.402695588395969,2.26417885911711));
#4143=CARTESIAN_POINT('Ctrl Pts',(5.61320251476334,2.59523164384027,2.36329969666345));
#4144=CARTESIAN_POINT('Ctrl Pts',(3.69058889459324,4.96213899120085,2.46242053420979));
#4145=CARTESIAN_POINT('Ctrl Pts',(0.870623785647236,6.12252268111712,2.56154137175613));
#4146=CARTESIAN_POINT('Ctrl Pts',(-2.16102991081867,5.79424019880547,2.66066220930248));
#4147=CARTESIAN_POINT('Ctrl Pts',(-4.6672380854054,4.05711207770473,2.75978304684882));
#4148=CARTESIAN_POINT('Ctrl Pts',(-6.03862654313228,1.33351386550393,2.85890388439515));
#4149=CARTESIAN_POINT('Ctrl Pts',(-5.94174782903266,-1.71432275056332,2.9580247219415));
#4150=CARTESIAN_POINT('Ctrl Pts',(-4.40015760341186,-4.34532885085245,3.05714555948784));
#4151=CARTESIAN_POINT('Ctrl Pts',(-1.78868718006628,-5.91978613877054,3.15626639703418));
#4152=CARTESIAN_POINT('Ctrl Pts',(1.25769516379627,-6.05487180969813,3.25538723458052));
#4153=CARTESIAN_POINT('Ctrl Pts',(3.99827410882678,-4.7177403391453,3.35450807212686));
#4154=CARTESIAN_POINT('Ctrl Pts',(5.76668917254711,-2.23350973674655,3.4536289096732));
#4155=CARTESIAN_POINT('Ctrl Pts',(6.13295751603214,0.793789558673088,3.55274974721955));
#4156=CARTESIAN_POINT('Ctrl Pts',(5.00802250016421,3.62808219239347,3.65187058476588));
#4157=CARTESIAN_POINT('Ctrl Pts',(2.66540744062434,5.58022158452314,3.75099142231223));
#4158=CARTESIAN_POINT('Ctrl Pts',(-0.325290459716752,6.17555308241543,3.85011225985856));
#4159=CARTESIAN_POINT('Ctrl Pts',(-3.23689532459705,5.269324284433,3.94923309740491));
#4160=CARTESIAN_POINT('Ctrl Pts',(-5.36146242355526,3.08188099019389,4.04835393495124));
#4161=CARTESIAN_POINT('Ctrl Pts',(-6.18241201723149,0.145091026963567,4.14747477249759));
#4162=CARTESIAN_POINT('Ctrl Pts',(-5.50013359328326,-2.82697722186622,4.24659561004393));
#4163=CARTESIAN_POINT('Ctrl Pts',(-3.48052034029803,-5.11167760306587,4.34571644759027));
#4164=CARTESIAN_POINT('Ctrl Pts',(-0.614632902275463,-6.1534946292618,4.44483728513661));
#4165=CARTESIAN_POINT('Ctrl Pts',(2.40069999436084,-5.69911478161209,4.54395812268295));
#4166=CARTESIAN_POINT('Ctrl Pts',(4.8323125754673,-3.85901864855485,4.64307896022929));
#4167=CARTESIAN_POINT('Ctrl Pts',(6.08896825737083,-1.08061802578156,4.74219979777564));
#4168=CARTESIAN_POINT('Ctrl Pts',(5.86511638698016,1.96053041906787,4.84132063532197));
#4169=CARTESIAN_POINT('Ctrl Pts',(4.21518562457076,4.52498396763188,4.94044147286832));
#4170=CARTESIAN_POINT('Ctrl Pts',(1.54034983922182,5.98920630215079,5.03956231041465));
#4171=CARTESIAN_POINT('Ctrl Pts',(-1.50901566507949,5.99717779288376,5.138683147961));
#4172=CARTESIAN_POINT('Ctrl Pts',(-4.1914702258107,4.54696020469236,5.23780398550734));
#4173=CARTESIAN_POINT('Ctrl Pts',(-5.85478606513093,1.99116797093119,5.33692482305368));
#4174=CARTESIAN_POINT('Ctrl Pts',(-6.09453478764113,-1.04876855365977,5.43604566060002));
#4175=CARTESIAN_POINT('Ctrl Pts',(-4.85242247894956,-3.83370132413814,5.53516649814637));
#4176=CARTESIAN_POINT('Ctrl Pts',(-2.43046363085284,-5.68648540805436,5.6342873356927));
#4177=CARTESIAN_POINT('Ctrl Pts',(0.582452438395123,-6.15662398672528,5.73340817323905));
#4178=CARTESIAN_POINT('Ctrl Pts',(3.45374759627568,-5.12980480117261,5.83252901078538));
#4179=CARTESIAN_POINT('Ctrl Pts',(5.48527825155528,-2.85569470705958,5.93164984833173));
#4180=CARTESIAN_POINT('Ctrl Pts',(6.18308609295226,0.112765792925579,6.03077068587806));
#4181=CARTESIAN_POINT('Ctrl Pts',(5.37750201798963,3.05380775482524,6.12989152342442));
#4182=CARTESIAN_POINT('Ctrl Pts',(3.26440047642304,5.25232893928417,6.22901236097074));
#4183=CARTESIAN_POINT('Ctrl Pts',(0.357573404556725,6.17376797565878,6.3281331985171));
#4184=CARTESIAN_POINT('Ctrl Pts',(-2.63619616783904,5.59408075751298,6.42725403606342));
#4185=CARTESIAN_POINT('Ctrl Pts',(-4.98898550009656,3.65421584430294,6.52637487360978));
#4186=CARTESIAN_POINT('Ctrl Pts',(-6.12872355683471,0.825843399676986,6.6254957111561));
#4187=CARTESIAN_POINT('Ctrl Pts',(-5.77828772396662,-2.20332946605635,6.72461654870247));
#4188=CARTESIAN_POINT('Ctrl Pts',(-4.02288503084474,-4.69677184729371,6.82373738624879));
#4189=CARTESIAN_POINT('Ctrl Pts',(-1.28933441211876,-6.04821349908506,6.92285822379514));
#4190=CARTESIAN_POINT('Ctrl Pts',(1.75771255840337,-5.92905695025178,7.02197906134147));
#4191=CARTESIAN_POINT('Ctrl Pts',(4.37737895998559,-4.36827462469416,7.12109989888782));
#4192=CARTESIAN_POINT('Ctrl Pts',(5.93270369736778,-1.74536431657564,7.22022073643415));
#4193=CARTESIAN_POINT('Ctrl Pts',(6.04551596620569,1.30192413665228,7.3193415739805));
#4194=CARTESIAN_POINT('Ctrl Pts',(4.68838592912892,4.03265509766729,7.41846241152684));
#4195=CARTESIAN_POINT('Ctrl Pts',(2.19129416261642,5.78286258311699,7.51758324907319));
#4196=CARTESIAN_POINT('Ctrl Pts',(-0.83860175105133,6.1269908470909,7.61670408661952));
#4197=CARTESIAN_POINT('Ctrl Pts',(-3.66459510868361,4.98136652870986,7.71582492416587));
#4198=CARTESIAN_POINT('Ctrl Pts',(-5.59955724842988,2.62454344454046,7.81494576171221));
#4199=CARTESIAN_POINT('Ctrl Pts',(-6.17301012860638,-0.370426545030975,
7.91406659925855));
#4200=CARTESIAN_POINT('Ctrl Pts',(-5.24552097916924,-3.27532889104652,8.01318743680488));
#4201=CARTESIAN_POINT('Ctrl Pts',(-3.04260509225809,-5.38384841940896,8.11230827435124));
#4202=CARTESIAN_POINT('Ctrl Pts',(-0.0998921464250141,-6.18330755272362,
8.21142911189756));
#4203=CARTESIAN_POINT('Ctrl Pts',(2.86710884484777,-5.4793205842011,8.31054994944392));
#4204=CARTESIAN_POINT('Ctrl Pts',(5.13698475308034,-3.44306004648968,8.40967078699024));
#4205=CARTESIAN_POINT('Ctrl Pts',(6.15782275684291,-0.569632343392872,8.5087916245366));
#4206=CARTESIAN_POINT('Ctrl Pts',(5.68141390852308,2.4422965802459,8.60791246208293));
#4207=CARTESIAN_POINT('Ctrl Pts',(3.82358799502129,4.86039611634015,8.70703329962928));
#4208=CARTESIAN_POINT('Ctrl Pts',(1.03608155765991,6.09670063534637,8.80615413717562));
#4209=CARTESIAN_POINT('Ctrl Pts',(-2.00336174852963,5.85063653176085,8.90527497472195));
#4210=CARTESIAN_POINT('Ctrl Pts',(-4.55566085077916,4.18197701402874,9.00439581226831));
#4211=CARTESIAN_POINT('Ctrl Pts',(-6.00033838737061,1.49655991762135,9.10351664981463));
#4212=CARTESIAN_POINT('Ctrl Pts',(-5.98592394453281,-1.55288249023506,9.20263748736099));
#4213=CARTESIAN_POINT('Ctrl Pts',(-4.51632131420926,-4.224465622568,9.30175832490732));
#4214=CARTESIAN_POINT('Ctrl Pts',(-1.9480599193234,-5.86946729925982,9.40087916245366));
#4215=CARTESIAN_POINT('Ctrl Pts',(0.0790749880812196,-6.01374584629922,
9.46695972081789));
#4216=CARTESIAN_POINT('Ctrl Pts',(1.04889841501181,-5.83954631071505,9.5));
#4217=CARTESIAN_POINT('Ctrl Pts',(3.30737452914375,-4.63629678704699,-0.274722503089398));
#4218=CARTESIAN_POINT('Ctrl Pts',(4.07736401103736,-4.08701279659185,-0.241682223907284));
#4219=CARTESIAN_POINT('Ctrl Pts',(5.33762754007175,-2.59797572429172,-0.175601665543057));
#4220=CARTESIAN_POINT('Ctrl Pts',(5.9300261086125,0.269076498385059,-0.0764808279967155));
#4221=CARTESIAN_POINT('Ctrl Pts',(5.08060360286302,3.06994831445259,0.0226400095496246));
#4222=CARTESIAN_POINT('Ctrl Pts',(2.99583678256655,5.12474585299213,0.121760847095966));
#4223=CARTESIAN_POINT('Ctrl Pts',(0.18265262082535,5.93329437868077,0.220881684642307));
#4224=CARTESIAN_POINT('Ctrl Pts',(-2.67494684198535,5.29928282519979,0.320002522188648));
#4225=CARTESIAN_POINT('Ctrl Pts',(-4.88214192236016,3.37672343704436,0.419123359734989));
#4226=CARTESIAN_POINT('Ctrl Pts',(-5.90226536319258,0.63315270949631,0.518244197281331));
#4227=CARTESIAN_POINT('Ctrl Pts',(-5.48727674983502,-2.26437929329075,0.617365034827671));
#4228=CARTESIAN_POINT('Ctrl Pts',(-3.73807967269368,-4.61133025675302,0.716485872374013));
#4229=CARTESIAN_POINT('Ctrl Pts',(-1.07998377830283,-5.83705860348152,0.815606709920353));
#4230=CARTESIAN_POINT('Ctrl Pts',(1.84070565126411,-5.6435284852317,0.914727547466694));
#4231=CARTESIAN_POINT('Ctrl Pts',(4.31383512020648,-4.07779853297295,1.01384838501303));
#4232=CARTESIAN_POINT('Ctrl Pts',(5.73807332880942,-1.52056821749551,1.11296922255938));
#4233=CARTESIAN_POINT('Ctrl Pts',(5.76712265135267,1.40638176935519,1.21209006010572));
#4234=CARTESIAN_POINT('Ctrl Pts',(4.39391985015183,3.99137593800405,1.31121089765206));
#4235=CARTESIAN_POINT('Ctrl Pts',(1.95235353775419,5.60588342771651,1.4103317351984));
#4236=CARTESIAN_POINT('Ctrl Pts',(-0.963919497201746,5.85734348209042,1.50945257274474));
#4237=CARTESIAN_POINT('Ctrl Pts',(-3.64581947598661,4.68461457873516,1.60857341029108));
#4238=CARTESIAN_POINT('Ctrl Pts',(-5.4412534660676,2.37284094366708,1.70769424783742));
#4239=CARTESIAN_POINT('Ctrl Pts',(-5.91366908735483,-0.515879197552838,
1.80681508538376));
#4240=CARTESIAN_POINT('Ctrl Pts',(-4.94820042759563,-3.27916543464175,1.9059359229301));
#4241=CARTESIAN_POINT('Ctrl Pts',(-2.77959721466725,-5.24513610371258,2.00505676047644));
#4242=CARTESIAN_POINT('Ctrl Pts',(0.0648536122686338,-5.93577353250132,
2.10417759802279));
#4243=CARTESIAN_POINT('Ctrl Pts',(2.89353555051473,-5.18315207563942,2.20329843556913));
#4244=CARTESIAN_POINT('Ctrl Pts',(5.01866623765694,-3.17026854001843,2.30241927311547));
#4245=CARTESIAN_POINT('Ctrl Pts',(5.92352890019875,-0.386547266792635,2.40154011066181));
#4246=CARTESIAN_POINT('Ctrl Pts',(5.38810990872298,2.49116138226429,2.50066094820815));
#4247=CARTESIAN_POINT('Ctrl Pts',(3.5425941857042,4.76315440189979,2.59978178575449));
#4248=CARTESIAN_POINT('Ctrl Pts',(0.835711277809394,5.87700604739346,2.69890262330083));
#4249=CARTESIAN_POINT('Ctrl Pts',(-2.07437138512359,5.56188787890563,2.79802346084717));
#4250=CARTESIAN_POINT('Ctrl Pts',(-4.48007918976755,3.89441958119021,2.89714429839352));
#4251=CARTESIAN_POINT('Ctrl Pts',(-5.79647419214848,1.28003920279796,2.99626513593986));
#4252=CARTESIAN_POINT('Ctrl Pts',(-5.70348036945785,-1.64557743547739,3.0953859734862));
#4253=CARTESIAN_POINT('Ctrl Pts',(-4.22370878665613,-4.1710786981868,3.19450681103253));
#4254=CARTESIAN_POINT('Ctrl Pts',(-1.71695980915935,-5.68239935543736,3.29362764857888));
#4255=CARTESIAN_POINT('Ctrl Pts',(1.20726087405193,-5.8120680143067,3.39274848612522));
#4256=CARTESIAN_POINT('Ctrl Pts',(3.83794104825176,-4.5285562744751,3.49186932367156));
#4257=CARTESIAN_POINT('Ctrl Pts',(5.53544166443397,-2.14394472890325,3.5909901612179));
#4258=CARTESIAN_POINT('Ctrl Pts',(5.88702243950718,0.761958146936312,3.69011099876424));
#4259=CARTESIAN_POINT('Ctrl Pts',(4.80719795611722,3.48259403773193,3.78923183631058));
#4260=CARTESIAN_POINT('Ctrl Pts',(2.55852308977622,5.35645153250037,3.88835267385693));
#4261=CARTESIAN_POINT('Ctrl Pts',(-0.312246127696823,5.92790989950774,3.98747351140327));
#4262=CARTESIAN_POINT('Ctrl Pts',(-3.1070939853122,5.05802139056176,4.08659434894961));
#4263=CARTESIAN_POINT('Ctrl Pts',(-5.14646473802166,2.9582958136811,4.18571518649594));
#4264=CARTESIAN_POINT('Ctrl Pts',(-5.93449378714558,0.139272794450771,4.28483602404229));
#4265=CARTESIAN_POINT('Ctrl Pts',(-5.27957511515494,-2.71361383110793,4.38395686158863));
#4266=CARTESIAN_POINT('Ctrl Pts',(-3.34094949963912,-4.90669643057369,4.48307769913497));
#4267=CARTESIAN_POINT('Ctrl Pts',(-0.589985774122245,-5.90673600284259,
4.58219853668131));
#4268=CARTESIAN_POINT('Ctrl Pts',(2.3044305623155,-5.47057704492038,4.68131937422765));
#4269=CARTESIAN_POINT('Ctrl Pts',(4.63853409910685,-3.70426981095689,4.78044021177399));
#4270=CARTESIAN_POINT('Ctrl Pts',(5.84479717507978,-1.0372846297536,4.87956104932033));
#4271=CARTESIAN_POINT('Ctrl Pts',(5.62992189171597,1.88191203676495,4.97868188686668));
#4272=CARTESIAN_POINT('Ctrl Pts',(4.04615428912846,4.34352954283851,5.07780272441302));
#4273=CARTESIAN_POINT('Ctrl Pts',(1.47858093660119,5.74903573087375,5.17692356195936));
#4274=CARTESIAN_POINT('Ctrl Pts',(-1.44850328062248,5.75668756030492,5.2760443995057));
#4275=CARTESIAN_POINT('Ctrl Pts',(-4.02338989131592,4.3646245203225,5.37516523705204));
#4276=CARTESIAN_POINT('Ctrl Pts',(-5.62000582163484,1.91132100541334,5.47428607459838));
#4277=CARTESIAN_POINT('Ctrl Pts',(-5.85014048432752,-1.00671233953681,5.57340691214472));
#4278=CARTESIAN_POINT('Ctrl Pts',(-4.65783758404815,-3.67996772561555,5.67252774969106));
#4279=CARTESIAN_POINT('Ctrl Pts',(-2.33300066009485,-5.45845411640883,5.7716485872374));
#4280=CARTESIAN_POINT('Ctrl Pts',(0.559095765104231,-5.90973987129603,5.87076942478374));
#4281=CARTESIAN_POINT('Ctrl Pts',(3.31525035784422,-4.92409671775012,5.96989026233008));
#4282=CARTESIAN_POINT('Ctrl Pts',(5.26531548105987,-2.74117972884935,6.06901109987643));
#4283=CARTESIAN_POINT('Ctrl Pts',(5.93514083204747,0.108243820640583,6.16813193742276));
#4284=CARTESIAN_POINT('Ctrl Pts',(5.16186113561757,2.93134833098085,6.26725277496912));
#4285=CARTESIAN_POINT('Ctrl Pts',(3.13349616494222,5.04170756839738,6.36637361251544));
#4286=CARTESIAN_POINT('Ctrl Pts',(0.343234508129821,5.92619637654499,6.4654944500618));
#4287=CARTESIAN_POINT('Ctrl Pts',(-2.53048320560548,5.36975494478895,6.56461528760812));
#4288=CARTESIAN_POINT('Ctrl Pts',(-4.7889243505548,3.50767971537034,6.66373612515449));
#4289=CARTESIAN_POINT('Ctrl Pts',(-5.88295826447611,0.79272661072707,6.76285696270079));
#4290=CARTESIAN_POINT('Ctrl Pts',(-5.54657510735999,-2.11497470419346,6.86197780024717));
#4291=CARTESIAN_POINT('Ctrl Pts',(-3.86156505833137,-4.50842863104528,6.96109863779349));
#4292=CARTESIAN_POINT('Ctrl Pts',(-1.23763137056306,-5.80567670572746,7.06021947533984));
#4293=CARTESIAN_POINT('Ctrl Pts',(1.68722728740161,-5.6912984021175,7.15934031288617));
#4294=CARTESIAN_POINT('Ctrl Pts',(4.20184357975694,-4.19310433347692,7.25846115043252));
#4295=CARTESIAN_POINT('Ctrl Pts',(5.69479891260481,-1.67537421707814,7.35758198797886));
#4296=CARTESIAN_POINT('Ctrl Pts',(5.80308734544725,1.24971623999879,7.4567028255252));
#4297=CARTESIAN_POINT('Ctrl Pts',(4.50037899295746,3.87094333993034,7.55582366307154));
#4298=CARTESIAN_POINT('Ctrl Pts',(2.10342202325086,5.55096651206246,7.65494450061789));
#4299=CARTESIAN_POINT('Ctrl Pts',(-0.804973344971619,5.88129503737624,7.75406533816421));
#4300=CARTESIAN_POINT('Ctrl Pts',(-3.51764276535967,4.78161090424407,7.85318617571057));
#4301=CARTESIAN_POINT('Ctrl Pts',(-5.37501182531248,2.51929776312348,7.9523070132569));
#4302=CARTESIAN_POINT('Ctrl Pts',(-5.92546891958943,-0.35557223037758,8.05142785080325));
#4303=CARTESIAN_POINT('Ctrl Pts',(-5.03517261134622,-3.14398634393801,8.15054868834958));
#4304=CARTESIAN_POINT('Ctrl Pts',(-2.92059490153955,-5.16795304273875,8.24966952589593));
#4305=CARTESIAN_POINT('Ctrl Pts',(-0.0958864146698086,-5.93535341115632,
8.34879036344227));
#4306=CARTESIAN_POINT('Ctrl Pts',(2.75213615323532,-5.25959671954726,8.4479112009886));
#4307=CARTESIAN_POINT('Ctrl Pts',(4.93098874951211,-3.30499138486924,8.54703203853496));
#4308=CARTESIAN_POINT('Ctrl Pts',(5.9108905700517,-0.546789763186302,8.64615287608129));
#4309=CARTESIAN_POINT('Ctrl Pts',(5.45358598688656,2.34435910150269,8.74527371362763));
#4310=CARTESIAN_POINT('Ctrl Pts',(3.67025994673507,4.66549147405476,8.84439455117398));
#4311=CARTESIAN_POINT('Ctrl Pts',(0.994534099275742,5.85221948031077,8.9435153887203));
#4312=CARTESIAN_POINT('Ctrl Pts',(-1.92302580561076,5.61602268690753,9.04263622626666));
#4313=CARTESIAN_POINT('Ctrl Pts',(-4.37297626556406,4.01427736271332,9.141757063813));
#4314=CARTESIAN_POINT('Ctrl Pts',(-5.75972141315937,1.43654701570538,9.24087790135934));
#4315=CARTESIAN_POINT('Ctrl Pts',(-5.74588499765881,-1.49061102119719,9.33999873890567));
#4316=CARTESIAN_POINT('Ctrl Pts',(-4.33521426673373,-4.05506215394011,9.43911957645202));
#4317=CARTESIAN_POINT('Ctrl Pts',(-1.86994161113658,-5.63409832994432,9.53824041399836));
#4318=CARTESIAN_POINT('Ctrl Pts',(0.075904036188256,-5.77259122537692,9.60432097236259));
#4319=CARTESIAN_POINT('Ctrl Pts',(1.00683699337494,-5.60537719001878,9.6373612515447));
#4320=CARTESIAN_POINT('Ctrl Pts',(3.16920630976292,-4.44261177618939,-0.137361251544699));
#4321=CARTESIAN_POINT('Ctrl Pts',(3.90702886447071,-3.91627456428226,-0.104320972362585));
#4322=CARTESIAN_POINT('Ctrl Pts',(5.11464387540625,-2.48944320804447,-0.0382404139983583));
#4323=CARTESIAN_POINT('Ctrl Pts',(5.68229451937487,0.257835612198304,0.0608804235479829));
#4324=CARTESIAN_POINT('Ctrl Pts',(4.86835731898988,2.94169876531281,0.160001261094323));
#4325=CARTESIAN_POINT('Ctrl Pts',(2.87068330201714,4.91065549127234,0.259122098640665));
#4326=CARTESIAN_POINT('Ctrl Pts',(0.175022161328757,5.68542625484392,0.358242936187006));
#4327=CARTESIAN_POINT('Ctrl Pts',(-2.56319879566078,5.07790104170313,0.457363773733346));
#4328=CARTESIAN_POINT('Ctrl Pts',(-4.67818653411096,3.23565811150388,0.556484611279688));
#4329=CARTESIAN_POINT('Ctrl Pts',(-5.65569350132466,0.606702248051318,0.655605448826029));
#4330=CARTESIAN_POINT('Ctrl Pts',(-5.25804136959799,-2.16978303508053,0.75472628637237));
#4331=CARTESIAN_POINT('Ctrl Pts',(-3.58191840104795,-4.41868824269074,0.853847123918711));
#4332=CARTESIAN_POINT('Ctrl Pts',(-1.0348665911523,-5.59321080621576,0.952967961465051));
#4333=CARTESIAN_POINT('Ctrl Pts',(1.76380869871207,-5.40776556362773,1.05208879901139));
#4334=CARTESIAN_POINT('Ctrl Pts',(4.13362120369678,-3.90744523390449,1.15120963655773));
#4335=CARTESIAN_POINT('Ctrl Pts',(5.49836072065691,-1.45704526259362,1.25033047410408));
#4336=CARTESIAN_POINT('Ctrl Pts',(5.52619648448927,1.34762904476075,1.34945131165042));
#4337=CARTESIAN_POINT('Ctrl Pts',(4.2103603299197,3.82463301204451,1.44857214919675));
#4338=CARTESIAN_POINT('Ctrl Pts',(1.87079240534044,5.37169315853505,1.5476929867431));
#4339=CARTESIAN_POINT('Ctrl Pts',(-0.923650988334295,5.61264826777737,1.64681382428944));
#4340=CARTESIAN_POINT('Ctrl Pts',(-3.49351244793696,4.48891105343865,1.74593466183578));
#4341=CARTESIAN_POINT('Ctrl Pts',(-5.21394074536373,2.27371361316022,1.84505549938212));
#4342=CARTESIAN_POINT('Ctrl Pts',(-5.66662082577835,-0.494327930977676,
1.94417633692846));
#4343=CARTESIAN_POINT('Ctrl Pts',(-4.74148539239296,-3.14217567277257,2.0432971744748));
#4344=CARTESIAN_POINT('Ctrl Pts',(-2.66347731522365,-5.02601634286478,2.14241801202114));
#4345=CARTESIAN_POINT('Ctrl Pts',(0.062144300683688,-5.68780184002841,2.24153884956748));
#4346=CARTESIAN_POINT('Ctrl Pts',(2.77265578585341,-4.96662174719894,2.34065968711382));
#4347=CARTESIAN_POINT('Ctrl Pts',(4.80900743681249,-3.03782803312282,2.43978052466017));
#4348=CARTESIAN_POINT('Ctrl Pts',(5.67606873704534,-0.370398945189306,2.53890136220651));
#4349=CARTESIAN_POINT('Ctrl Pts',(5.16301730268262,2.38709112068831,2.63802219975285));
#4350=CARTESIAN_POINT('Ctrl Pts',(3.39459947681517,4.56416981259873,2.73714303729919));
#4351=CARTESIAN_POINT('Ctrl Pts',(0.800798769971549,5.63148941366981,2.83626387484553));
#4352=CARTESIAN_POINT('Ctrl Pts',(-1.98771285942851,5.32953555900577,2.93538471239187));
#4353=CARTESIAN_POINT('Ctrl Pts',(-4.2929202941297,3.73172708467571,3.03450554993821));
#4354=CARTESIAN_POINT('Ctrl Pts',(-5.55432184116469,1.22656454009199,3.13362638748455));
#4355=CARTESIAN_POINT('Ctrl Pts',(-5.46521290988303,-1.57683212039146,3.23274722503089));
#4356=CARTESIAN_POINT('Ctrl Pts',(-4.0472599699004,-3.99682854552115,3.33186806257724));
#4357=CARTESIAN_POINT('Ctrl Pts',(-1.64523243825243,-5.44501257210416,3.43098890012357));
#4358=CARTESIAN_POINT('Ctrl Pts',(1.15682658430759,-5.56926421891527,3.53010973766992));
#4359=CARTESIAN_POINT('Ctrl Pts',(3.67760798767672,-4.33937220980488,3.62923057521626));
#4360=CARTESIAN_POINT('Ctrl Pts',(5.30419415632085,-2.05437972105995,3.7283514127626));
#4361=CARTESIAN_POINT('Ctrl Pts',(5.6410873629822,0.73012673519954,3.82747225030894));
#4362=CARTESIAN_POINT('Ctrl Pts',(4.60637341207024,3.33710588307039,3.92659308785528));
#4363=CARTESIAN_POINT('Ctrl Pts',(2.4516387389281,5.1326814804776,4.02571392540163));
#4364=CARTESIAN_POINT('Ctrl Pts',(-0.299201795676891,5.68026671660005,4.12483476294796));
#4365=CARTESIAN_POINT('Ctrl Pts',(-2.97729264602734,4.84671849669053,4.22395560049431));
#4366=CARTESIAN_POINT('Ctrl Pts',(-4.93146705248807,2.83471063716833,4.32307643804064));
#4367=CARTESIAN_POINT('Ctrl Pts',(-5.68657555705968,0.133454561937968,4.42219727558699));
#4368=CARTESIAN_POINT('Ctrl Pts',(-5.05901663702662,-2.60025044034963,4.52131811313332));
#4369=CARTESIAN_POINT('Ctrl Pts',(-3.20137865898022,-4.70171525808152,4.62043895067967));
#4370=CARTESIAN_POINT('Ctrl Pts',(-0.565338645969022,-5.65997737642337,
4.71955978822601));
#4371=CARTESIAN_POINT('Ctrl Pts',(2.20816113027017,-5.24203930822868,4.81868062577235));
#4372=CARTESIAN_POINT('Ctrl Pts',(4.44475562274639,-3.54952097335893,4.91780146331869));
#4373=CARTESIAN_POINT('Ctrl Pts',(5.60062609278873,-0.993951233725637,5.01692230086503));
#4374=CARTESIAN_POINT('Ctrl Pts',(5.39472739645179,1.80329365446203,5.11604313841138));
#4375=CARTESIAN_POINT('Ctrl Pts',(3.87712295368617,4.16207511804514,5.21516397595771));
#4376=CARTESIAN_POINT('Ctrl Pts',(1.41681203398056,5.5088651595967,5.31428481350405));
#4377=CARTESIAN_POINT('Ctrl Pts',(-1.38799089616546,5.51619732772609,5.4134056510504));
#4378=CARTESIAN_POINT('Ctrl Pts',(-3.85530955682117,4.18228883595263,5.51252648859673));
#4379=CARTESIAN_POINT('Ctrl Pts',(-5.38522557813872,1.83147403989549,5.61164732614309));
#4380=CARTESIAN_POINT('Ctrl Pts',(-5.60574618101392,-0.964656125413854,
5.71076816368941));
#4381=CARTESIAN_POINT('Ctrl Pts',(-4.46325268914673,-3.52623412709296,5.80988900123578));
#4382=CARTESIAN_POINT('Ctrl Pts',(-2.23553768933687,-5.2304228247633,5.90900983878209));
#4383=CARTESIAN_POINT('Ctrl Pts',(0.535739091813353,-5.66285575586678,6.00813067632845));
#4384=CARTESIAN_POINT('Ctrl Pts',(3.17675311941275,-4.71838863432763,6.10725151387478));
#4385=CARTESIAN_POINT('Ctrl Pts',(5.04535271056448,-2.62666475063912,6.20637235142113));
#4386=CARTESIAN_POINT('Ctrl Pts',(5.68719557114265,0.103721848355592,6.30549318896746));
#4387=CARTESIAN_POINT('Ctrl Pts',(4.94622025324553,2.80888890713645,6.40461402651381));
#4388=CARTESIAN_POINT('Ctrl Pts',(3.00259185346141,4.83108619751058,6.50373486406014));
#4389=CARTESIAN_POINT('Ctrl Pts',(0.32889561170292,5.6786247774312,6.60285570160649));
#4390=CARTESIAN_POINT('Ctrl Pts',(-2.42477024337193,5.14542913206493,6.70197653915282));
#4391=CARTESIAN_POINT('Ctrl Pts',(-4.58886320101303,3.36114358643775,6.80109737669917));
#4392=CARTESIAN_POINT('Ctrl Pts',(-5.6371929721175,0.759609821777154,6.9002182142455));
#4393=CARTESIAN_POINT('Ctrl Pts',(-5.31486249075338,-2.02661994233056,6.99933905179186));
#4394=CARTESIAN_POINT('Ctrl Pts',(-3.700245085818,-4.32008541479685,7.09845988933818));
#4395=CARTESIAN_POINT('Ctrl Pts',(-1.18592832900736,-5.56313991236985,7.19758072688455));
#4396=CARTESIAN_POINT('Ctrl Pts',(1.61674201639985,-5.45353985398321,7.29670156443086));
#4397=CARTESIAN_POINT('Ctrl Pts',(4.0263081995283,-4.01793404225969,7.39582240197723));
#4398=CARTESIAN_POINT('Ctrl Pts',(5.45689412784182,-1.60538411758065,7.49494323952355));
#4399=CARTESIAN_POINT('Ctrl Pts',(5.56065872468883,1.1975083433453,7.5940640770699));
#4400=CARTESIAN_POINT('Ctrl Pts',(4.312372056786,3.70923158219339,7.69318491461624));
#4401=CARTESIAN_POINT('Ctrl Pts',(2.01554988388531,5.31907044100792,7.79230575216258));
#4402=CARTESIAN_POINT('Ctrl Pts',(-0.771344938891906,5.63559922766158,7.89142658970892));
#4403=CARTESIAN_POINT('Ctrl Pts',(-3.37069042203572,4.58185527977827,7.99054742725525));
#4404=CARTESIAN_POINT('Ctrl Pts',(-5.15046640219507,2.4140520817065,8.08966826480161));
#4405=CARTESIAN_POINT('Ctrl Pts',(-5.67792771057247,-0.340717915724184,
8.18878910234793));
#4406=CARTESIAN_POINT('Ctrl Pts',(-4.82482424352319,-3.0126437968295,8.28790993989429));
#4407=CARTESIAN_POINT('Ctrl Pts',(-2.79858471082101,-4.95205766606854,8.38703077744062));
#4408=CARTESIAN_POINT('Ctrl Pts',(-0.0918806829145974,-5.68739926958901,
8.48615161498696));
#4409=CARTESIAN_POINT('Ctrl Pts',(2.63716346162286,-5.03987285489343,8.58527245253331));
#4410=CARTESIAN_POINT('Ctrl Pts',(4.72499274594388,-3.16692272324881,8.68439329007965));
#4411=CARTESIAN_POINT('Ctrl Pts',(5.6639583832605,-0.523947182979731,8.78351412762599));
#4412=CARTESIAN_POINT('Ctrl Pts',(5.22575806525005,2.24642162275947,8.88263496517233));
#4413=CARTESIAN_POINT('Ctrl Pts',(3.51693189844884,4.47058683176937,8.98175580271867));
#4414=CARTESIAN_POINT('Ctrl Pts',(0.952986640891573,5.60773832527518,9.080876640265));
#4415=CARTESIAN_POINT('Ctrl Pts',(-1.84268986269189,5.3814088420542,9.17999747781136));
#4416=CARTESIAN_POINT('Ctrl Pts',(-4.19029168034896,3.8465777113979,9.27911831535769));
#4417=CARTESIAN_POINT('Ctrl Pts',(-5.51910443894813,1.37653411378941,9.37823915290404));
#4418=CARTESIAN_POINT('Ctrl Pts',(-5.50584605078482,-1.4283395521593,9.47735999045038));
#4419=CARTESIAN_POINT('Ctrl Pts',(-4.1541072192582,-3.88565868531222,9.57648082799671));
#4420=CARTESIAN_POINT('Ctrl Pts',(-1.79182330294977,-5.39872936062881,9.67560166554306));
#4421=CARTESIAN_POINT('Ctrl Pts',(0.0727330842952865,-5.53143660445461,
9.74168222390728));
#4422=CARTESIAN_POINT('Ctrl Pts',(0.964775571738074,-5.37120806932251,9.7747225030894));
#4423=CARTESIAN_POINT('Ctrl Pts',(3.03103809038209,-4.24892676533179,-5.55111512312578E-16));
#4424=CARTESIAN_POINT('Ctrl Pts',(3.73669371790406,-3.74553633197267,0.0330402791821132));
#4425=CARTESIAN_POINT('Ctrl Pts',(4.89166021074075,-2.38091069179723,0.0991208375463402));
#4426=CARTESIAN_POINT('Ctrl Pts',(5.43456293013724,0.246594726011549,0.198241675092682));
#4427=CARTESIAN_POINT('Ctrl Pts',(4.65611103511675,2.81344921617303,0.297362512639022));
#4428=CARTESIAN_POINT('Ctrl Pts',(2.74552982146771,4.69656512955254,0.396483350185363));
#4429=CARTESIAN_POINT('Ctrl Pts',(0.167391701832166,5.43755813100709,0.495604187731705));
#4430=CARTESIAN_POINT('Ctrl Pts',(-2.45145074933621,4.85651925820646,0.594725025278045));
#4431=CARTESIAN_POINT('Ctrl Pts',(-4.47423114586177,3.0945927859634,0.693845862824386));
#4432=CARTESIAN_POINT('Ctrl Pts',(-5.40912163945676,0.580251786606324,0.792966700370727));
#4433=CARTESIAN_POINT('Ctrl Pts',(-5.02880598936096,-2.0751867768703,0.892087537917069));
#4434=CARTESIAN_POINT('Ctrl Pts',(-3.42575712940222,-4.22604622862848,0.991208375463409));
#4435=CARTESIAN_POINT('Ctrl Pts',(-0.989749404001758,-5.34936300894999,
1.09032921300975));
#4436=CARTESIAN_POINT('Ctrl Pts',(1.68691174616003,-5.17200264202377,1.18945005055609));
#4437=CARTESIAN_POINT('Ctrl Pts',(3.95340728718708,-3.73709193483603,1.28857088810243));
#4438=CARTESIAN_POINT('Ctrl Pts',(5.25864811250439,-1.39352230769173,1.38769172564877));
#4439=CARTESIAN_POINT('Ctrl Pts',(5.28527031762587,1.28887632016631,1.48681256319511));
#4440=CARTESIAN_POINT('Ctrl Pts',(4.02680080968758,3.65789008608496,1.58593340074145));
#4441=CARTESIAN_POINT('Ctrl Pts',(1.78923127292668,5.13750288935358,1.6850542382878));
#4442=CARTESIAN_POINT('Ctrl Pts',(-0.883382479466839,5.36795305346433,1.78417507583414));
#4443=CARTESIAN_POINT('Ctrl Pts',(-3.3412054198873,4.29320752814213,1.88329591338048));
#4444=CARTESIAN_POINT('Ctrl Pts',(-4.98662802465986,2.17458628265335,1.98241675092682));
#4445=CARTESIAN_POINT('Ctrl Pts',(-5.41957256420188,-0.472776664402517,
2.08153758847316));
#4446=CARTESIAN_POINT('Ctrl Pts',(-4.53477035719028,-3.00518591090339,2.18065842601951));
#4447=CARTESIAN_POINT('Ctrl Pts',(-2.54735741578005,-4.80689658201698,2.27977926356584));
#4448=CARTESIAN_POINT('Ctrl Pts',(0.0594349890987451,-5.4398301475555,2.37890010111219));
#4449=CARTESIAN_POINT('Ctrl Pts',(2.65177602119209,-4.75009141875847,2.47802093865852));
#4450=CARTESIAN_POINT('Ctrl Pts',(4.59934863596804,-2.90538752622721,2.57714177620487));
#4451=CARTESIAN_POINT('Ctrl Pts',(5.42860857389193,-0.354250623585973,2.6762626137512));
#4452=CARTESIAN_POINT('Ctrl Pts',(4.93792469664226,2.28302085911232,2.77538345129755));
#4453=CARTESIAN_POINT('Ctrl Pts',(3.24660476792613,4.36518522329767,2.87450428884388));
#4454=CARTESIAN_POINT('Ctrl Pts',(0.765886262133702,5.38597277994615,2.97362512639023));
#4455=CARTESIAN_POINT('Ctrl Pts',(-1.90105433373343,5.09718323910592,3.07274596393657));
#4456=CARTESIAN_POINT('Ctrl Pts',(-4.10576139849186,3.56903458816119,3.17186680148291));
#4457=CARTESIAN_POINT('Ctrl Pts',(-5.31216949018089,1.17308987738603,3.27098763902925));
#4458=CARTESIAN_POINT('Ctrl Pts',(-5.22694545030822,-1.50808680530553,3.37010847657559));
#4459=CARTESIAN_POINT('Ctrl Pts',(-3.87081115314467,-3.8225783928555,3.46922931412193));
#4460=CARTESIAN_POINT('Ctrl Pts',(-1.5735050673455,-5.20762578877097,3.56835015166828));
#4461=CARTESIAN_POINT('Ctrl Pts',(1.10639229456325,-5.32646042352385,3.66747098921462));
#4462=CARTESIAN_POINT('Ctrl Pts',(3.51727492710168,-4.15018814513467,3.76659182676096));
#4463=CARTESIAN_POINT('Ctrl Pts',(5.07294664820773,-1.96481471321665,3.8657126643073));
#4464=CARTESIAN_POINT('Ctrl Pts',(5.39515228645723,0.698295323462768,3.96483350185364));
#4465=CARTESIAN_POINT('Ctrl Pts',(4.40554886802326,3.19161772840884,4.06395433939999));
#4466=CARTESIAN_POINT('Ctrl Pts',(2.34475438807998,4.90891142845482,4.16307517694632));
#4467=CARTESIAN_POINT('Ctrl Pts',(-0.28615746365696,5.43262353369235,4.26219601449266));
#4468=CARTESIAN_POINT('Ctrl Pts',(-2.84749130674249,4.6354156028193,4.36131685203901));
#4469=CARTESIAN_POINT('Ctrl Pts',(-4.71646936695447,2.71112546065555,4.46043768958534));
#4470=CARTESIAN_POINT('Ctrl Pts',(-5.43865732697378,0.127636329425168,4.55955852713169));
#4471=CARTESIAN_POINT('Ctrl Pts',(-4.8384581588983,-2.48688704959133,4.65867936467803));
#4472=CARTESIAN_POINT('Ctrl Pts',(-3.06180781832132,-4.49673408558935,4.75780020222437));
#4473=CARTESIAN_POINT('Ctrl Pts',(-0.540691517815799,-5.41321875000416,
4.85692103977071));
#4474=CARTESIAN_POINT('Ctrl Pts',(2.11189169822483,-5.01350157153698,4.95604187731705));
#4475=CARTESIAN_POINT('Ctrl Pts',(4.25097714638593,-3.39477213576097,5.05516271486339));
#4476=CARTESIAN_POINT('Ctrl Pts',(5.35645501049768,-0.950617837697677,5.15428355240973));
#4477=CARTESIAN_POINT('Ctrl Pts',(5.15953290118761,1.72467527215912,5.25340438995607));
#4478=CARTESIAN_POINT('Ctrl Pts',(3.70809161824387,3.98062069325177,5.35252522750242));
#4479=CARTESIAN_POINT('Ctrl Pts',(1.35504313135992,5.26869458831966,5.45164606504875));
#4480=CARTESIAN_POINT('Ctrl Pts',(-1.32747851170844,5.27570709514724,5.5507669025951));
#4481=CARTESIAN_POINT('Ctrl Pts',(-3.6872292223264,3.99995315158276,5.64988774014143));
#4482=CARTESIAN_POINT('Ctrl Pts',(-5.15044533464262,1.75162707437764,5.74900857768779));
#4483=CARTESIAN_POINT('Ctrl Pts',(-5.36135187770031,-0.922599911290892,
5.84812941523411));
#4484=CARTESIAN_POINT('Ctrl Pts',(-4.26866779424532,-3.37250052857038,5.94725025278046));
#4485=CARTESIAN_POINT('Ctrl Pts',(-2.13807471857889,-5.00239153311777,6.0463710903268));
#4486=CARTESIAN_POINT('Ctrl Pts',(0.512382418522468,-5.41597164043753,6.14549192787314));
#4487=CARTESIAN_POINT('Ctrl Pts',(3.03825588098128,-4.51268055090513,6.24461276541948));
#4488=CARTESIAN_POINT('Ctrl Pts',(4.82538994006909,-2.5121497724289,6.34373360296583));
#4489=CARTESIAN_POINT('Ctrl Pts',(5.43925031023784,0.0991998760706045,6.44285444051216));
#4490=CARTESIAN_POINT('Ctrl Pts',(4.73057937087347,2.68642948329205,6.5419752780585));
#4491=CARTESIAN_POINT('Ctrl Pts',(2.87168754198059,4.62046482662379,6.64109611560484));
#4492=CARTESIAN_POINT('Ctrl Pts',(0.314556715276017,5.43105317831739,6.74021695315119));
#4493=CARTESIAN_POINT('Ctrl Pts',(-2.31905728113837,4.9211033193409,6.83933779069753));
#4494=CARTESIAN_POINT('Ctrl Pts',(-4.38880205147127,3.21460745750515,6.93845862824387));
#4495=CARTESIAN_POINT('Ctrl Pts',(-5.3914276797589,0.726493032827239,7.03757946579021));
#4496=CARTESIAN_POINT('Ctrl Pts',(-5.08314987414676,-1.93826518046767,7.13670030333655));
#4497=CARTESIAN_POINT('Ctrl Pts',(-3.53892511330463,-4.13174219854842,7.23582114088289));
#4498=CARTESIAN_POINT('Ctrl Pts',(-1.13422528745167,-5.32060311901225,7.33494197842923));
#4499=CARTESIAN_POINT('Ctrl Pts',(1.54625674539809,-5.21578130584892,7.43406281597557));
#4500=CARTESIAN_POINT('Ctrl Pts',(3.85077281929965,-3.84276375104245,7.53318365352192));
#4501=CARTESIAN_POINT('Ctrl Pts',(5.21898934307885,-1.53539401808316,7.63230449106825));
#4502=CARTESIAN_POINT('Ctrl Pts',(5.31823010393039,1.14530044669181,7.73142532861461));
#4503=CARTESIAN_POINT('Ctrl Pts',(4.12436512061454,3.54751982445644,7.83054616616094));
#4504=CARTESIAN_POINT('Ctrl Pts',(1.92767774451975,5.08717436995339,7.92966700370728));
#4505=CARTESIAN_POINT('Ctrl Pts',(-0.737716532812191,5.38990341794693,8.02878784125362));
#4506=CARTESIAN_POINT('Ctrl Pts',(-3.22373807871178,4.38209965531247,8.12790867879996));
#4507=CARTESIAN_POINT('Ctrl Pts',(-4.92592097907765,2.30880640028952,8.22702951634631));
#4508=CARTESIAN_POINT('Ctrl Pts',(-5.43038650155552,-0.325863601070791,
8.32615035389264));
#4509=CARTESIAN_POINT('Ctrl Pts',(-4.61447587570015,-2.88130124972099,8.42527119143899));
#4510=CARTESIAN_POINT('Ctrl Pts',(-2.67657452010248,-4.73616228939833,8.52439202898532));
#4511=CARTESIAN_POINT('Ctrl Pts',(-0.0878749511593896,-5.4394451280217,
8.62351286653167));
#4512=CARTESIAN_POINT('Ctrl Pts',(2.52219077001041,-4.8201489902396,8.72263370407801));
#4513=CARTESIAN_POINT('Ctrl Pts',(4.51899674237564,-3.02885406162838,8.82175454162435));
#4514=CARTESIAN_POINT('Ctrl Pts',(5.41702619646929,-0.501104602773162,8.92087537917069));
#4515=CARTESIAN_POINT('Ctrl Pts',(4.99793014361353,2.14848414401626,9.01999621671703));
#4516=CARTESIAN_POINT('Ctrl Pts',(3.36360385016262,4.27568218948397,9.11911705426337));
#4517=CARTESIAN_POINT('Ctrl Pts',(0.911439182507404,5.36325717023959,9.21823789180971));
#4518=CARTESIAN_POINT('Ctrl Pts',(-1.76235391977302,5.14679499720088,9.31735872935605));
#4519=CARTESIAN_POINT('Ctrl Pts',(-4.00760709513386,3.67887806008248,9.4164795669024));
#4520=CARTESIAN_POINT('Ctrl Pts',(-5.27848746473691,1.31652121187344,9.51560040444874));
#4521=CARTESIAN_POINT('Ctrl Pts',(-5.26580710391081,-1.36606808312143,9.61472124199507));
#4522=CARTESIAN_POINT('Ctrl Pts',(-3.97300017178267,-3.71625521668433,9.71384207954142));
#4523=CARTESIAN_POINT('Ctrl Pts',(-1.71370499476295,-5.16336039131331,9.81296291708776));
#4524=CARTESIAN_POINT('Ctrl Pts',(0.069562132402323,-5.29028198353231,9.87904347545198));
#4525=CARTESIAN_POINT('Ctrl Pts',(0.922714150101206,-5.13703894862624,9.9120837546341));
#4526=CARTESIAN_POINT('Ctrl Pts',(2.58403928942733,5.34097883428046,7.11236625150491E-17));
#4527=CARTESIAN_POINT('Ctrl Pts',(2.7196956522773,5.26551588609169,8.06042967202476E-17));
#4528=CARTESIAN_POINT('Ctrl Pts',(2.85208385000231,5.18485697001803,6.68324457402646E-16));
#4529=CARTESIAN_POINT('Ctrl Pts',(2.98087773144546,5.09912166586715,6.03683769639929E-16));
#4530=CARTESIAN_POINT('Ctrl Pts',(3.11911147570464,5.0071024489977,5.18692773906362E-16));
#4531=CARTESIAN_POINT('Ctrl Pts',(3.25320560413805,4.90923560416695,-6.10614299872398E-16));
#4532=CARTESIAN_POINT('Ctrl Pts',(3.38287655325581,4.80588045246007,-5.55111512312578E-16));
#4533=CARTESIAN_POINT('Ctrl Pts',(3.51297408235118,4.70218529214987,-4.99426136609189E-16));
#4534=CARTESIAN_POINT('Ctrl Pts',(3.63861978189417,4.59296506774641,3.08949989032446E-17));
#4535=CARTESIAN_POINT('Ctrl Pts',(3.759489901139,4.47854608526139,6.24500451351651E-17));
#4536=CARTESIAN_POINT('Ctrl Pts',(3.87483392159813,4.36935826002286,9.2562416339095E-17));
#4537=CARTESIAN_POINT('Ctrl Pts',(3.9858291621726,4.2554354825867,-4.10734385081245E-16));
#4538=CARTESIAN_POINT('Ctrl Pts',(4.09215642171792,4.13703778203905,-4.71844785465692E-16));
#4539=CARTESIAN_POINT('Ctrl Pts',(4.13329685794741,4.09122701751896,-4.95489789961483E-16));
#4540=CARTESIAN_POINT('Ctrl Pts',(4.17373803058434,4.04474611064397,-5.80811000580747E-16));
#4541=CARTESIAN_POINT('Ctrl Pts',(4.2134597712463,3.99760943540775,-5.82867087928207E-16));
#4542=CARTESIAN_POINT('Ctrl Pts',(4.23944278037791,3.96677612743368,-5.84212027385395E-16));
#4543=CARTESIAN_POINT('Ctrl Pts',(4.26511793899942,3.93566222194347,-3.67323023712916E-16));
#4544=CARTESIAN_POINT('Ctrl Pts',(4.29047936930541,3.90427167237631,-3.60822483003176E-16));
#4545=CARTESIAN_POINT('Ctrl Pts',(4.30712072983454,3.88367419635655,-3.5655703581507E-16));
#4546=CARTESIAN_POINT('Ctrl Pts',(4.32362914829297,3.86295476916058,1.2720158490016E-16));
#4547=CARTESIAN_POINT('Ctrl Pts',(4.3399867385258,3.84213543946412,1.11022302462516E-16));
#4548=CARTESIAN_POINT('Ctrl Pts',(4.44130931384197,3.7131758512133,1.08042055414091E-17));
#4549=CARTESIAN_POINT('Ctrl Pts',(4.53697368101217,3.58023352113705,2.95418199838883E-16));
#4550=CARTESIAN_POINT('Ctrl Pts',(4.62670031309716,3.44364204009495,1.94289029309402E-16));
#4551=CARTESIAN_POINT('Ctrl Pts',(4.71595971612877,3.30776182511626,9.3686463707771E-17));
#4552=CARTESIAN_POINT('Ctrl Pts',(4.79934346339553,3.16826975186606,-5.75789822236364E-16));
#4553=CARTESIAN_POINT('Ctrl Pts',(4.87653279480948,3.02546706876314,-4.57966997657877E-16));
#4554=CARTESIAN_POINT('Ctrl Pts',(4.88723391527407,3.00566966040945,-4.41632664710617E-16));
#4555=CARTESIAN_POINT('Ctrl Pts',(4.89781590728246,2.98580858906697,-5.10442266521491E-17));
#4556=CARTESIAN_POINT('Ctrl Pts',(4.90827784818121,2.9658846261021,-6.93889390390723E-17));
#4557=CARTESIAN_POINT('Ctrl Pts',(4.98423953026531,2.82122143642821,-2.17375656688875E-16));
#4558=CARTESIAN_POINT('Ctrl Pts',(5.05387642802656,2.67324362880657,-5.51462289731844E-16));
#4559=CARTESIAN_POINT('Ctrl Pts',(5.11705996802485,2.52239042060702,-5.55111512312578E-16));
#4560=CARTESIAN_POINT('Ctrl Pts',(5.17983728708494,2.37250708101195,-5.58737273235095E-16));
#4561=CARTESIAN_POINT('Ctrl Pts',(5.23624405041494,2.21978444174335,-2.00197516598053E-16));
#4562=CARTESIAN_POINT('Ctrl Pts',(5.28610319339221,2.06464859183461,-8.32667268468867E-17));
#4563=CARTESIAN_POINT('Ctrl Pts',(5.30059523279058,2.01955686512757,-4.92796682901518E-17));
#4564=CARTESIAN_POINT('Ctrl Pts',(5.31453377440538,1.97426127252193,1.03668479819506E-17));
#4565=CARTESIAN_POINT('Ctrl Pts',(5.32791363804165,1.92877234138786,2.77555756156289E-17));
#4566=CARTESIAN_POINT('Ctrl Pts',(5.33359603859554,1.90945328594012,3.51405324599753E-17));
#4567=CARTESIAN_POINT('Ctrl Pts',(5.33917746505857,1.89009987609452,-3.2254289774206E-16));
#4568=CARTESIAN_POINT('Ctrl Pts',(5.34465399152215,1.87072592096503,-3.05311331771918E-16));
#4569=CARTESIAN_POINT('Ctrl Pts',(5.38849904479543,1.71561809843986,-1.67355469973752E-16));
#4570=CARTESIAN_POINT('Ctrl Pts',(5.42568849134269,1.55897973015921,6.48261749689676E-16));
#4571=CARTESIAN_POINT('Ctrl Pts',(5.45615072040928,1.40124367247318,5.82867087928207E-16));
#4572=CARTESIAN_POINT('Ctrl Pts',(5.4865725480744,1.24371681673953,5.17559157704955E-16));
#4573=CARTESIAN_POINT('Ctrl Pts',(5.51028508862963,1.08509442546124,1.13684119005662E-16));
#4574=CARTESIAN_POINT('Ctrl Pts',(5.5271658859037,0.925799196804425,8.32667268468867E-17));
#4575=CARTESIAN_POINT('Ctrl Pts',(5.54381432662333,0.768696595063732,5.32680163606756E-17));
#4576=CARTESIAN_POINT('Ctrl Pts',(5.55381779777751,0.610938854551698,-9.33760021765091E-17));
#4577=CARTESIAN_POINT('Ctrl Pts',(5.55700853110126,0.452934021411218,-1.11022302462516E-16));
#4578=CARTESIAN_POINT('Ctrl Pts',(5.55836009973837,0.386004461552149,-1.18497131477609E-16));
#4579=CARTESIAN_POINT('Ctrl Pts',(5.55848863571516,0.319030657734366,4.71901310548707E-17));
#4580=CARTESIAN_POINT('Ctrl Pts',(5.55737860806097,0.252044223447142,2.77555756156289E-17));
#4581=CARTESIAN_POINT('Ctrl Pts',(5.55549183002465,0.138183516943946,-2.98576854553788E-17));
#4582=CARTESIAN_POINT('Ctrl Pts',(5.55002722349827,0.0242859772640479,1.93850059535929E-16));
#4583=CARTESIAN_POINT('Ctrl Pts',(5.54100459306745,-0.0894832212456877,
1.66533453693773E-16));
#4584=CARTESIAN_POINT('Ctrl Pts',(5.53747601021883,-0.133976237516448,1.55850437516131E-16));
#4585=CARTESIAN_POINT('Ctrl Pts',(5.53340311720632,-0.178449562735416,-1.88116550948117E-17));
#4586=CARTESIAN_POINT('Ctrl Pts',(5.52878660809478,-0.222893051449988,-2.77555756156289E-17));
#4587=CARTESIAN_POINT('Ctrl Pts',(5.52669296598175,-0.24304870529462,-3.1811750575008E-17));
#4588=CARTESIAN_POINT('Ctrl Pts',(5.52448746500203,-0.263198165758956,-5.09628126953119E-16));
#4589=CARTESIAN_POINT('Ctrl Pts',(5.52217197107074,-0.283326074354736,-4.9960036108132E-16));
#4590=CARTESIAN_POINT('Ctrl Pts',(5.50417705992263,-0.439750551172911,-4.21669361808E-16));
#4591=CARTESIAN_POINT('Ctrl Pts',(5.47952126395836,-0.595093174097928,-2.54789396818016E-16));
#4592=CARTESIAN_POINT('Ctrl Pts',(5.44836307489855,-0.748941879735835,-2.77555756156289E-16));
#4593=CARTESIAN_POINT('Ctrl Pts',(5.41705455282919,-0.903532879442497,-3.00431959340397E-16));
#4594=CARTESIAN_POINT('Ctrl Pts',(5.37918051098948,-1.05661625324877,-4.53767603504878E-16));
#4595=CARTESIAN_POINT('Ctrl Pts',(5.33485093339253,-1.20776213377426,-4.44089209850063E-16));
#4596=CARTESIAN_POINT('Ctrl Pts',(5.2908439872633,-1.3578079718469,-4.3448125571936E-16));
#4597=CARTESIAN_POINT('Ctrl Pts',(5.2404748256841,-1.50594509807021,3.39664837589771E-16));
#4598=CARTESIAN_POINT('Ctrl Pts',(5.18380523580388,-1.65173075841651,3.88578058618805E-16));
#4599=CARTESIAN_POINT('Ctrl Pts',(5.13654517297684,-1.7733098889839,4.29369634908507E-16));
#4600=CARTESIAN_POINT('Ctrl Pts',(5.08490237923876,-1.89325341585193,-3.78531319384469E-16));
#4601=CARTESIAN_POINT('Ctrl Pts',(5.02889023840027,-2.01128745534672,-4.44089209850063E-16));
#4602=CARTESIAN_POINT('Ctrl Pts',(5.00088416798102,-2.07030447509412,-4.76868155082859E-16));
#4603=CARTESIAN_POINT('Ctrl Pts',(4.97178545190756,-2.12884384987137,-5.63488353872071E-16));
#4604=CARTESIAN_POINT('Ctrl Pts',(4.94159396783247,-2.18686952610521,-5.55111512312578E-16));
#4605=CARTESIAN_POINT('Ctrl Pts',(4.93060630913733,-2.20798694863489,-5.52062908415863E-16));
#4606=CARTESIAN_POINT('Ctrl Pts',(4.91947390571495,-2.22903632080134,-4.98142333130718E-16));
#4607=CARTESIAN_POINT('Ctrl Pts',(4.90819671387881,-2.25001586006351,-4.9960036108132E-16));
#4608=CARTESIAN_POINT('Ctrl Pts',(4.89850517352389,-2.26804553042305,-5.00853380177491E-16));
#4609=CARTESIAN_POINT('Ctrl Pts',(4.88870833055024,-2.28602052053712,-5.59895767043412E-16));
#4610=CARTESIAN_POINT('Ctrl Pts',(4.87881034652233,-2.30393253416619,-5.55111512312578E-16));
#4611=CARTESIAN_POINT('Ctrl Pts',(4.8685786215768,-2.32244850632339,-5.50165941746166E-16));
#4612=CARTESIAN_POINT('Ctrl Pts',(4.85823757365127,-2.34089951044589,2.59893004133389E-16));
#4613=CARTESIAN_POINT('Ctrl Pts',(4.84778743704995,-2.35928448574624,2.77555756156289E-16));
#4614=CARTESIAN_POINT('Ctrl Pts',(4.77100330039145,-2.49437118458874,4.08200998250051E-16));
#4615=CARTESIAN_POINT('Ctrl Pts',(4.68833314879952,-2.62589564945588,8.99737890042085E-16));
#4616=CARTESIAN_POINT('Ctrl Pts',(4.60010354173674,-2.75355286762013,6.66133814775094E-16));
#4617=CARTESIAN_POINT('Ctrl Pts',(4.51168416368831,-2.88148466069095,4.32027285999695E-16));
#4618=CARTESIAN_POINT('Ctrl Pts',(4.41768081319859,-3.00553309271564,-6.02857579183279E-16));
#4619=CARTESIAN_POINT('Ctrl Pts',(4.31838447159706,-3.12535515895589,-7.21644966006352E-16));
#4620=CARTESIAN_POINT('Ctrl Pts',(4.27276387719312,-3.18040606814773,-7.7622050330365E-16));
#4621=CARTESIAN_POINT('Ctrl Pts',(4.22602554777238,-3.23456430992212,-9.78763701208306E-17));
#4622=CARTESIAN_POINT('Ctrl Pts',(4.17819555248487,-3.28779359788723,-1.11022302462516E-16));
#4623=CARTESIAN_POINT('Ctrl Pts',(4.15200728037788,-3.31693813509474,-1.18220071377078E-16));
#4624=CARTESIAN_POINT('Ctrl Pts',(4.12549171932618,-3.34580414864964,3.50844300369733E-16));
#4625=CARTESIAN_POINT('Ctrl Pts',(4.09865300375728,-3.37438541558512,3.88578058618805E-16));
#4626=CARTESIAN_POINT('Ctrl Pts',(4.08398380365531,-3.39000703960689,4.09202147313891E-16));
#4627=CARTESIAN_POINT('Ctrl Pts',(4.06921953216262,-3.4055419802995,-5.15770765090737E-17));
#4628=CARTESIAN_POINT('Ctrl Pts',(4.05436709605062,-3.42098297197625,-5.55111512312578E-17));
#4629=CARTESIAN_POINT('Ctrl Pts',(3.94779187939504,-3.53178143095741,-8.37405179623515E-17));
#4630=CARTESIAN_POINT('Ctrl Pts',(3.83659098473032,-3.6378408025292,-4.25874740235006E-17));
#4631=CARTESIAN_POINT('Ctrl Pts',(3.72106078992609,-3.73884366229048,-1.11022302462516E-16));
#4632=CARTESIAN_POINT('Ctrl Pts',(3.60713918767994,-3.83844020183538,-1.78504273893659E-16));
#4633=CARTESIAN_POINT('Ctrl Pts',(3.48900739116001,-3.93312043959754,-2.04851161668374E-16));
#4634=CARTESIAN_POINT('Ctrl Pts',(3.36692246673091,-4.02253803679712,-3.33066907387547E-16));
#4635=CARTESIAN_POINT('Ctrl Pts',(3.25804897894283,-4.10227929659863,-4.47407768809013E-16));
#4636=CARTESIAN_POINT('Ctrl Pts',(3.146031032434,-4.17783494178786,-6.12879391071891E-16));
#4637=CARTESIAN_POINT('Ctrl Pts',(3.03103809038209,-4.24892676533179,-6.10622663543836E-16));
#4638=CARTESIAN_POINT('',(1.04889841501181,-5.83954631071505,9.5));
#4639=CARTESIAN_POINT('Ctrl Pts',(1.04889841501181,-5.83954631071505,9.5));
#4640=CARTESIAN_POINT('Ctrl Pts',(0.0790749880812192,-6.01374584629922,
9.46695972081789));
#4641=CARTESIAN_POINT('Ctrl Pts',(-0.934492465621136,-5.94160657277951,
9.43391944163577));
#4642=CARTESIAN_POINT('Ctrl Pts',(-1.86931975828659,-5.63136998990436,9.40087916245366));
#4643=CARTESIAN_POINT('Ctrl Pts',(-2.80414705095203,-5.3211334070292,9.36783888327155));
#4644=CARTESIAN_POINT('Ctrl Pts',(-3.6602341825806,-4.77279951479863,9.33479860408943));
#4645=CARTESIAN_POINT('Ctrl Pts',(-4.3332115201155,-4.05336871329452,9.30175832490732));
#4646=CARTESIAN_POINT('Ctrl Pts',(-5.00618885765042,-3.33393791179039,9.26871804572521));
#4647=CARTESIAN_POINT('Ctrl Pts',(-5.49605640109162,-2.44341020101272,9.2356777665431));
#4648=CARTESIAN_POINT('Ctrl Pts',(-5.74339257995185,-1.48990594431447,9.20263748736098));
#4649=CARTESIAN_POINT('Ctrl Pts',(-5.86939195909508,-1.00416647462572,9.18580592360492));
#4650=CARTESIAN_POINT('Ctrl Pts',(-5.93245094867957,-0.502083682331445,
9.16897435984886));
#4651=CARTESIAN_POINT('Ctrl Pts',(-5.93248353301332,-4.16505757244723E-6,
9.15214279609281));
#4652=CARTESIAN_POINT('Ctrl Pts',(-4.84747023703082,-2.59750047769121,9.5));
#4653=CARTESIAN_POINT('Ctrl Pts',(-4.79736969091439,-2.70689353522442,9.5));
#4654=CARTESIAN_POINT('Ctrl Pts',(-4.74366588975522,-2.81475912495236,9.5));
#4655=CARTESIAN_POINT('Ctrl Pts',(-4.68642987464491,-2.92091668871783,9.5));
#4656=CARTESIAN_POINT('Ctrl Pts',(-4.67185369928589,-2.94795161178418,9.5));
#4657=CARTESIAN_POINT('Ctrl Pts',(-4.65704836042959,-2.97487571692102,9.5));
#4658=CARTESIAN_POINT('Ctrl Pts',(-4.64201487136827,-3.00168592818887,9.5));
#4659=CARTESIAN_POINT('Ctrl Pts',(-4.63303222408693,-3.01770527475407,9.5));
#4660=CARTESIAN_POINT('Ctrl Pts',(-4.62396812204191,-3.03368395845679,9.5));
#4661=CARTESIAN_POINT('Ctrl Pts',(-4.61482277064272,-3.0496213157256,9.5));
#4662=CARTESIAN_POINT('Ctrl Pts',(-4.60562731568352,-3.06564598711735,9.5));
#4663=CARTESIAN_POINT('Ctrl Pts',(-4.59635477806827,-3.08162007116027,9.5));
#4664=CARTESIAN_POINT('Ctrl Pts',(-4.58700484688341,-3.09754432890662,9.5));
#4665=CARTESIAN_POINT('Ctrl Pts',(-4.50555711214107,-3.23626136278096,9.5));
#4666=CARTESIAN_POINT('Ctrl Pts',(-4.41825862698355,-3.371167153454,9.5));
#4667=CARTESIAN_POINT('Ctrl Pts',(-4.32537889701861,-3.50187987551565,9.5));
#4668=CARTESIAN_POINT('Ctrl Pts',(-4.24820806181864,-3.61048494937373,9.5));
#4669=CARTESIAN_POINT('Ctrl Pts',(-4.16718320280882,-3.71619550383847,9.5));
#4670=CARTESIAN_POINT('Ctrl Pts',(-4.08243254289014,-3.81878527430962,9.5));
#4671=CARTESIAN_POINT('Ctrl Pts',(-3.98093865013789,-3.94164254965907,9.5));
#4672=CARTESIAN_POINT('Ctrl Pts',(-3.87410243600027,-4.06002539756881,9.5));
#4673=CARTESIAN_POINT('Ctrl Pts',(-3.76231500217729,-4.173717950986,9.5));
#4674=CARTESIAN_POINT('Ctrl Pts',(-3.64984418534916,-4.28810553385471,9.5));
#4675=CARTESIAN_POINT('Ctrl Pts',(-3.53236090659675,-4.3977458233153,9.5));
#4676=CARTESIAN_POINT('Ctrl Pts',(-3.41022267473353,-4.50238567071674,9.5));
#4677=CARTESIAN_POINT('Ctrl Pts',(-3.35063974955402,-4.5534323258337,9.5));
#4678=CARTESIAN_POINT('Ctrl Pts',(-3.2899484732076,-4.60328842533624,9.5));
#4679=CARTESIAN_POINT('Ctrl Pts',(-3.22818743773219,-4.65192114808056,9.5));
#4680=CARTESIAN_POINT('Ctrl Pts',(-3.20480314633359,-4.67033472795995,9.5));
#4681=CARTESIAN_POINT('Ctrl Pts',(-3.181260462701,-4.68857662468843,9.5));
#4682=CARTESIAN_POINT('Ctrl Pts',(-3.15758906327937,-4.7066241989152,9.5));
#4683=CARTESIAN_POINT('Ctrl Pts',(-3.02816260366534,-4.8053016617549,9.5));
#4684=CARTESIAN_POINT('Ctrl Pts',(-2.8947712588249,-4.89827079911272,9.5));
#4685=CARTESIAN_POINT('Ctrl Pts',(-2.7578454249442,-4.98533530731966,9.5));
#4686=CARTESIAN_POINT('Ctrl Pts',(-2.6198584974799,-5.07307451356129,9.5));
#4687=CARTESIAN_POINT('Ctrl Pts',(-2.47828154430877,-5.15481774000186,9.5));
#4688=CARTESIAN_POINT('Ctrl Pts',(-2.33351348481093,-5.23033124914604,9.5));
#4689=CARTESIAN_POINT('Ctrl Pts',(-2.18892434633759,-5.30575143000725,9.5));
#4690=CARTESIAN_POINT('Ctrl Pts',(-2.04115138002666,-5.37495776647986,9.5));
#4691=CARTESIAN_POINT('Ctrl Pts',(-1.89055945274283,-5.43767730382683,9.5));
#4692=CARTESIAN_POINT('Ctrl Pts',(-1.86552623544528,-5.44810330630602,9.5));
#4693=CARTESIAN_POINT('Ctrl Pts',(-1.84041506032724,-5.45834995883073,9.5));
#4694=CARTESIAN_POINT('Ctrl Pts',(-1.8152275342035,-5.4684158853228,9.5));
#4695=CARTESIAN_POINT('Ctrl Pts',(-1.70250165383562,-5.51346558254045,9.5));
#4696=CARTESIAN_POINT('Ctrl Pts',(-1.58824693037563,-5.5548965692934,9.5));
#4697=CARTESIAN_POINT('Ctrl Pts',(-1.47263940232067,-5.59269237107994,9.5));
#4698=CARTESIAN_POINT('Ctrl Pts',(-1.42206110879663,-5.60922803436155,9.5));
#4699=CARTESIAN_POINT('Ctrl Pts',(-1.3712238077318,-5.62506770595976,9.5));
#4700=CARTESIAN_POINT('Ctrl Pts',(-1.32014195756591,-5.64020908577155,9.5));
#4701=CARTESIAN_POINT('Ctrl Pts',(-1.28719719311229,-5.64997437794054,9.5));
#4702=CARTESIAN_POINT('Ctrl Pts',(-1.2541507057456,-5.65944920524225,9.5));
#4703=CARTESIAN_POINT('Ctrl Pts',(-1.22100634725333,-5.66863282439834,9.5));
#4704=CARTESIAN_POINT('Ctrl Pts',(-1.20228343203419,-5.67382055862178,9.5));
#4705=CARTESIAN_POINT('Ctrl Pts',(-1.18353296311046,-5.6789143187459,9.5));
#4706=CARTESIAN_POINT('Ctrl Pts',(-1.1647636556766,-5.68391202559177,9.5));
#4707=CARTESIAN_POINT('Ctrl Pts',(-1.00668314836457,-5.72600415053432,9.5));
#4708=CARTESIAN_POINT('Ctrl Pts',(-0.847101221814608,-5.76133295131369,
9.5));
#4709=CARTESIAN_POINT('Ctrl Pts',(-0.68647911431612,-5.78994747950461,9.5));
#4710=CARTESIAN_POINT('Ctrl Pts',(-0.52285582861804,-5.81909666198151,9.5));
#4711=CARTESIAN_POINT('Ctrl Pts',(-0.358152489539459,-5.84127858698046,
9.5));
#4712=CARTESIAN_POINT('Ctrl Pts',(-0.192830879238431,-5.85649779138559,
9.5));
#4713=CARTESIAN_POINT('Ctrl Pts',(-0.0271661382081395,-5.87174858377668,
9.5));
#4714=CARTESIAN_POINT('Ctrl Pts',(0.139120181207481,-5.88000787952251,9.5));
#4715=CARTESIAN_POINT('Ctrl Pts',(0.305578558660774,-5.88123015274372,9.5));
#4716=CARTESIAN_POINT('Ctrl Pts',(0.470326672033117,-5.88243986781065,9.5));
#4717=CARTESIAN_POINT('Ctrl Pts',(0.635244060660052,-5.87675648164922,9.5));
#4718=CARTESIAN_POINT('Ctrl Pts',(0.79989873404584,-5.86408537673456,9.5));
#4719=CARTESIAN_POINT('Ctrl Pts',(0.882984206734545,-5.8576914814404,9.5));
#4720=CARTESIAN_POINT('Ctrl Pts',(0.966002778099966,-5.84951752616441,9.5));
#4721=CARTESIAN_POINT('Ctrl Pts',(1.04889841501177,-5.83954631071505,9.5));
#4722=CARTESIAN_POINT('Origin',(0.,0.,9.5));
#4723=CARTESIAN_POINT('Origin',(0.,0.,9.5));
#4724=CARTESIAN_POINT('',(-5.5,-6.73555739531044E-16,9.5));
#4725=CARTESIAN_POINT('Origin',(0.,0.,9.5));
#4726=CARTESIAN_POINT('Origin',(0.,0.,9.5));
#4727=CARTESIAN_POINT('Origin',(0.,0.,9.5));
#4728=CARTESIAN_POINT('',(-5.5,-6.73555739531044E-16,9.5));
#4729=CARTESIAN_POINT('Origin',(0.,0.,0.));
#4730=CARTESIAN_POINT('',(-5.2,-6.36816335556624E-16,0.));
#4731=CARTESIAN_POINT('Origin',(0.,0.,0.));
#4732=CARTESIAN_POINT('Origin',(0.,0.,0.));
#4733=CARTESIAN_POINT('Origin',(0.,0.,0.));
#4734=CARTESIAN_POINT('',(-5.2,-6.36816335556624E-16,-14.));
#4735=CARTESIAN_POINT('Origin',(0.,0.,-14.));
#4736=CARTESIAN_POINT('',(-5.2,6.36816335556624E-16,0.));
#4737=CARTESIAN_POINT('Origin',(0.,0.,-14.));
#4738=CARTESIAN_POINT('Origin',(0.,0.,10.5));
#4739=CARTESIAN_POINT('',(-5.1,6.2456986756515E-16,10.5));
#4740=CARTESIAN_POINT('Origin',(0.,0.,10.5));
#4741=CARTESIAN_POINT('Origin',(0.,0.,20.3));
#4742=CARTESIAN_POINT('',(-4.91611141949612,-1.20410002282754E-15,20.3166574151163));
#4743=CARTESIAN_POINT('',(4.91611141949612,-6.02050011413768E-16,20.3166574151163));
#4744=CARTESIAN_POINT('Origin',(0.,-3.01025005706884E-16,20.3166574151163));
#4745=CARTESIAN_POINT('',(4.41638896600655,-5.4085166110096E-16,20.8));
#4746=CARTESIAN_POINT('Origin',(4.41638896600655,-5.4085166110096E-16,20.3));
#4747=CARTESIAN_POINT('Origin',(0.,0.,20.8));
#4748=CARTESIAN_POINT('Origin',(0.,-3.01025005706884E-16,20.3166574151163));
#4749=CARTESIAN_POINT('Origin',(0.,0.,17.8));
#4750=CARTESIAN_POINT('',(-5.1,-6.2456986756515E-16,14.8));
#4751=CARTESIAN_POINT('',(-5.,-6.12323399573677E-16,17.8));
#4752=CARTESIAN_POINT('Origin',(0.,0.,14.8));
#4753=CARTESIAN_POINT('Origin',(0.,0.,20.8));
#4754=CARTESIAN_POINT('Origin',(0.,0.,9.5));
#4755=CARTESIAN_POINT('',(-5.1,-6.2456986756515E-16,9.5));
#4756=CARTESIAN_POINT('Origin',(0.,0.,-0.2));
#4757=CARTESIAN_POINT('',(-5.3924307821203,0.00301238215110216,0.906095445404484));
#4758=CARTESIAN_POINT('',(-5.39227303207065,0.00278679645888902,0.568904554595514));
#4759=CARTESIAN_POINT('',(-5.38975,-6.60054008570445E-16,-0.2));
#4760=CARTESIAN_POINT('',(1.17165085336778,5.26085918270985,1.8));
#4761=CARTESIAN_POINT('Ctrl Pts',(-5.3924307821203,0.00301238215110216,
0.906095445404484));
#4762=CARTESIAN_POINT('Ctrl Pts',(-5.38253578268758,-1.38652773751336,0.957469832731191));
#4763=CARTESIAN_POINT('Ctrl Pts',(-4.82620089768981,-2.78290049121927,1.0088442200579));
#4764=CARTESIAN_POINT('Ctrl Pts',(-3.85608021489071,-3.77441621429272,1.0602186073846));
#4765=CARTESIAN_POINT('Ctrl Pts',(-2.69195079315803,-4.96421934477539,1.12186705676922));
#4766=CARTESIAN_POINT('Ctrl Pts',(-0.931985584614547,-5.5710437730538,1.18351550615384));
#4767=CARTESIAN_POINT('Ctrl Pts',(0.718104005945424,-5.34879714533953,1.24516395553845));
#4768=CARTESIAN_POINT('Ctrl Pts',(2.36819359650541,-5.12655051762527,1.30681240492307));
#4769=CARTESIAN_POINT('Ctrl Pts',(3.90840756908187,-4.07523283391833,1.36846085430769));
#4770=CARTESIAN_POINT('Ctrl Pts',(4.71652893992996,-2.6220556316608,1.4301093036923));
#4771=CARTESIAN_POINT('Ctrl Pts',(5.52465031077805,-1.16887842940329,1.49175775307692));
#4772=CARTESIAN_POINT('Ctrl Pts',(5.60067907989776,0.686158291404809,1.55340620246154));
#4773=CARTESIAN_POINT('Ctrl Pts',(4.92092018564851,2.20951580937585,1.61505465184615));
#4774=CARTESIAN_POINT('Ctrl Pts',(4.58104073852389,2.97119456836137,1.64587887653846));
#4775=CARTESIAN_POINT('Ctrl Pts',(4.05221437555703,3.64995352663763,1.67670310123077));
#4776=CARTESIAN_POINT('Ctrl Pts',(3.40364556470057,4.17698594477358,1.70752732592308));
#4777=CARTESIAN_POINT('Ctrl Pts',(2.75507675384412,4.70401836290953,1.73835155061538));
#4778=CARTESIAN_POINT('Ctrl Pts',(1.98676549509807,5.07932424090516,1.76917577530769));
#4779=CARTESIAN_POINT('Ctrl Pts',(1.1716508533678,5.26085918270985,1.8));
#4780=CARTESIAN_POINT('',(-5.36763242394703,0.506619273358341,1.8));
#4781=CARTESIAN_POINT('Origin',(0.,0.,1.8));
#4782=CARTESIAN_POINT('Ctrl Pts',(-5.36763242394703,0.506619273358341,1.8));
#4783=CARTESIAN_POINT('Ctrl Pts',(-5.22901764647054,1.85738632988104,1.7498178271795));
#4784=CARTESIAN_POINT('Ctrl Pts',(-4.57378720763619,3.16802863008838,1.69963565435899));
#4785=CARTESIAN_POINT('Ctrl Pts',(-3.55430172589342,4.06106061812372,1.64945348153849));
#4786=CARTESIAN_POINT('Ctrl Pts',(-2.30187092054794,5.15814418822264,1.58780503215387));
#4787=CARTESIAN_POINT('Ctrl Pts',(-0.49970818305188,5.62497231432479,1.52615658276925));
#4788=CARTESIAN_POINT('Ctrl Pts',(1.12802133415932,5.27665676082318,1.46450813338464));
#4789=CARTESIAN_POINT('Ctrl Pts',(2.75575085137052,4.92834120732158,1.40285968400002));
#4790=CARTESIAN_POINT('Ctrl Pts',(4.20904714829685,3.76488197421624,1.34121123461541));
#4791=CARTESIAN_POINT('Ctrl Pts',(4.90376156153032,2.25249647053725,1.27956278523079));
#4792=CARTESIAN_POINT('Ctrl Pts',(5.59847597476379,0.740110966858248,1.21791433584618));
#4793=CARTESIAN_POINT('Ctrl Pts',(5.53460850430439,-1.1212008073944,1.15626588646156));
#4794=CARTESIAN_POINT('Ctrl Pts',(4.73800689603975,-2.58278404255419,1.09461743707694));
#4795=CARTESIAN_POINT('Ctrl Pts',(3.94140528777512,-4.04436727771398,1.03296898769232));
#4796=CARTESIAN_POINT('Ctrl Pts',(2.41206954170526,-5.10622197378091,0.971320538307709));
#4797=CARTESIAN_POINT('Ctrl Pts',(0.764259527631905,-5.34185268720663,0.909672088923093));
#4798=CARTESIAN_POINT('Ctrl Pts',(-0.883550486441451,-5.57748340063235,
0.848023639538477));
#4799=CARTESIAN_POINT('Ctrl Pts',(-2.6498347685183,-4.98689013141686,0.786375190153861));
#4800=CARTESIAN_POINT('Ctrl Pts',(-3.82410478734069,-3.80747165157708,0.724726740769244));
#4801=CARTESIAN_POINT('Ctrl Pts',(-4.81346366182808,-2.81377503916241,0.672786012044667));
#4802=CARTESIAN_POINT('Ctrl Pts',(-5.38257620365547,-1.40209587007369,0.620845283320091));
#4803=CARTESIAN_POINT('Ctrl Pts',(-5.39227303207065,0.00278679645888902,
0.568904554595514));
#4804=CARTESIAN_POINT('Origin',(0.,0.,-2.96038497140452));
#4805=CARTESIAN_POINT('',(-6.0930290761376,0.00340375848605468,1.31038497140452));
#4806=CARTESIAN_POINT('',(-6.09605713879512,-0.00383086625788285,1.41461502859548));
#4807=CARTESIAN_POINT('',(-6.09,-2.98323960272295E-15,-2.96038497140452));
#4808=CARTESIAN_POINT('',(2.18155498312348,-5.68585242998876,1.8));
#4809=CARTESIAN_POINT('Ctrl Pts',(-6.09605713879513,-0.0038308662578829,
1.41461502859548));
#4810=CARTESIAN_POINT('Ctrl Pts',(-6.09680913720952,-0.161393720099448,
1.41977978696109));
#4811=CARTESIAN_POINT('Ctrl Pts',(-6.0235860685156,-2.19855782030928,1.48659299471131));
#4812=CARTESIAN_POINT('Ctrl Pts',(-4.30252772705655,-5.04054748703902,1.58423042715384));
#4813=CARTESIAN_POINT('Ctrl Pts',(-0.615131070649106,-6.27641881673889,
1.70752732592307));
#4814=CARTESIAN_POINT('Ctrl Pts',(1.30059212032086,-6.02386136478934,1.76917577530769));
#4815=CARTESIAN_POINT('Ctrl Pts',(2.18155498312348,-5.68585242998876,1.8));
#4816=CARTESIAN_POINT('',(4.73848375257585,-3.82868631457564,1.8));
#4817=CARTESIAN_POINT('Origin',(0.,0.,1.8));
#4818=CARTESIAN_POINT('Ctrl Pts',(-6.0930290761376,0.00340375848605433,
1.31038497140452));
#4819=CARTESIAN_POINT('Ctrl Pts',(-6.08184849326358,-1.56666894038802,1.36175935873123));
#4820=CARTESIAN_POINT('Ctrl Pts',(-4.69890475486116,-5.03778859922636,1.47478219544255));
#4821=CARTESIAN_POINT('Ctrl Pts',(0.565679515036044,-6.85298262931049,1.63798720497438));
#4822=CARTESIAN_POINT('Ctrl Pts',(3.76452187790639,-5.01417896594562,1.7498178271795));
#4823=CARTESIAN_POINT('Ctrl Pts',(4.73848375257585,-3.82868631457564,1.8));
#4824=CARTESIAN_POINT('Origin',(0.,0.,-2.96038497140452));
#4825=CARTESIAN_POINT('',(-6.08124305290108,-0.000916420403105356,0.060384971404521));
#4826=CARTESIAN_POINT('',(-6.09285083080111,0.00314886412813843,0.164615028595479));
#4827=CARTESIAN_POINT('',(-6.09,-2.98323960272295E-15,-2.96038497140452));
#4828=CARTESIAN_POINT('',(-1.57714514954846,5.88223708951414,-0.2));
#4829=CARTESIAN_POINT('Ctrl Pts',(-1.57714514954845,5.88223708951414,-0.200000000000001));
#4830=CARTESIAN_POINT('Ctrl Pts',(-2.48853574398784,5.63787508344565,-0.169175775307693));
#4831=CARTESIAN_POINT('Ctrl Pts',(-4.18689889739045,4.71618829148774,-0.107527325923076));
#4832=CARTESIAN_POINT('Ctrl Pts',(-5.77543869501958,2.48656985630487,-0.0207323354549026));
#4833=CARTESIAN_POINT('Ctrl Pts',(-6.0833219734771,0.770273944667172,0.0352384303209633));
#4834=CARTESIAN_POINT('Ctrl Pts',(-6.08124305290108,-0.000916420403105356,
0.0603849714045209));
#4835=CARTESIAN_POINT('',(1.5830623718024,5.88268085758354,-0.2));
#4836=CARTESIAN_POINT('Origin',(0.,0.,-0.2));
#4837=CARTESIAN_POINT('Ctrl Pts',(1.5830623718024,5.88268085758354,-0.2));
#4838=CARTESIAN_POINT('Ctrl Pts',(0.0982909044600183,6.26928256205987,-0.149817827179496));
#4839=CARTESIAN_POINT('Ctrl Pts',(-3.57042809882463,5.8766760368208,-0.0379872049743757));
#4840=CARTESIAN_POINT('Ctrl Pts',(-5.94765181671207,2.47864548868564,0.0835511378907837));
#4841=CARTESIAN_POINT('Ctrl Pts',(-6.09489863116036,0.299835482272975,0.15490730793544));
#4842=CARTESIAN_POINT('Ctrl Pts',(-6.09285083080111,0.00314886412813877,
0.164615028595479));
#4843=CARTESIAN_POINT('Origin',(0.,0.,-2.96038497140452));
#4844=CARTESIAN_POINT('Ctrl Pts',(-6.09285083080111,0.00314886412813888,
0.164615028595479));
#4845=CARTESIAN_POINT('Ctrl Pts',(-6.08189416582622,-1.58425972424486,0.216555757320056));
#4846=CARTESIAN_POINT('Ctrl Pts',(-4.67560138726273,-5.07255786429898,0.330144935429249));
#4847=CARTESIAN_POINT('Ctrl Pts',(0.997420810876125,-6.96944884630518,0.505382562923058));
#4848=CARTESIAN_POINT('Ctrl Pts',(6.1815135945296,-3.37000818632228,0.690327911076907));
#4849=CARTESIAN_POINT('Ctrl Pts',(6.39800947750996,2.93940618644004,0.875273259230756));
#4850=CARTESIAN_POINT('Ctrl Pts',(1.47167275598405,6.88326261555731,1.0602186073846));
#4851=CARTESIAN_POINT('Ctrl Pts',(-4.46664346624382,5.34501472231971,1.23999919717285));
#4852=CARTESIAN_POINT('Ctrl Pts',(-6.08783300843345,1.71933426993207,1.35813133757647));
#4853=CARTESIAN_POINT('Ctrl Pts',(-6.09605713879513,-0.0038308662578829,
1.41461502859548));
#4854=CARTESIAN_POINT('Ctrl Pts',(-6.08124305290108,-0.000916420403105356,
0.0603849714045209));
#4855=CARTESIAN_POINT('Ctrl Pts',(-6.07822535881826,-1.1203514908137,0.0968868797055797));
#4856=CARTESIAN_POINT('Ctrl Pts',(-5.27462498926043,-4.1309393446726,0.195037237391255));
#4857=CARTESIAN_POINT('Ctrl Pts',(-0.635852335812281,-7.01416466443666,
0.354836044461546));
#4858=CARTESIAN_POINT('Ctrl Pts',(5.23648917214033,-4.7036517061157,0.539781392615395));
#4859=CARTESIAN_POINT('Ctrl Pts',(6.9038414213448,1.3826277390062,0.724726740769244));
#4860=CARTESIAN_POINT('Ctrl Pts',(3.02011082635213,6.3597993068665,0.909672088923092));
#4861=CARTESIAN_POINT('Ctrl Pts',(-3.28961137269529,6.22467458134984,1.09461743707694));
#4862=CARTESIAN_POINT('Ctrl Pts',(-5.93805338788582,2.51328384007643,1.22818839790408));
#4863=CARTESIAN_POINT('Ctrl Pts',(-6.09526501525568,0.317393378276168,1.30011090934661));
#4864=CARTESIAN_POINT('Ctrl Pts',(-6.0930290761376,0.00340375848605433,
1.31038497140452));
#4865=CARTESIAN_POINT('Ctrl Pts',(4.04014089383274,-3.56744539138028,-0.2));
#4866=CARTESIAN_POINT('Ctrl Pts',(4.59287892978781,-2.94146817305071,-0.169175775307692));
#4867=CARTESIAN_POINT('Ctrl Pts',(5.39477752514011,-1.43101874273498,-0.107527325923076));
#4868=CARTESIAN_POINT('Ctrl Pts',(5.51036272145256,2.00886317552297,0.0157695728461569));
#4869=CARTESIAN_POINT('Ctrl Pts',(2.63058988347309,5.64901291405293,0.169890696307697));
#4870=CARTESIAN_POINT('Ctrl Pts',(-2.9614012184161,5.48467332524292,0.354836044461546));
#4871=CARTESIAN_POINT('Ctrl Pts',(-6.16288631729891,0.90843420919083,0.539781392615395));
#4872=CARTESIAN_POINT('Ctrl Pts',(-4.41611905059515,-4.39629686220137,0.724726740769244));
#4873=CARTESIAN_POINT('Ctrl Pts',(0.8827337956354,-6.16807666984784,0.909672088923094));
#4874=CARTESIAN_POINT('Ctrl Pts',(5.47074103384498,-2.98251258164705,1.09461743707694));
#4875=CARTESIAN_POINT('Ctrl Pts',(5.6623434452232,2.60142274111087,1.27956278523079));
#4876=CARTESIAN_POINT('Ctrl Pts',(1.30245455444418,6.09180044042693,1.46450813338464));
#4877=CARTESIAN_POINT('Ctrl Pts',(-4.104033658044,4.69131606212049,1.64945348153849));
#4878=CARTESIAN_POINT('Ctrl Pts',(-6.2121302776287,-0.490700980166587,1.83439882969233));
#4879=CARTESIAN_POINT('Ctrl Pts',(-3.80780768750461,-4.46096729364016,1.98851995315388));
#4880=CARTESIAN_POINT('Ctrl Pts',(-0.544401098198853,-5.55473371387823,
2.11181685192311));
#4881=CARTESIAN_POINT('Ctrl Pts',(1.15104538267641,-5.33121622181828,2.17346530130773));
#4882=CARTESIAN_POINT('Ctrl Pts',(1.93071198198518,-5.03207276429096,2.20428952600003));
#4883=CARTESIAN_POINT('Ctrl Pts',(4.21510934697103,-3.72194257803483,-0.334763175333345));
#4884=CARTESIAN_POINT('Ctrl Pts',(4.79178509244742,-3.06885584336187,-0.303938950641037));
#4885=CARTESIAN_POINT('Ctrl Pts',(5.62841192141572,-1.49299260513429,-0.242290501256421));
#4886=CARTESIAN_POINT('Ctrl Pts',(5.74900282508737,2.09586204304372,-0.118993602487188));
#4887=CARTESIAN_POINT('Ctrl Pts',(2.74451418830492,5.893657612667,0.0351275209743521));
#4888=CARTESIAN_POINT('Ctrl Pts',(-3.08965213934291,5.72220088502469,0.220072869128201));
#4889=CARTESIAN_POINT('Ctrl Pts',(-6.429785594859,0.947776235257956,0.40501821728205));
#4890=CARTESIAN_POINT('Ctrl Pts',(-4.60737018253877,-4.58668954446904,0.5899635654359));
#4891=CARTESIAN_POINT('Ctrl Pts',(0.920962800715645,-6.43520072866695,0.774908913589748));
#4892=CARTESIAN_POINT('Ctrl Pts',(5.70766522073985,-3.11167778320546,0.959854261743597));
#4893=CARTESIAN_POINT('Ctrl Pts',(5.90756545598546,2.71408388955393,1.14479960989745));
#4894=CARTESIAN_POINT('Ctrl Pts',(1.35886062162414,6.35562116547039,1.32974495805129));
#4895=CARTESIAN_POINT('Ctrl Pts',(-4.2817691478809,4.89448529214043,1.51469030620515));
#4896=CARTESIAN_POINT('Ctrl Pts',(-6.48116218862701,-0.511952019105416,
1.69963565435899));
#4897=CARTESIAN_POINT('Ctrl Pts',(-3.97271436735525,-4.65416069143978,1.85375677782054));
#4898=CARTESIAN_POINT('Ctrl Pts',(-0.567977755682273,-5.79529541483178,
1.97705367658976));
#4899=CARTESIAN_POINT('Ctrl Pts',(1.20089429522456,-5.56209793614197,2.03870212597438));
#4900=CARTESIAN_POINT('Ctrl Pts',(2.01432631569795,-5.24999931952356,2.06952635066669));
#4901=CARTESIAN_POINT('Ctrl Pts',(4.39007780010933,-3.87643976468938,-0.46952635066669));
#4902=CARTESIAN_POINT('Ctrl Pts',(4.99069125510703,-3.19624351367303,-0.438702125974382));
#4903=CARTESIAN_POINT('Ctrl Pts',(5.86204631769132,-1.55496646753361,-0.377053676589766));
#4904=CARTESIAN_POINT('Ctrl Pts',(5.98764292872217,2.18286091056448,-0.253756777820533));
#4905=CARTESIAN_POINT('Ctrl Pts',(2.85843849313675,6.13830231128106,-0.0996356543589928));
#4906=CARTESIAN_POINT('Ctrl Pts',(-3.21790306026972,5.95972844480646,0.0853096937948567));
#4907=CARTESIAN_POINT('Ctrl Pts',(-6.69668487241909,0.987118261325083,0.270255041948705));
#4908=CARTESIAN_POINT('Ctrl Pts',(-4.79862131448238,-4.77708222673671,0.455200390102554));
#4909=CARTESIAN_POINT('Ctrl Pts',(0.959191805795883,-6.70232478748606,0.640145738256403));
#4910=CARTESIAN_POINT('Ctrl Pts',(5.94458940763473,-3.24084298476387,0.825091086410252));
#4911=CARTESIAN_POINT('Ctrl Pts',(6.1527874667477,2.82674503799698,1.0100364345641));
#4912=CARTESIAN_POINT('Ctrl Pts',(1.4152666888041,6.61944189051386,1.19498178271795));
#4913=CARTESIAN_POINT('Ctrl Pts',(-4.4595046377178,5.09765452216036,1.3799271308718));
#4914=CARTESIAN_POINT('Ctrl Pts',(-6.75019409962533,-0.53320305804424,1.56487247902565));
#4915=CARTESIAN_POINT('Ctrl Pts',(-4.1376210472059,-4.8473540892394,1.71899360248719));
#4916=CARTESIAN_POINT('Ctrl Pts',(-0.591554413165689,-6.03585711578533,
1.84229050125642));
#4917=CARTESIAN_POINT('Ctrl Pts',(1.25074320777271,-5.79297965046565,1.90393895064104));
#4918=CARTESIAN_POINT('Ctrl Pts',(2.09794064941071,-5.46792587475616,1.93476317533334));
#4919=CARTESIAN_POINT('Ctrl Pts',(4.56504625324762,-4.03093695134393,-0.604289526000035));
#4920=CARTESIAN_POINT('Ctrl Pts',(5.18959741776664,-3.3236311839842,-0.573465301307727));
#4921=CARTESIAN_POINT('Ctrl Pts',(6.09568071396693,-1.61694032993293,-0.511816851923111));
#4922=CARTESIAN_POINT('Ctrl Pts',(6.22628303235699,2.26985977808523,-0.388519953153877));
#4923=CARTESIAN_POINT('Ctrl Pts',(2.97236279796858,6.38294700989514,-0.234398829692338));
#4924=CARTESIAN_POINT('Ctrl Pts',(-3.34615398119653,6.19725600458823,-0.0494534815384882));
#4925=CARTESIAN_POINT('Ctrl Pts',(-6.9635841499792,1.02646028739221,0.13549186661536));
#4926=CARTESIAN_POINT('Ctrl Pts',(-4.98987244642599,-4.96747490900437,0.320437214769209));
#4927=CARTESIAN_POINT('Ctrl Pts',(0.997420810876125,-6.96944884630518,0.505382562923058));
#4928=CARTESIAN_POINT('Ctrl Pts',(6.1815135945296,-3.37000818632228,0.690327911076907));
#4929=CARTESIAN_POINT('Ctrl Pts',(6.39800947750996,2.93940618644004,0.875273259230756));
#4930=CARTESIAN_POINT('Ctrl Pts',(1.47167275598405,6.88326261555731,1.0602186073846));
#4931=CARTESIAN_POINT('Ctrl Pts',(-4.6372401275547,5.3008237521803,1.24516395553845));
#4932=CARTESIAN_POINT('Ctrl Pts',(-7.01922601062364,-0.554454096983075,
1.4301093036923));
#4933=CARTESIAN_POINT('Ctrl Pts',(-4.30252772705655,-5.04054748703902,1.58423042715384));
#4934=CARTESIAN_POINT('Ctrl Pts',(-0.615131070649106,-6.27641881673889,
1.70752732592307));
#4935=CARTESIAN_POINT('Ctrl Pts',(1.30059212032086,-6.02386136478934,1.76917577530769));
#4936=CARTESIAN_POINT('Ctrl Pts',(2.18155498312348,-5.68585242998876,1.8));
#4937=CARTESIAN_POINT('Ctrl Pts',(2.18155498312348,-5.68585242998876,1.8));
#4938=CARTESIAN_POINT('Ctrl Pts',(2.02140605093429,-5.737124059817,1.8));
#4939=CARTESIAN_POINT('Ctrl Pts',(1.85952596596534,-5.78142572320209,1.8));
#4940=CARTESIAN_POINT('Ctrl Pts',(1.69632436671604,-5.81883215102672,1.8));
#4941=CARTESIAN_POINT('Ctrl Pts',(1.53118664280559,-5.85668234599414,1.8));
#4942=CARTESIAN_POINT('Ctrl Pts',(1.36469518169687,-5.88747277427614,1.8));
#4943=CARTESIAN_POINT('Ctrl Pts',(1.19726297864349,-5.91122883224155,1.8));
#4944=CARTESIAN_POINT('Ctrl Pts',(1.02942707423436,-5.93504216922876,1.8));
#4945=CARTESIAN_POINT('Ctrl Pts',(0.860645178936751,-5.9517871457197,1.8));
#4946=CARTESIAN_POINT('Ctrl Pts',(0.691332407375874,-5.9614373930847,1.8));
#4947=CARTESIAN_POINT('Ctrl Pts',(0.523200078583028,-5.97102035925994,1.8));
#4948=CARTESIAN_POINT('Ctrl Pts',(0.354543575099171,-5.97360708596036,1.8));
#4949=CARTESIAN_POINT('Ctrl Pts',(0.185778839130622,-5.96912161602512,1.8));
#4950=CARTESIAN_POINT('Ctrl Pts',(0.121640106295974,-5.96741692128446,1.8));
#4951=CARTESIAN_POINT('Ctrl Pts',(0.0574858910399298,-5.96469023045437,
1.8));
#4952=CARTESIAN_POINT('Ctrl Pts',(-0.00666030293355997,-5.96093549589953,
1.8));
#4953=CARTESIAN_POINT('Ctrl Pts',(-0.0425933981812882,-5.95883218740947,
1.8));
#4954=CARTESIAN_POINT('Ctrl Pts',(-0.0785239685811446,-5.95640626434326,
1.8));
#4955=CARTESIAN_POINT('Ctrl Pts',(-0.114447816866157,-5.95365652232366,
1.8));
#4956=CARTESIAN_POINT('Ctrl Pts',(-0.132874711620571,-5.95224606077191,
1.8));
#4957=CARTESIAN_POINT('Ctrl Pts',(-0.15129826884234,-5.95075048806554,1.8));
#4958=CARTESIAN_POINT('Ctrl Pts',(-0.169708460809092,-5.94917057431538,
1.8));
#4959=CARTESIAN_POINT('Ctrl Pts',(-0.307621655065132,-5.93733523048371,
1.8));
#4960=CARTESIAN_POINT('Ctrl Pts',(-0.444932890664501,-5.92075785231334,
1.8));
#4961=CARTESIAN_POINT('Ctrl Pts',(-0.581420435011975,-5.89944884698363,
1.8));
#4962=CARTESIAN_POINT('Ctrl Pts',(-0.746682622547171,-5.87364742421041,
1.8));
#4963=CARTESIAN_POINT('Ctrl Pts',(-0.910737943154071,-5.84091030311893,
1.8));
#4964=CARTESIAN_POINT('Ctrl Pts',(-1.07310835324698,-5.80136879426655,1.8));
#4965=CARTESIAN_POINT('Ctrl Pts',(-1.23486827946258,-5.76197595445815,1.8));
#4966=CARTESIAN_POINT('Ctrl Pts',(-1.39495669457068,-5.71582951698001,1.8));
#4967=CARTESIAN_POINT('Ctrl Pts',(-1.55288271559708,-5.66301117473567,1.8));
#4968=CARTESIAN_POINT('Ctrl Pts',(-1.68914730447259,-5.61743749634984,1.8));
#4969=CARTESIAN_POINT('Ctrl Pts',(-1.82380200755918,-5.56689580610194,1.8));
#4970=CARTESIAN_POINT('Ctrl Pts',(-1.95651408670186,-5.51141191585928,1.8));
#4971=CARTESIAN_POINT('Ctrl Pts',(-2.05604814605887,-5.46979899817729,1.8));
#4972=CARTESIAN_POINT('Ctrl Pts',(-2.15448917723806,-5.42540557863587,1.8));
#4973=CARTESIAN_POINT('Ctrl Pts',(-2.25168890114059,-5.37823402337484,1.8));
#4974=CARTESIAN_POINT('Ctrl Pts',(-2.27364527746475,-5.36757847439256,1.8));
#4975=CARTESIAN_POINT('Ctrl Pts',(-2.29553828401674,-5.35678113990356,1.8));
#4976=CARTESIAN_POINT('Ctrl Pts',(-2.31736615587441,-5.34584199791084,1.8));
#4977=CARTESIAN_POINT('Ctrl Pts',(-2.33695358917375,-5.33602566237747,1.8));
#4978=CARTESIAN_POINT('Ctrl Pts',(-2.35648159619041,-5.32609860460585,1.8));
#4979=CARTESIAN_POINT('Ctrl Pts',(-2.37594343782262,-5.31606399004962,1.8));
#4980=CARTESIAN_POINT('Ctrl Pts',(-2.52109867427766,-5.24122128625157,1.8));
#4981=CARTESIAN_POINT('Ctrl Pts',(-2.66267495089288,-5.16034915290909,1.8));
#4982=CARTESIAN_POINT('Ctrl Pts',(-2.80022409792263,-5.07355369253875,1.8));
#4983=CARTESIAN_POINT('Ctrl Pts',(-2.89662232524798,-5.01272504546776,1.8));
#4984=CARTESIAN_POINT('Ctrl Pts',(-2.99104221341265,-4.94898611166919,1.8));
#4985=CARTESIAN_POINT('Ctrl Pts',(-3.08332117285234,-4.88236057074358,1.8));
#4986=CARTESIAN_POINT('Ctrl Pts',(-3.21605745632416,-4.78652478390266,1.8));
#4987=CARTESIAN_POINT('Ctrl Pts',(-3.34436583964293,-4.68471769278634,1.8));
#4988=CARTESIAN_POINT('Ctrl Pts',(-3.46804278120699,-4.57736331283222,1.8));
#4989=CARTESIAN_POINT('Ctrl Pts',(-3.59262968081303,-4.46921906873571,1.8));
#4990=CARTESIAN_POINT('Ctrl Pts',(-3.71251714445685,-4.35544490559666,1.8));
#4991=CARTESIAN_POINT('Ctrl Pts',(-3.82745417374302,-4.23644383156789,1.8));
#4992=CARTESIAN_POINT('Ctrl Pts',(-3.888804594758,-4.1729241283161,1.8));
#4993=CARTESIAN_POINT('Ctrl Pts',(-3.94874379950487,-4.10791474892989,1.8));
#4994=CARTESIAN_POINT('Ctrl Pts',(-4.0072280453464,-4.04147453385698,1.8));
#4995=CARTESIAN_POINT('Ctrl Pts',(-4.02586525005429,-4.02030199634141,1.8));
#4996=CARTESIAN_POINT('Ctrl Pts',(-4.04435467143823,-3.99898414614081,1.8));
#4997=CARTESIAN_POINT('Ctrl Pts',(-4.06269480577523,-3.97752286184206,1.8));
#4998=CARTESIAN_POINT('Ctrl Pts',(-4.07506993497505,-3.96304171567862,1.8));
#4999=CARTESIAN_POINT('Ctrl Pts',(-4.08737478397367,-3.94849792462078,1.8));
#5000=CARTESIAN_POINT('Ctrl Pts',(-4.0996036827819,-3.93389855740144,1.8));
#5001=CARTESIAN_POINT('Ctrl Pts',(-4.20399786663707,-3.80926844560109,1.8));
#5002=CARTESIAN_POINT('Ctrl Pts',(-4.30297786359849,-3.68045417119968,1.8));
#5003=CARTESIAN_POINT('Ctrl Pts',(-4.39637207969579,-3.54788836160636,1.8));
#5004=CARTESIAN_POINT('Ctrl Pts',(-4.4901272861007,-3.41481015441088,1.8));
#5005=CARTESIAN_POINT('Ctrl Pts',(-4.57825380391621,-3.27795062413717,1.8));
#5006=CARTESIAN_POINT('Ctrl Pts',(-4.66053423505474,-3.13771796900244,1.8));
#5007=CARTESIAN_POINT('Ctrl Pts',(-4.74224706184583,-2.99845269655651,1.8));
#5008=CARTESIAN_POINT('Ctrl Pts',(-4.81819445293102,-2.85585994016733,1.8));
#5009=CARTESIAN_POINT('Ctrl Pts',(-4.88811578741632,-2.71032153942146,1.8));
#5010=CARTESIAN_POINT('Ctrl Pts',(-4.95694360507794,-2.56705924926298,1.8));
#5011=CARTESIAN_POINT('Ctrl Pts',(-5.01993256054021,-2.42094205014777,1.8));
#5012=CARTESIAN_POINT('Ctrl Pts',(-5.07678445989435,-2.27232715248514,1.8));
#5013=CARTESIAN_POINT('Ctrl Pts',(-5.09514102211078,-2.22434179674111,1.8));
#5014=CARTESIAN_POINT('Ctrl Pts',(-5.11285736911427,-2.17609603280102,1.8));
#5015=CARTESIAN_POINT('Ctrl Pts',(-5.12992228432468,-2.12760190303498,1.8));
#5016=CARTESIAN_POINT('Ctrl Pts',(-5.14072633666857,-2.09689954618737,1.8));
#5017=CARTESIAN_POINT('Ctrl Pts',(-5.15127106235627,-2.06609194219523,1.8));
#5018=CARTESIAN_POINT('Ctrl Pts',(-5.16154325200103,-2.03521377361551,1.8));
#5019=CARTESIAN_POINT('Ctrl Pts',(-5.21151677444721,-1.88499352808072,1.8));
#5020=CARTESIAN_POINT('Ctrl Pts',(-5.25508635647169,-1.73299102542336,1.8));
#5021=CARTESIAN_POINT('Ctrl Pts',(-5.29201183345503,-1.57957682881651,1.8));
#5022=CARTESIAN_POINT('Ctrl Pts',(-5.32840618988211,-1.42836927759643,1.8));
#5023=CARTESIAN_POINT('Ctrl Pts',(-5.35834635745095,-1.27578970771104,1.8));
#5024=CARTESIAN_POINT('Ctrl Pts',(-5.38155254403888,-1.12218916411988,1.8));
#5025=CARTESIAN_POINT('Ctrl Pts',(-5.39212724248338,-1.05219578441341,1.8));
#5026=CARTESIAN_POINT('Ctrl Pts',(-5.40130293721447,-0.981990407666173,
1.8));
#5027=CARTESIAN_POINT('Ctrl Pts',(-5.40904950552595,-0.911606529642147,
1.8));
#5028=CARTESIAN_POINT('Ctrl Pts',(-5.41256078934892,-0.879703658284548,
1.8));
#5029=CARTESIAN_POINT('Ctrl Pts',(-5.41577842242524,-0.847764117611408,
1.8));
#5030=CARTESIAN_POINT('Ctrl Pts',(-5.41869943827738,-0.815791053364913,
1.8));
#5031=CARTESIAN_POINT('Ctrl Pts',(-5.42104041951317,-0.79016697351029,1.8));
#5032=CARTESIAN_POINT('Ctrl Pts',(-5.42319081300358,-0.764521354689308,
1.8));
#5033=CARTESIAN_POINT('Ctrl Pts',(-5.42514814741042,-0.738870467584901,
1.8));
#5034=CARTESIAN_POINT('Ctrl Pts',(-5.4331042886031,-0.634605157167497,1.8));
#5035=CARTESIAN_POINT('Ctrl Pts',(-5.43787731300363,-0.530192270587039,
1.8));
#5036=CARTESIAN_POINT('Ctrl Pts',(-5.4393881382308,-0.425739580256848,1.8));
#5037=CARTESIAN_POINT('Ctrl Pts',(-5.44165942186563,-0.268711697816107,
1.8));
#5038=CARTESIAN_POINT('Ctrl Pts',(-5.43656039224705,-0.111593170498412,
1.8));
#5039=CARTESIAN_POINT('Ctrl Pts',(-5.42432365678401,0.0451835698404048,
1.8));
#5040=CARTESIAN_POINT('Ctrl Pts',(-5.4122814438418,0.199468092640386,1.8));
#5041=CARTESIAN_POINT('Ctrl Pts',(-5.39332614421899,0.353422278175946,1.8));
#5042=CARTESIAN_POINT('Ctrl Pts',(-5.36763242394703,0.50661927335836,1.8));
#5043=CARTESIAN_POINT('',(4.04014089383274,-3.56744539138028,-0.2));
#5044=CARTESIAN_POINT('Ctrl Pts',(4.04014089383274,-3.56744539138028,-0.2));
#5045=CARTESIAN_POINT('Ctrl Pts',(4.1488501173638,-3.45912480330238,-0.2));
#5046=CARTESIAN_POINT('Ctrl Pts',(4.25249853366367,-3.34634366235658,-0.2));
#5047=CARTESIAN_POINT('Ctrl Pts',(4.35100816359149,-3.22952068842002,-0.2));
#5048=CARTESIAN_POINT('Ctrl Pts',(4.45114151432849,-3.11077213732,-0.2));
#5049=CARTESIAN_POINT('Ctrl Pts',(4.54596568894182,-2.9878469875782,-0.199999999999999));
#5050=CARTESIAN_POINT('Ctrl Pts',(4.63536953584538,-2.86113982741757,-0.2));
#5051=CARTESIAN_POINT('Ctrl Pts',(4.72599735383705,-2.7326980002816,-0.2));
#5052=CARTESIAN_POINT('Ctrl Pts',(4.81105586309013,-2.60036940376677,-0.2));
#5053=CARTESIAN_POINT('Ctrl Pts',(4.89039295175777,-2.46452606403243,-0.2));
#5054=CARTESIAN_POINT('Ctrl Pts',(4.96971509440322,-2.32870831532497,-0.200000000000001));
#5055=CARTESIAN_POINT('Ctrl Pts',(5.0433183586418,-2.18937654983966,-0.2));
#5056=CARTESIAN_POINT('Ctrl Pts',(5.11100848497354,-2.04687225003895,-0.200000000000001));
#5057=CARTESIAN_POINT('Ctrl Pts',(5.13516814999837,-1.9960102361182,-0.200000000000001));
#5058=CARTESIAN_POINT('Ctrl Pts',(5.15857412819327,-1.94474383917827,-0.2));
#5059=CARTESIAN_POINT('Ctrl Pts',(5.18121613698658,-1.89308787352432,-0.2));
#5060=CARTESIAN_POINT('Ctrl Pts',(5.19043219862356,-1.87206215236459,-0.2));
#5061=CARTESIAN_POINT('Ctrl Pts',(5.19952167930136,-1.85097188514336,-0.2));
#5062=CARTESIAN_POINT('Ctrl Pts',(5.20848384711877,-1.82981805650783,-0.2));
#5063=CARTESIAN_POINT('Ctrl Pts',(5.21553902555944,-1.81316538510422,-0.2));
#5064=CARTESIAN_POINT('Ctrl Pts',(5.22251430072971,-1.79647562426927,-0.2));
#5065=CARTESIAN_POINT('Ctrl Pts',(5.22940611135772,-1.77975741602953,-0.2));
#5066=CARTESIAN_POINT('Ctrl Pts',(5.27828484126849,-1.66118700989849,-0.2));
#5067=CARTESIAN_POINT('Ctrl Pts',(5.32301612541915,-1.5410702957011,-0.200000000000001));
#5068=CARTESIAN_POINT('Ctrl Pts',(5.36353964346151,-1.41961512281377,-0.200000000000001));
#5069=CARTESIAN_POINT('Ctrl Pts',(5.41393334844283,-1.26857749215837,-0.200000000000001));
#5070=CARTESIAN_POINT('Ctrl Pts',(5.45782151603268,-1.11547066682723,-0.200000000000001));
#5071=CARTESIAN_POINT('Ctrl Pts',(5.4951722683172,-0.960790967185597,-0.200000000000001));
#5072=CARTESIAN_POINT('Ctrl Pts',(5.53286223071829,-0.804706505504744,-0.200000000000001));
#5073=CARTESIAN_POINT('Ctrl Pts',(5.56389578557372,-0.647019730377394,-0.2));
#5074=CARTESIAN_POINT('Ctrl Pts',(5.58819342513318,-0.488215927104412,-0.2));
#5075=CARTESIAN_POINT('Ctrl Pts',(5.60916785243223,-0.351131877503125,-0.2));
#5076=CARTESIAN_POINT('Ctrl Pts',(5.62512226310924,-0.213214766667964,-0.200000000000001));
#5077=CARTESIAN_POINT('Ctrl Pts',(5.63597540310632,-0.074768694647965,-0.200000000000001));
#5078=CARTESIAN_POINT('Ctrl Pts',(5.64411525810413,0.0290658593670343,-0.200000000000001));
#5079=CARTESIAN_POINT('Ctrl Pts',(5.64938508665171,0.13319813831387,-0.2));
#5080=CARTESIAN_POINT('Ctrl Pts',(5.65173968293269,0.237500539479821,-0.2));
#5081=CARTESIAN_POINT('Ctrl Pts',(5.65223413089418,0.259403279262124,-0.2));
#5082=CARTESIAN_POINT('Ctrl Pts',(5.65260001127504,0.281315389774449,-0.2));
#5083=CARTESIAN_POINT('Ctrl Pts',(5.65283679054105,0.303229799301628,-0.2));
#5084=CARTESIAN_POINT('Ctrl Pts',(5.65460812773666,0.467170710897074,-0.2));
#5085=CARTESIAN_POINT('Ctrl Pts',(5.64915444000664,0.630763643876133,-0.2));
#5086=CARTESIAN_POINT('Ctrl Pts',(5.63643440822208,0.793501317302693,-0.2));
#5087=CARTESIAN_POINT('Ctrl Pts',(5.62656362853067,0.919786200005274,-0.2));
#5088=CARTESIAN_POINT('Ctrl Pts',(5.6123162912585,1.04555670397807,-0.2));
#5089=CARTESIAN_POINT('Ctrl Pts',(5.59365237125858,1.17058195862378,-0.2));
#5090=CARTESIAN_POINT('Ctrl Pts',(5.57004246284337,1.3287392381121,-0.2));
#5091=CARTESIAN_POINT('Ctrl Pts',(5.53936696252883,1.48570446701057,-0.2));
#5092=CARTESIAN_POINT('Ctrl Pts',(5.50194792042766,1.64116214244964,-0.2));
#5093=CARTESIAN_POINT('Ctrl Pts',(5.46391922821446,1.79915261359718,-0.2));
#5094=CARTESIAN_POINT('Ctrl Pts',(5.41892525801847,1.95558663503226,-0.2));
#5095=CARTESIAN_POINT('Ctrl Pts',(5.36725061797636,2.11012604613978,-0.2));
#5096=CARTESIAN_POINT('Ctrl Pts',(5.33758640192004,2.19884055825974,-0.2));
#5097=CARTESIAN_POINT('Ctrl Pts',(5.30571966083672,2.28693053848068,-0.200000000000001));
#5098=CARTESIAN_POINT('Ctrl Pts',(5.27169690641394,2.37432974650905,-0.200000000000001));
#5099=CARTESIAN_POINT('Ctrl Pts',(5.25992055862274,2.40458136745741,-0.200000000000001));
#5100=CARTESIAN_POINT('Ctrl Pts',(5.24788586047942,2.43475021056054,-0.2));
#5101=CARTESIAN_POINT('Ctrl Pts',(5.23559460106127,2.46483346550352,-0.2));
#5102=CARTESIAN_POINT('Ctrl Pts',(5.22772883818914,2.48408517452318,-0.2));
#5103=CARTESIAN_POINT('Ctrl Pts',(5.21976187149645,2.50329235421787,-0.2));
#5104=CARTESIAN_POINT('Ctrl Pts',(5.21169492570436,2.52245330018705,-0.2));
#5105=CARTESIAN_POINT('Ctrl Pts',(5.14599407996107,2.67850868816928,-0.2));
#5106=CARTESIAN_POINT('Ctrl Pts',(5.07365700816254,2.83152058589561,-0.2));
#5107=CARTESIAN_POINT('Ctrl Pts',(4.99507850133066,2.98113549053565,-0.2));
#5108=CARTESIAN_POINT('Ctrl Pts',(4.91742223945032,3.12899442403239,-0.2));
#5109=CARTESIAN_POINT('Ctrl Pts',(4.83366966443099,3.27353628178551,-0.200000000000001));
#5110=CARTESIAN_POINT('Ctrl Pts',(4.74414697681332,3.41441113280706,-0.200000000000001));
#5111=CARTESIAN_POINT('Ctrl Pts',(4.65417565960542,3.55599195712285,-0.200000000000001));
#5112=CARTESIAN_POINT('Ctrl Pts',(4.55837588635845,3.69386961732782,-0.2));
#5113=CARTESIAN_POINT('Ctrl Pts',(4.45702949932519,3.82766999868797,-0.2));
#5114=CARTESIAN_POINT('Ctrl Pts',(4.35624949924177,3.960722619895,-0.2));
#5115=CARTESIAN_POINT('Ctrl Pts',(4.24998427026525,4.08974406163338,-0.2));
#5116=CARTESIAN_POINT('Ctrl Pts',(4.13846848505616,4.21433782367932,-0.2));
#5117=CARTESIAN_POINT('Ctrl Pts',(4.10528261822813,4.25141555206645,-0.2));
#5118=CARTESIAN_POINT('Ctrl Pts',(4.07163150344742,4.28810093899331,-0.2));
#5119=CARTESIAN_POINT('Ctrl Pts',(4.03752068116656,4.32438290839665,-0.2));
#5120=CARTESIAN_POINT('Ctrl Pts',(4.02214853667731,4.3407334868562,-0.2));
#5121=CARTESIAN_POINT('Ctrl Pts',(4.00668128392839,4.35700394115401,-0.2));
#5122=CARTESIAN_POINT('Ctrl Pts',(3.991125192677,4.37318723475454,-0.2));
#5123=CARTESIAN_POINT('Ctrl Pts',(3.87300333345798,4.49607162116556,-0.2));
#5124=CARTESIAN_POINT('Ctrl Pts',(3.74994423748438,4.61374651105853,-0.2));
#5125=CARTESIAN_POINT('Ctrl Pts',(3.62225540455824,4.72583672443554,-0.2));
#5126=CARTESIAN_POINT('Ctrl Pts',(3.49537492094919,4.83721733740852,-0.2));
#5127=CARTESIAN_POINT('Ctrl Pts',(3.36392266796269,4.94308440306385,-0.2));
#5128=CARTESIAN_POINT('Ctrl Pts',(3.22815930405763,5.04303943717054,-0.2));
#5129=CARTESIAN_POINT('Ctrl Pts',(3.16164652888576,5.09200910409396,-0.2));
#5130=CARTESIAN_POINT('Ctrl Pts',(3.09409842430429,5.13955924988146,-0.2));
#5131=CARTESIAN_POINT('Ctrl Pts',(3.0255425212189,5.18563960978384,-0.2));
#5132=CARTESIAN_POINT('Ctrl Pts',(2.99328933086505,5.2073188314499,-0.2));
#5133=CARTESIAN_POINT('Ctrl Pts',(2.96081304898714,5.22867269861139,-0.2));
#5134=CARTESIAN_POINT('Ctrl Pts',(2.92811640082955,5.24969577978344,-0.2));
#5135=CARTESIAN_POINT('Ctrl Pts',(2.9008728447435,5.26721266678214,-0.2));
#5136=CARTESIAN_POINT('Ctrl Pts',(2.87347418651034,5.28450109870679,-0.200000000000001));
#5137=CARTESIAN_POINT('Ctrl Pts',(2.84594193307568,5.30154581894787,-0.200000000000001));
#5138=CARTESIAN_POINT('Ctrl Pts',(2.74733674658982,5.36259050684309,-0.2));
#5139=CARTESIAN_POINT('Ctrl Pts',(2.64696569027376,5.42054450254243,-0.200000000000001));
#5140=CARTESIAN_POINT('Ctrl Pts',(2.54491694556785,5.4752852657477,-0.2));
#5141=CARTESIAN_POINT('Ctrl Pts',(2.39945825641122,5.55331189588625,-0.2));
#5142=CARTESIAN_POINT('Ctrl Pts',(2.25059222787708,5.62481234749875,-0.2));
#5143=CARTESIAN_POINT('Ctrl Pts',(2.09878311187507,5.68986524637401,-0.2));
#5144=CARTESIAN_POINT('Ctrl Pts',(1.94381699145913,5.75627097763706,-0.2));
#5145=CARTESIAN_POINT('Ctrl Pts',(1.78578350696339,5.8159584270585,-0.2));
#5146=CARTESIAN_POINT('Ctrl Pts',(1.62514911383476,5.86896498536735,-0.2));
#5147=CARTESIAN_POINT('Ctrl Pts',(1.61113989477262,5.87358778421271,-0.2));
#5148=CARTESIAN_POINT('Ctrl Pts',(1.59711088002378,5.87815973906097,-0.2));
#5149=CARTESIAN_POINT('Ctrl Pts',(1.58306237180238,5.88268085758354,-0.2));
#5150=CARTESIAN_POINT('Ctrl Pts',(-5.39227303207065,0.00278679645888902,
0.568904554595514));
#5151=CARTESIAN_POINT('Ctrl Pts',(-5.39408536901421,0.265359325218516,0.559196833935474));
#5152=CARTESIAN_POINT('Ctrl Pts',(-5.3763564206232,0.527694441276744,0.549489113275435));
#5153=CARTESIAN_POINT('Ctrl Pts',(-5.33817758970115,0.787018883300816,0.539781392615395));
#5154=CARTESIAN_POINT('Ctrl Pts',(-5.0957246176713,2.43384724787486,0.478132943230779));
#5155=CARTESIAN_POINT('Ctrl Pts',(-4.0285629180437,3.95926028655889,0.416484493846163));
#5156=CARTESIAN_POINT('Ctrl Pts',(-2.56298355124837,4.74935673736924,0.354836044461546));
#5157=CARTESIAN_POINT('Ctrl Pts',(-1.09740418445303,5.53945318817959,0.29318759507693));
#5158=CARTESIAN_POINT('Ctrl Pts',(0.766592849510035,5.59423305111626,0.231539145692313));
#5159=CARTESIAN_POINT('Ctrl Pts',(2.27454593408746,4.8935930348786,0.169890696307697));
#5160=CARTESIAN_POINT('Ctrl Pts',(3.78249901866488,4.19295301864094,0.108242246923081));
#5161=CARTESIAN_POINT('Ctrl Pts',(4.93440815385667,2.73689312322896,0.0465937975384645));
#5162=CARTESIAN_POINT('Ctrl Pts',(5.27984946681645,1.10491251867232,-0.0150546518461517));
#5163=CARTESIAN_POINT('Ctrl Pts',(5.45257012329633,0.288922216393995,-0.0458788765384599));
#5164=CARTESIAN_POINT('Ctrl Pts',(5.42367382421822,-0.571048263170491,-0.0767031012307681));
#5165=CARTESIAN_POINT('Ctrl Pts',(5.20875102584109,-1.37864586053167,-0.107527325923076));
#5166=CARTESIAN_POINT('Ctrl Pts',(4.99382822746396,-2.18624345789284,-0.138351550615384));
#5167=CARTESIAN_POINT('Ctrl Pts',(4.59287892978781,-2.94146817305071,-0.169175775307693));
#5168=CARTESIAN_POINT('Ctrl Pts',(4.04014089383274,-3.56744539138028,-0.200000000000001));
#5169=CARTESIAN_POINT('Ctrl Pts',(-1.57714514954845,5.88223708951414,-0.200000000000001));
#5170=CARTESIAN_POINT('Ctrl Pts',(-2.48853574398784,5.63787508344565,-0.169175775307693));
#5171=CARTESIAN_POINT('Ctrl Pts',(-4.18689889739045,4.71618829148774,-0.107527325923076));
#5172=CARTESIAN_POINT('Ctrl Pts',(-6.44350414111123,1.54889675756495,0.0157695728461559));
#5173=CARTESIAN_POINT('Ctrl Pts',(-6.00459969461544,-3.67722416815875,0.169890696307698));
#5174=CARTESIAN_POINT('Ctrl Pts',(-0.635852335812281,-7.01416466443666,
0.354836044461546));
#5175=CARTESIAN_POINT('Ctrl Pts',(5.23648917214033,-4.7036517061157,0.539781392615395));
#5176=CARTESIAN_POINT('Ctrl Pts',(6.9038414213448,1.3826277390062,0.724726740769244));
#5177=CARTESIAN_POINT('Ctrl Pts',(3.02011082635213,6.3597993068665,0.909672088923092));
#5178=CARTESIAN_POINT('Ctrl Pts',(-3.28961137269529,6.22467458134984,1.09461743707694));
#5179=CARTESIAN_POINT('Ctrl Pts',(-6.95670358743632,1.08579972015845,1.27956278523079));
#5180=CARTESIAN_POINT('Ctrl Pts',(-5.03032022827818,-4.92351872377505,1.46450813338464));
#5181=CARTESIAN_POINT('Ctrl Pts',(0.935552838207203,-6.9805125184124,1.64945348153849));
#5182=CARTESIAN_POINT('Ctrl Pts',(6.15652028177545,-3.41678988168046,1.83439882969233));
#5183=CARTESIAN_POINT('Ctrl Pts',(6.37128683121609,1.82332961816706,1.98851995315388));
#5184=CARTESIAN_POINT('Ctrl Pts',(3.9811555260771,4.89110979788035,2.11181685192311));
#5185=CARTESIAN_POINT('Ctrl Pts',(2.24489111093228,5.73924293837607,2.17346530130773));
#5186=CARTESIAN_POINT('Ctrl Pts',(1.32387470606427,5.94436336058314,2.20428952600004));
#5187=CARTESIAN_POINT('Ctrl Pts',(-1.51669655124679,5.65678353056875,-0.334763175333346));
#5188=CARTESIAN_POINT('Ctrl Pts',(-2.39315549468693,5.42178739722875,-0.303938950641038));
#5189=CARTESIAN_POINT('Ctrl Pts',(-4.02642402312128,4.53542688748586,-0.242290501256421));
#5190=CARTESIAN_POINT('Ctrl Pts',(-6.1965384172572,1.48953085967306,-0.118993602487189));
#5191=CARTESIAN_POINT('Ctrl Pts',(-5.77445623888722,-3.53628403549574,0.0351275209743522));
#5192=CARTESIAN_POINT('Ctrl Pts',(-0.611481476581167,-6.7453267440058,0.220072869128201));
#5193=CARTESIAN_POINT('Ctrl Pts',(5.03578574888958,-4.52337080260133,0.405018217282049));
#5194=CARTESIAN_POINT('Ctrl Pts',(6.63923195471662,1.32963457675995,0.589963565435899));
#5195=CARTESIAN_POINT('Ctrl Pts',(2.90435644177889,6.11604181017065,0.774908913589747));
#5196=CARTESIAN_POINT('Ctrl Pts',(-3.16352760894434,5.98609612619986,0.959854261743597));
#5197=CARTESIAN_POINT('Ctrl Pts',(-6.69006802711326,1.04418334062693,1.14479960989745));
#5198=CARTESIAN_POINT('Ctrl Pts',(-4.8375188194193,-4.73481078801569,1.32974495805129));
#5199=CARTESIAN_POINT('Ctrl Pts',(0.899695100114449,-6.712964412719,1.51469030620515));
#5200=CARTESIAN_POINT('Ctrl Pts',(5.92055403506975,-3.28583163785744,1.69963565435899));
#5201=CARTESIAN_POINT('Ctrl Pts',(6.1270890422966,1.75344529604766,1.85375677782054));
#5202=CARTESIAN_POINT('Ctrl Pts',(3.82856635491479,4.70364402689153,1.97705367658977));
#5203=CARTESIAN_POINT('Ctrl Pts',(2.15884923898754,5.5192700392191,2.03870212597438));
#5204=CARTESIAN_POINT('Ctrl Pts',(1.27313342183211,5.71652863462537,2.06952635066669));
#5205=CARTESIAN_POINT('Ctrl Pts',(-1.45624795294513,5.43132997162336,-0.469526350666691));
#5206=CARTESIAN_POINT('Ctrl Pts',(-2.29777524538603,5.20569971101185,-0.438702125974383));
#5207=CARTESIAN_POINT('Ctrl Pts',(-3.86594914885212,4.35466548348398,-0.377053676589766));
#5208=CARTESIAN_POINT('Ctrl Pts',(-5.94957269340317,1.43016496178117,-0.253756777820534));
#5209=CARTESIAN_POINT('Ctrl Pts',(-5.54431278315901,-3.39534390283274,-0.0996356543589926));
#5210=CARTESIAN_POINT('Ctrl Pts',(-0.587110617350044,-6.47648882357494,
0.0853096937948557));
#5211=CARTESIAN_POINT('Ctrl Pts',(4.83508232563882,-4.34308989908697,0.270255041948705));
#5212=CARTESIAN_POINT('Ctrl Pts',(6.37462248808845,1.2766414145137,0.455200390102553));
#5213=CARTESIAN_POINT('Ctrl Pts',(2.78860205720565,5.87228431347478,0.640145738256402));
#5214=CARTESIAN_POINT('Ctrl Pts',(-3.03744384519339,5.74751767104988,0.825091086410252));
#5215=CARTESIAN_POINT('Ctrl Pts',(-6.4234324667902,1.0025669610954,1.0100364345641));
#5216=CARTESIAN_POINT('Ctrl Pts',(-4.64471741056042,-4.54610285225633,1.19498178271795));
#5217=CARTESIAN_POINT('Ctrl Pts',(0.863837362021697,-6.44541630702561,1.3799271308718));
#5218=CARTESIAN_POINT('Ctrl Pts',(5.68458778836404,-3.15487339403441,1.56487247902565));
#5219=CARTESIAN_POINT('Ctrl Pts',(5.88289125337711,1.68356097392825,1.71899360248719));
#5220=CARTESIAN_POINT('Ctrl Pts',(3.67597718375247,4.51617825590271,1.84229050125642));
#5221=CARTESIAN_POINT('Ctrl Pts',(2.07280736704281,5.29929714006213,1.90393895064104));
#5222=CARTESIAN_POINT('Ctrl Pts',(1.22239213759995,5.48869390866761,1.93476317533335));
#5223=CARTESIAN_POINT('Ctrl Pts',(-1.39579935464347,5.20587641267797,-0.604289526000036));
#5224=CARTESIAN_POINT('Ctrl Pts',(-2.20239499608513,4.98961202479494,-0.573465301307728));
#5225=CARTESIAN_POINT('Ctrl Pts',(-3.70547427458295,4.17390407948211,-0.511816851923111));
#5226=CARTESIAN_POINT('Ctrl Pts',(-5.70260696954914,1.37079906388928,-0.388519953153879));
#5227=CARTESIAN_POINT('Ctrl Pts',(-5.3141693274308,-3.25440377016973,-0.234398829692338));
#5228=CARTESIAN_POINT('Ctrl Pts',(-0.562739758118925,-6.20765090314408,
-0.0494534815384888));
#5229=CARTESIAN_POINT('Ctrl Pts',(4.63437890238807,-4.1628089955726,0.135491866615359));
#5230=CARTESIAN_POINT('Ctrl Pts',(6.11001302146028,1.22364825226744,0.320437214769209));
#5231=CARTESIAN_POINT('Ctrl Pts',(2.67284767263242,5.62852681677893,0.505382562923056));
#5232=CARTESIAN_POINT('Ctrl Pts',(-2.91136008144244,5.50893921589989,0.690327911076908));
#5233=CARTESIAN_POINT('Ctrl Pts',(-6.15679690646714,0.960950581563879,0.875273259230754));
#5234=CARTESIAN_POINT('Ctrl Pts',(-4.45191600170154,-4.35739491649698,1.06021860738461));
#5235=CARTESIAN_POINT('Ctrl Pts',(0.827979623928946,-6.17786820133221,1.24516395553845));
#5236=CARTESIAN_POINT('Ctrl Pts',(5.44862154165834,-3.02391515021138,1.4301093036923));
#5237=CARTESIAN_POINT('Ctrl Pts',(5.63869346445762,1.61367665180885,1.58423042715384));
#5238=CARTESIAN_POINT('Ctrl Pts',(3.52338801259016,4.32871248491389,1.70752732592308));
#5239=CARTESIAN_POINT('Ctrl Pts',(1.98676549509807,5.07932424090516,1.76917577530769));
#5240=CARTESIAN_POINT('Ctrl Pts',(1.1716508533678,5.26085918270985,1.8));
#5241=CARTESIAN_POINT('Ctrl Pts',(1.1716508533678,5.26085918270985,1.8));
#5242=CARTESIAN_POINT('Ctrl Pts',(1.32327102356713,5.23712314526267,1.8));
#5243=CARTESIAN_POINT('Ctrl Pts',(1.47341958797303,5.20680388090739,1.8));
#5244=CARTESIAN_POINT('Ctrl Pts',(1.62178698454838,5.17019417547957,1.8));
#5245=CARTESIAN_POINT('Ctrl Pts',(1.77259979893354,5.13298106237774,1.8));
#5246=CARTESIAN_POINT('Ctrl Pts',(1.92157282901855,5.08926833595056,1.8));
#5247=CARTESIAN_POINT('Ctrl Pts',(2.06838385507986,5.03930975464419,1.8));
#5248=CARTESIAN_POINT('Ctrl Pts',(2.21720204421187,4.98866815229946,1.8));
#5249=CARTESIAN_POINT('Ctrl Pts',(2.36379936234049,4.93160860591353,1.8));
#5250=CARTESIAN_POINT('Ctrl Pts',(2.50783372329358,4.86834252668989,1.8));
#5251=CARTESIAN_POINT('Ctrl Pts',(2.65183801867035,4.80508965355902,1.8));
#5252=CARTESIAN_POINT('Ctrl Pts',(2.79328109126949,4.73563258221631,1.8));
#5253=CARTESIAN_POINT('Ctrl Pts',(2.9318047313893,4.66013322992991,1.8));
#5254=CARTESIAN_POINT('Ctrl Pts',(2.98124590064218,4.63318637629795,1.8));
#5255=CARTESIAN_POINT('Ctrl Pts',(3.03031496864316,4.60546936767225,1.8));
#5256=CARTESIAN_POINT('Ctrl Pts',(3.078994893841,4.57698813762734,1.8));
#5257=CARTESIAN_POINT('Ctrl Pts',(3.09883159669652,4.56538225090782,1.8));
#5258=CARTESIAN_POINT('Ctrl Pts',(3.11860367705839,4.55364945672312,1.8));
#5259=CARTESIAN_POINT('Ctrl Pts',(3.1383099590436,4.5417901221896,1.8));
#5260=CARTESIAN_POINT('Ctrl Pts',(3.15382385504928,4.53245378554386,1.8));
#5261=CARTESIAN_POINT('Ctrl Pts',(3.1692947625865,4.52304031805656,1.8));
#5262=CARTESIAN_POINT('Ctrl Pts',(3.18471474905181,4.51355460118417,1.8));
#5263=CARTESIAN_POINT('Ctrl Pts',(3.29390916833915,4.44638285964379,1.8));
#5264=CARTESIAN_POINT('Ctrl Pts',(3.40065850539107,4.37552502810103,1.8));
#5265=CARTESIAN_POINT('Ctrl Pts',(3.50479180671063,4.30111356711603,1.8));
#5266=CARTESIAN_POINT('Ctrl Pts',(3.63433345249871,4.20854583902768,1.8));
#5267=CARTESIAN_POINT('Ctrl Pts',(3.75982759733633,4.11048024581166,1.8));
#5268=CARTESIAN_POINT('Ctrl Pts',(3.88095704218414,4.00729966209635,1.8));
#5269=CARTESIAN_POINT('Ctrl Pts',(4.00318795858209,3.90318082197582,1.8));
#5270=CARTESIAN_POINT('Ctrl Pts',(4.12097510354469,3.79385311463595,1.8));
#5271=CARTESIAN_POINT('Ctrl Pts',(4.23396922235229,3.67966250810431,1.8));
#5272=CARTESIAN_POINT('Ctrl Pts',(4.33151375167288,3.58108508580565,1.8));
#5273=CARTESIAN_POINT('Ctrl Pts',(4.4254862209255,3.47888270990916,1.8));
#5274=CARTESIAN_POINT('Ctrl Pts',(4.5156423133496,3.37325373495557,1.8));
#5275=CARTESIAN_POINT('Ctrl Pts',(4.58325938266768,3.29403200374038,1.8));
#5276=CARTESIAN_POINT('Ctrl Pts',(4.6487293938269,3.21288233125481,1.8));
#5277=CARTESIAN_POINT('Ctrl Pts',(4.71194084051038,3.12988141730133,1.8));
#5278=CARTESIAN_POINT('Ctrl Pts',(4.72521677642754,3.11244921360206,1.8));
#5279=CARTESIAN_POINT('Ctrl Pts',(4.73839417208472,3.09493383202765,1.8));
#5280=CARTESIAN_POINT('Ctrl Pts',(4.75146844300228,3.07734067606591,1.8));
#5281=CARTESIAN_POINT('Ctrl Pts',(4.8492576248695,2.94575243387566,1.8));
#5282=CARTESIAN_POINT('Ctrl Pts',(4.94099743935021,2.81019915329434,1.8));
#5283=CARTESIAN_POINT('Ctrl Pts',(5.02635659860142,2.67106704817873,1.8));
#5284=CARTESIAN_POINT('Ctrl Pts',(5.09260044404828,2.56309216008442,1.8));
#5285=CARTESIAN_POINT('Ctrl Pts',(5.15500105803045,2.45296080224256,1.8));
#5286=CARTESIAN_POINT('Ctrl Pts',(5.21339046467629,2.34083631060428,1.8));
#5287=CARTESIAN_POINT('Ctrl Pts',(5.28725100884927,2.19900277532355,1.8));
#5288=CARTESIAN_POINT('Ctrl Pts',(5.35469497065091,2.05398068757473,1.8));
#5289=CARTESIAN_POINT('Ctrl Pts',(5.41579738299261,1.90621458694011,1.8));
#5290=CARTESIAN_POINT('Ctrl Pts',(5.47789505961965,1.75604160387797,1.8));
#5291=CARTESIAN_POINT('Ctrl Pts',(5.53344311701118,1.60303385855474,1.8));
#5292=CARTESIAN_POINT('Ctrl Pts',(5.58247297549044,1.44763220760492,1.8));
#5293=CARTESIAN_POINT('Ctrl Pts',(5.61061836597487,1.35842452307205,1.8));
#5294=CARTESIAN_POINT('Ctrl Pts',(5.63661493856968,1.2684275557174,1.8));
#5295=CARTESIAN_POINT('Ctrl Pts',(5.66046137440742,1.17772222733241,1.8));
#5296=CARTESIAN_POINT('Ctrl Pts',(5.66871863153095,1.14631387666541,1.8));
#5297=CARTESIAN_POINT('Ctrl Pts',(5.67671803687336,1.11482058105313,1.8));
#5298=CARTESIAN_POINT('Ctrl Pts',(5.68445938519729,1.0832456693429,1.8));
#5299=CARTESIAN_POINT('Ctrl Pts',(5.68940840718426,1.06305991800451,1.8));
#5300=CARTESIAN_POINT('Ctrl Pts',(5.69424951250585,1.04285077442253,1.8));
#5301=CARTESIAN_POINT('Ctrl Pts',(5.69898270300746,1.02262028049081,1.8));
#5302=CARTESIAN_POINT('Ctrl Pts',(5.73755596458567,0.857751333420073,1.8));
#5303=CARTESIAN_POINT('Ctrl Pts',(5.7689719265156,0.691444141978334,1.8));
#5304=CARTESIAN_POINT('Ctrl Pts',(5.79334211722915,0.524216706046258,1.8));
#5305=CARTESIAN_POINT('Ctrl Pts',(5.8174267083387,0.358949045072089,1.8));
#5306=CARTESIAN_POINT('Ctrl Pts',(5.8346296582946,0.192781750497015,1.8));
#5307=CARTESIAN_POINT('Ctrl Pts',(5.84500911405828,0.0261896447982687,1.8));
#5308=CARTESIAN_POINT('Ctrl Pts',(5.85544051908242,-0.141236255743416,1.8));
#5309=CARTESIAN_POINT('Ctrl Pts',(5.85898006370893,-0.309092002428126,1.8));
#5310=CARTESIAN_POINT('Ctrl Pts',(5.85563579202737,-0.476909289083714,1.8));
#5311=CARTESIAN_POINT('Ctrl Pts',(5.85231023170528,-0.643787630021198,1.8));
#5312=CARTESIAN_POINT('Ctrl Pts',(5.84217770040541,-0.810628726440773,1.8));
#5313=CARTESIAN_POINT('Ctrl Pts',(5.82519492513747,-0.976973895051729,1.8));
#5314=CARTESIAN_POINT('Ctrl Pts',(5.82014129143794,-1.02647390530229,1.8));
#5315=CARTESIAN_POINT('Ctrl Pts',(5.8144807186353,-1.07592996967573,1.8));
#5316=CARTESIAN_POINT('Ctrl Pts',(5.80821117716614,-1.12532987344784,1.8));
#5317=CARTESIAN_POINT('Ctrl Pts',(5.80538534265569,-1.14759560908076,1.8));
#5318=CARTESIAN_POINT('Ctrl Pts',(5.8024354417168,-1.16985242714274,1.8));
#5319=CARTESIAN_POINT('Ctrl Pts',(5.79936241273998,-1.19209093298685,1.8));
#5320=CARTESIAN_POINT('Ctrl Pts',(5.77603045193146,-1.36093670395394,1.8));
#5321=CARTESIAN_POINT('Ctrl Pts',(5.74564210309615,-1.52846988169773,1.8));
#5322=CARTESIAN_POINT('Ctrl Pts',(5.7082255395349,-1.69420622109688,1.8));
#5323=CARTESIAN_POINT('Ctrl Pts',(5.67104604450837,-1.85889246750539,1.8));
#5324=CARTESIAN_POINT('Ctrl Pts',(5.62692711547525,-2.02180536711944,1.8));
#5325=CARTESIAN_POINT('Ctrl Pts',(5.57584533415285,-2.18246936007297,1.8));
#5326=CARTESIAN_POINT('Ctrl Pts',(5.55081977949413,-2.26118050587211,1.8));
#5327=CARTESIAN_POINT('Ctrl Pts',(5.52412226863695,-2.33935180300696,1.8));
#5328=CARTESIAN_POINT('Ctrl Pts',(5.49574552141784,-2.41692640977216,1.8));
#5329=CARTESIAN_POINT('Ctrl Pts',(5.48238720143415,-2.45344456358933,1.8));
#5330=CARTESIAN_POINT('Ctrl Pts',(5.46865671211558,-2.48983047583092,1.8));
#5331=CARTESIAN_POINT('Ctrl Pts',(5.45455306299923,-2.52607814020716,1.8));
#5332=CARTESIAN_POINT('Ctrl Pts',(5.44281718373007,-2.55624042015325,1.8));
#5333=CARTESIAN_POINT('Ctrl Pts',(5.43082192413419,-2.586309165645,1.8));
#5334=CARTESIAN_POINT('Ctrl Pts',(5.41857570014523,-2.61625944132206,1.8));
#5335=CARTESIAN_POINT('Ctrl Pts',(5.3746869530585,-2.72359702354763,1.8));
#5336=CARTESIAN_POINT('Ctrl Pts',(5.32755325406709,-2.82947234318476,1.8));
#5337=CARTESIAN_POINT('Ctrl Pts',(5.27717389374449,-2.93373446947435,1.8));
#5338=CARTESIAN_POINT('Ctrl Pts',(5.20535986884118,-3.08235650210611,1.8));
#5339=CARTESIAN_POINT('Ctrl Pts',(5.12695313496582,-3.22770165710894,1.8));
#5340=CARTESIAN_POINT('Ctrl Pts',(5.04237551099081,-3.36956065587355,1.8));
#5341=CARTESIAN_POINT('Ctrl Pts',(4.95603886652274,-3.51436999627966,1.8));
#5342=CARTESIAN_POINT('Ctrl Pts',(4.86327163206695,-3.65554719603408,1.8));
#5343=CARTESIAN_POINT('Ctrl Pts',(4.76447317463016,-3.79284832078197,1.8));
#5344=CARTESIAN_POINT('Ctrl Pts',(4.75585586196967,-3.80482387942211,1.8));
#5345=CARTESIAN_POINT('Ctrl Pts',(4.74719263825243,-3.81676993451699,1.8));
#5346=CARTESIAN_POINT('Ctrl Pts',(4.73848375257583,-3.82868631457566,1.8));
#5347=CARTESIAN_POINT('',(-4.04014089383274,-3.56744539138028,-0.2));
#5348=CARTESIAN_POINT('Ctrl Pts',(-4.04472818428262,-3.56487746776477,-0.2));
#5349=CARTESIAN_POINT('Ctrl Pts',(-3.13862972532962,-4.57619412884468,-0.149817827179496));
#5350=CARTESIAN_POINT('Ctrl Pts',(-1.83815363013917,-5.25139493136946,-0.0996356543589925));
#5351=CARTESIAN_POINT('Ctrl Pts',(-0.488458242919731,-5.37463606305311,
-0.0494534815384888));
#5352=CARTESIAN_POINT('Ctrl Pts',(1.16963312871674,-5.52603693395358,0.0121949678461273));
#5353=CARTESIAN_POINT('Ctrl Pts',(2.90200601555241,-4.84442296476309,0.0738434172307431));
#5354=CARTESIAN_POINT('Ctrl Pts',(4.01413147881561,-3.60587310552784,0.135491866615359));
#5355=CARTESIAN_POINT('Ctrl Pts',(5.12625694207881,-2.36732324629259,0.197140315999976));
#5356=CARTESIAN_POINT('Ctrl Pts',(5.61813498176954,-0.571837497012574,0.258788765384593));
#5357=CARTESIAN_POINT('Ctrl Pts',(5.2912131101436,1.06005180504601,0.320437214769209));
#5358=CARTESIAN_POINT('Ctrl Pts',(4.96429123851766,2.6919411071046,0.382085664153825));
#5359=CARTESIAN_POINT('Ctrl Pts',(3.81856945557504,4.16023396194177,0.44373411353844));
#5360=CARTESIAN_POINT('Ctrl Pts',(2.31500727175792,4.87444912254718,0.505382562923057));
#5361=CARTESIAN_POINT('Ctrl Pts',(0.811445087940799,5.58866428315259,0.567031012307673));
#5362=CARTESIAN_POINT('Ctrl Pts',(-1.04995749675082,5.54880174952624,0.62867946169229));
#5363=CARTESIAN_POINT('Ctrl Pts',(-2.52156492660074,4.7708723769904,0.690327911076906));
#5364=CARTESIAN_POINT('Ctrl Pts',(-3.99317235645067,3.99294300445455,0.751976360461523));
#5365=CARTESIAN_POINT('Ctrl Pts',(-5.07498463145891,2.47694679300921,0.813624809846138));
#5366=CARTESIAN_POINT('Ctrl Pts',(-5.33174395150209,0.832557770943064,0.875273259230754));
#5367=CARTESIAN_POINT('Ctrl Pts',(-5.37453434143732,0.558511058840857,0.885547321288664));
#5368=CARTESIAN_POINT('Ctrl Pts',(-5.39440962495473,0.280898351488338,0.895821383346574));
#5369=CARTESIAN_POINT('Ctrl Pts',(-5.3924307821203,0.00301238215110216,
0.906095445404484));
#5370=CARTESIAN_POINT('Ctrl Pts',(-1.57714514954845,5.88223708951414,-0.200000000000001));
#5371=CARTESIAN_POINT('Ctrl Pts',(-1.73684957480162,5.82958204203176,-0.200000000000001));
#5372=CARTESIAN_POINT('Ctrl Pts',(-1.89385850099222,5.77027062751886,-0.200000000000001));
#5373=CARTESIAN_POINT('Ctrl Pts',(-2.0478840654512,5.70460396815221,-0.200000000000001));
#5374=CARTESIAN_POINT('Ctrl Pts',(-2.20373420867822,5.63815942497862,-0.200000000000001));
#5375=CARTESIAN_POINT('Ctrl Pts',(-2.35653046606976,5.5652078099282,-0.200000000000001));
#5376=CARTESIAN_POINT('Ctrl Pts',(-2.50595326798187,5.48601228559052,-0.200000000000001));
#5377=CARTESIAN_POINT('Ctrl Pts',(-2.65573025736295,5.40662903848256,-0.200000000000001));
#5378=CARTESIAN_POINT('Ctrl Pts',(-2.80211833551318,5.32097180823649,-0.2));
#5379=CARTESIAN_POINT('Ctrl Pts',(-2.94476583045291,5.22926309533961,-0.2));
#5380=CARTESIAN_POINT('Ctrl Pts',(-3.08641522085768,5.13819606831513,-0.2));
#5381=CARTESIAN_POINT('Ctrl Pts',(-3.22437668179707,5.04116147416031,-0.200000000000001));
#5382=CARTESIAN_POINT('Ctrl Pts',(-3.3582687581981,4.93834217333229,-0.200000000000001));
#5383=CARTESIAN_POINT('Ctrl Pts',(-3.4091585212486,4.89926256536143,-0.2));
#5384=CARTESIAN_POINT('Ctrl Pts',(-3.45945999374594,4.85934696617971,-0.2));
#5385=CARTESIAN_POINT('Ctrl Pts',(-3.50915058349522,4.81860429105231,-0.2));
#5386=CARTESIAN_POINT('Ctrl Pts',(-3.53698539569586,4.79578176637622,-0.2));
#5387=CARTESIAN_POINT('Ctrl Pts',(-3.56462850656816,4.7726997096006,-0.200000000000001));
#5388=CARTESIAN_POINT('Ctrl Pts',(-3.59207580877915,4.74935961205986,-0.200000000000001));
#5389=CARTESIAN_POINT('Ctrl Pts',(-3.60615363881753,4.73738838356781,-0.200000000000001));
#5390=CARTESIAN_POINT('Ctrl Pts',(-3.62017874569732,4.72535026194293,-0.200000000000001));
#5391=CARTESIAN_POINT('Ctrl Pts',(-3.63414346389897,4.71325176834905,-0.200000000000001));
#5392=CARTESIAN_POINT('Ctrl Pts',(-3.73876732186972,4.6226096904246,-0.200000000000001));
#5393=CARTESIAN_POINT('Ctrl Pts',(-3.84011607372044,4.52848450311105,-0.2));
#5394=CARTESIAN_POINT('Ctrl Pts',(-3.93801622590471,4.43101489959191,-0.2));
#5395=CARTESIAN_POINT('Ctrl Pts',(-4.05654681593135,4.31300558748134,-0.2));
#5396=CARTESIAN_POINT('Ctrl Pts',(-4.17002358349384,4.19009442591717,-0.2));
#5397=CARTESIAN_POINT('Ctrl Pts',(-4.27813728728355,4.06266871886074,-0.2));
#5398=CARTESIAN_POINT('Ctrl Pts',(-4.38584713365155,3.93571900897866,-0.2));
#5399=CARTESIAN_POINT('Ctrl Pts',(-4.48823435318524,3.80428774913065,-0.2));
#5400=CARTESIAN_POINT('Ctrl Pts',(-4.58495012422229,3.66872967472312,-0.2));
#5401=CARTESIAN_POINT('Ctrl Pts',(-4.6684012338285,3.55176352117763,-0.2));
#5402=CARTESIAN_POINT('Ctrl Pts',(-4.7476293986326,3.43172423650493,-0.200000000000001));
#5403=CARTESIAN_POINT('Ctrl Pts',(-4.82238077952788,3.30882836113627,-0.200000000000001));
#5404=CARTESIAN_POINT('Ctrl Pts',(-4.87844431519935,3.21665645460977,-0.200000000000001));
#5405=CARTESIAN_POINT('Ctrl Pts',(-4.93198911308079,3.1228774773121,-0.200000000000001));
#5406=CARTESIAN_POINT('Ctrl Pts',(-4.9828966803762,3.02758053370214,-0.200000000000001));
#5407=CARTESIAN_POINT('Ctrl Pts',(-4.99438479407645,3.006075241235,-0.200000000000001));
#5408=CARTESIAN_POINT('Ctrl Pts',(-5.00573856467333,2.98449264117345,-0.2));
#5409=CARTESIAN_POINT('Ctrl Pts',(-5.01695655655547,2.96283375049273,-0.2));
#5410=CARTESIAN_POINT('Ctrl Pts',(-5.02704367008058,2.94335827828525,-0.2));
#5411=CARTESIAN_POINT('Ctrl Pts',(-5.03701740900192,2.92382800175663,-0.200000000000001));
#5412=CARTESIAN_POINT('Ctrl Pts',(-5.04687414385111,2.90424951660329,-0.200000000000001));
#5413=CARTESIAN_POINT('Ctrl Pts',(-5.1203126482484,2.75837822250587,-0.200000000000001));
#5414=CARTESIAN_POINT('Ctrl Pts',(-5.18731173542957,2.60973267858956,-0.2));
#5415=CARTESIAN_POINT('Ctrl Pts',(-5.24757146625316,2.45866226634511,-0.2));
#5416=CARTESIAN_POINT('Ctrl Pts',(-5.28980392682472,2.35278600135943,-0.2));
#5417=CARTESIAN_POINT('Ctrl Pts',(-5.32872528035307,2.24571811654487,-0.200000000000001));
#5418=CARTESIAN_POINT('Ctrl Pts',(-5.36421799483026,2.13757338284096,-0.200000000000001));
#5419=CARTESIAN_POINT('Ctrl Pts',(-5.41527111790774,1.98201677125765,-0.200000000000001));
#5420=CARTESIAN_POINT('Ctrl Pts',(-5.4592325115874,1.82423208912084,-0.200000000000001));
#5421=CARTESIAN_POINT('Ctrl Pts',(-5.49618666786325,1.66468200226693,-0.200000000000001));
#5422=CARTESIAN_POINT('Ctrl Pts',(-5.53341245269741,1.50395915531135,-0.200000000000001));
#5423=CARTESIAN_POINT('Ctrl Pts',(-5.56352752770732,1.34144404797495,-0.2));
#5424=CARTESIAN_POINT('Ctrl Pts',(-5.58656564119964,1.17761023624686,-0.2));
#5425=CARTESIAN_POINT('Ctrl Pts',(-5.59886266076749,1.09016090627601,-0.2));
#5426=CARTESIAN_POINT('Ctrl Pts',(-5.60914250836746,1.00233594958845,-0.200000000000001));
#5427=CARTESIAN_POINT('Ctrl Pts',(-5.61740437009048,0.914208675488661,-0.200000000000001));
#5428=CARTESIAN_POINT('Ctrl Pts',(-5.62003839342802,0.886112187743514,-0.200000000000001));
#5429=CARTESIAN_POINT('Ctrl Pts',(-5.62246726887442,0.857984981205735,-0.200000000000001));
#5430=CARTESIAN_POINT('Ctrl Pts',(-5.62469088358135,0.829829462715983,-0.200000000000001));
#5431=CARTESIAN_POINT('Ctrl Pts',(-5.62619161602351,0.810827114920882,-0.200000000000001));
#5432=CARTESIAN_POINT('Ctrl Pts',(-5.62759854451053,0.791815412928784,-0.200000000000001));
#5433=CARTESIAN_POINT('Ctrl Pts',(-5.6289112392342,0.772803385448189,-0.200000000000001));
#5434=CARTESIAN_POINT('Ctrl Pts',(-5.64010983103711,0.61061187872392,-0.200000000000001));
#5435=CARTESIAN_POINT('Ctrl Pts',(-5.6444690693566,0.448217912508308,-0.2));
#5436=CARTESIAN_POINT('Ctrl Pts',(-5.6421043448667,0.286072337942471,-0.2));
#5437=CARTESIAN_POINT('Ctrl Pts',(-5.63973050029976,0.123301413515174,-0.2));
#5438=CARTESIAN_POINT('Ctrl Pts',(-5.63058058688667,-0.0392200002635039,
-0.200000000000001));
#5439=CARTESIAN_POINT('Ctrl Pts',(-5.6147185777123,-0.201033901309275,-0.200000000000001));
#5440=CARTESIAN_POINT('Ctrl Pts',(-5.59896610637409,-0.361730368593192,
-0.200000000000001));
#5441=CARTESIAN_POINT('Ctrl Pts',(-5.57659370895164,-0.521729816997297,
-0.2));
#5442=CARTESIAN_POINT('Ctrl Pts',(-5.54761489938633,-0.68057017010824,-0.2));
#5443=CARTESIAN_POINT('Ctrl Pts',(-5.51908942844893,-0.836925656904236,
-0.2));
#5444=CARTESIAN_POINT('Ctrl Pts',(-5.48416237555838,-0.992158686830538,
-0.200000000000001));
#5445=CARTESIAN_POINT('Ctrl Pts',(-5.44280238543884,-1.14580502751226,-0.200000000000001));
#5446=CARTESIAN_POINT('Ctrl Pts',(-5.42945293001107,-1.19539631055277,-0.200000000000001));
#5447=CARTESIAN_POINT('Ctrl Pts',(-5.4154329859755,-1.24482207334641,-0.200000000000001));
#5448=CARTESIAN_POINT('Ctrl Pts',(-5.4007405570947,-1.29406599997996,-0.200000000000001));
#5449=CARTESIAN_POINT('Ctrl Pts',(-5.39143813986587,-1.32524447668031,-0.200000000000001));
#5450=CARTESIAN_POINT('Ctrl Pts',(-5.38186424670958,-1.35635571169557,-0.2));
#5451=CARTESIAN_POINT('Ctrl Pts',(-5.3720285699707,-1.38736390708789,-0.2));
#5452=CARTESIAN_POINT('Ctrl Pts',(-5.32416258923056,-1.53826737035127,-0.2));
#5453=CARTESIAN_POINT('Ctrl Pts',(-5.27006818542313,-1.68684856519685,-0.2));
#5454=CARTESIAN_POINT('Ctrl Pts',(-5.20976880533023,-1.83266656415336,-0.200000000000001));
#5455=CARTESIAN_POINT('Ctrl Pts',(-5.15033685828262,-1.97638690720202,-0.200000000000001));
#5456=CARTESIAN_POINT('Ctrl Pts',(-5.08487692399374,-2.1174235956259,-0.2));
#5457=CARTESIAN_POINT('Ctrl Pts',(-5.01336892001851,-2.25532820187099,-0.2));
#5458=CARTESIAN_POINT('Ctrl Pts',(-4.98078344564329,-2.31816993654702,-0.2));
#5459=CARTESIAN_POINT('Ctrl Pts',(-4.94694150411233,-2.38036086517865,-0.2));
#5460=CARTESIAN_POINT('Ctrl Pts',(-4.91183840756213,-2.44185618489247,-0.199999999999999));
#5461=CARTESIAN_POINT('Ctrl Pts',(-4.89592729020118,-2.46973005772067,-0.199999999999999));
#5462=CARTESIAN_POINT('Ctrl Pts',(-4.87975704263347,-2.49746099393489,-0.2));
#5463=CARTESIAN_POINT('Ctrl Pts',(-4.86332711334769,-2.52504470509834,-0.2));
#5464=CARTESIAN_POINT('Ctrl Pts',(-4.85015978874942,-2.54715092796737,-0.2));
#5465=CARTESIAN_POINT('Ctrl Pts',(-4.83682561129804,-2.56916255306007,-0.2));
#5466=CARTESIAN_POINT('Ctrl Pts',(-4.82333214480773,-2.59106496478342,-0.2));
#5467=CARTESIAN_POINT('Ctrl Pts',(-4.76848421292228,-2.68009338362539,-0.2));
#5468=CARTESIAN_POINT('Ctrl Pts',(-4.71097428017155,-2.76737024009748,-0.2));
#5469=CARTESIAN_POINT('Ctrl Pts',(-4.6508016945572,-2.8527618697473,-0.2));
#5470=CARTESIAN_POINT('Ctrl Pts',(-4.56034183487747,-2.98113452910838,-0.2));
#5471=CARTESIAN_POINT('Ctrl Pts',(-4.46386579842965,-3.10524845749673,-0.2));
#5472=CARTESIAN_POINT('Ctrl Pts',(-4.36181596875419,-3.22489052333164,-0.2));
#5473=CARTESIAN_POINT('Ctrl Pts',(-4.26138812271262,-3.34263099390348,-0.2));
#5474=CARTESIAN_POINT('Ctrl Pts',(-4.15556145121947,-3.45604086745849,-0.2));
#5475=CARTESIAN_POINT('Ctrl Pts',(-4.04472818428262,-3.56487746776477,-0.2));
#5476=CARTESIAN_POINT('Origin',(0.,0.,1.8));
#5477=CARTESIAN_POINT('',(-6.8,-8.327598234202E-16,1.8));
#5478=CARTESIAN_POINT('Origin',(0.,0.,1.8));
#5479=CARTESIAN_POINT('Origin',(0.,0.,0.1375));
#5480=CARTESIAN_POINT('',(-6.8,-8.327598234202E-16,-0.2));
#5481=CARTESIAN_POINT('Origin',(0.,0.,-0.2));
#5482=CARTESIAN_POINT('',(-6.95,-1.01011400672983E-15,-0.107954545454547));
#5483=CARTESIAN_POINT('',(-7.35,-9.00115397373305E-16,0.1375));
#5484=CARTESIAN_POINT('',(-6.95,3.75599520766468,0.474999999999999));
#5485=CARTESIAN_POINT('Ctrl Pts',(-6.95,3.75599520766468,0.475));
#5486=CARTESIAN_POINT('Ctrl Pts',(-6.95,1.75785634298111,-0.107954545454548));
#5487=CARTESIAN_POINT('Ctrl Pts',(-6.95,-1.16909848805225E-15,-0.107954545454547));
#5488=CARTESIAN_POINT('',(-6.72778726633021,4.14087895246952,0.474999999999999));
#5489=CARTESIAN_POINT('Origin',(0.,0.,0.474999999999999));
#5490=CARTESIAN_POINT('',(-0.222212733669778,7.89687416013419,0.474999999999999));
#5491=CARTESIAN_POINT('Ctrl Pts',(-0.222212733669775,7.89687416013419,0.474999999999999));
#5492=CARTESIAN_POINT('Ctrl Pts',(-3.475,6.01887655630185,-0.620806962025318));
#5493=CARTESIAN_POINT('Ctrl Pts',(-6.72778726633022,4.14087895246951,0.474999999999999));
#5494=CARTESIAN_POINT('',(0.222212733669785,7.89687416013419,0.474999999999999));
#5495=CARTESIAN_POINT('Origin',(0.,0.,0.474999999999999));
#5496=CARTESIAN_POINT('',(6.72778726633022,4.14087895246951,0.474999999999999));
#5497=CARTESIAN_POINT('Ctrl Pts',(6.72778726633022,4.1408789524695,0.474999999999999));
#5498=CARTESIAN_POINT('Ctrl Pts',(3.475,6.01887655630185,-0.620806962025319));
#5499=CARTESIAN_POINT('Ctrl Pts',(0.222212733669783,7.89687416013419,0.475));
#5500=CARTESIAN_POINT('',(6.95,3.75599520766467,0.474999999999999));
#5501=CARTESIAN_POINT('Origin',(0.,0.,0.474999999999999));
#5502=CARTESIAN_POINT('',(6.95,-3.75599520766468,0.474999999999999));
#5503=CARTESIAN_POINT('Ctrl Pts',(6.95,-3.75599520766468,0.475));
#5504=CARTESIAN_POINT('Ctrl Pts',(6.95,-3.42833911220711E-15,-0.620806962025318));
#5505=CARTESIAN_POINT('Ctrl Pts',(6.95,3.75599520766468,0.475));
#5506=CARTESIAN_POINT('',(6.72778726633021,-4.14087895246951,0.474999999999999));
#5507=CARTESIAN_POINT('Origin',(0.,0.,0.474999999999999));
#5508=CARTESIAN_POINT('',(0.222212733669781,-7.89687416013419,0.474999999999999));
#5509=CARTESIAN_POINT('Ctrl Pts',(0.222212733669778,-7.89687416013419,0.475));
#5510=CARTESIAN_POINT('Ctrl Pts',(3.475,-6.01887655630185,-0.620806962025318));
#5511=CARTESIAN_POINT('Ctrl Pts',(6.72778726633022,-4.14087895246951,0.475));
#5512=CARTESIAN_POINT('',(-0.222212733669785,-7.89687416013419,0.474999999999999));
#5513=CARTESIAN_POINT('Origin',(0.,0.,0.474999999999999));
#5514=CARTESIAN_POINT('',(-6.72778726633022,-4.14087895246951,0.474999999999999));
#5515=CARTESIAN_POINT('Ctrl Pts',(-6.72778726633022,-4.14087895246951,0.474999999999999));
#5516=CARTESIAN_POINT('Ctrl Pts',(-3.475,-6.01887655630185,-0.620806962025317));
#5517=CARTESIAN_POINT('Ctrl Pts',(-0.222212733669784,-7.89687416013419,
0.475));
#5518=CARTESIAN_POINT('',(-6.95,-3.75599520766467,0.474999999999999));
#5519=CARTESIAN_POINT('Origin',(0.,0.,0.474999999999999));
#5520=CARTESIAN_POINT('Ctrl Pts',(-6.95,-1.16909848805225E-15,-0.107954545454547));
#5521=CARTESIAN_POINT('Ctrl Pts',(-6.95,-1.75785634298111,-0.107954545454546));
#5522=CARTESIAN_POINT('Ctrl Pts',(-6.95,-3.75599520766468,0.475));
#5523=CARTESIAN_POINT('Origin',(0.,0.,0.8));
#5524=CARTESIAN_POINT('',(-6.72778726633021,4.14087895246952,1.125));
#5525=CARTESIAN_POINT('',(-6.72778726633021,4.14087895246952,0.8));
#5526=CARTESIAN_POINT('',(-6.95,3.75599520766468,1.125));
#5527=CARTESIAN_POINT('',(-6.95,3.75599520766468,0.8));
#5528=CARTESIAN_POINT('Origin',(0.,0.,1.125));
#5529=CARTESIAN_POINT('Origin',(0.,0.,0.8));
#5530=CARTESIAN_POINT('',(-6.72778726633022,-4.14087895246951,1.125));
#5531=CARTESIAN_POINT('',(-6.72778726633022,-4.14087895246951,0.8));
#5532=CARTESIAN_POINT('',(-6.95,-3.75599520766467,1.125));
#5533=CARTESIAN_POINT('Origin',(0.,0.,1.125));
#5534=CARTESIAN_POINT('',(-6.95,-3.75599520766467,0.8));
#5535=CARTESIAN_POINT('Origin',(0.,0.,0.8));
#5536=CARTESIAN_POINT('',(0.222212733669781,-7.89687416013419,1.125));
#5537=CARTESIAN_POINT('',(0.222212733669781,-7.89687416013419,0.8));
#5538=CARTESIAN_POINT('',(-0.222212733669785,-7.89687416013419,1.125));
#5539=CARTESIAN_POINT('Origin',(0.,0.,1.125));
#5540=CARTESIAN_POINT('',(-0.222212733669785,-7.89687416013419,0.8));
#5541=CARTESIAN_POINT('Origin',(0.,0.,0.8));
#5542=CARTESIAN_POINT('',(6.95,-3.75599520766468,1.125));
#5543=CARTESIAN_POINT('',(6.95,-3.75599520766468,0.8));
#5544=CARTESIAN_POINT('',(6.72778726633021,-4.14087895246951,1.125));
#5545=CARTESIAN_POINT('Origin',(0.,0.,1.125));
#5546=CARTESIAN_POINT('',(6.72778726633021,-4.14087895246951,0.8));
#5547=CARTESIAN_POINT('Origin',(0.,0.,0.8));
#5548=CARTESIAN_POINT('',(6.72778726633022,4.14087895246951,1.125));
#5549=CARTESIAN_POINT('',(6.72778726633022,4.14087895246951,0.8));
#5550=CARTESIAN_POINT('',(6.95,3.75599520766467,1.125));
#5551=CARTESIAN_POINT('Origin',(0.,0.,1.125));
#5552=CARTESIAN_POINT('',(6.95,3.75599520766467,0.8));
#5553=CARTESIAN_POINT('Origin',(0.,0.,1.4625));
#5554=CARTESIAN_POINT('',(-0.222212733669778,7.89687416013419,1.125));
#5555=CARTESIAN_POINT('Ctrl Pts',(-6.72778726633022,4.14087895246951,1.125));
#5556=CARTESIAN_POINT('Ctrl Pts',(-3.475,6.01887655630185,2.22080696202532));
#5557=CARTESIAN_POINT('Ctrl Pts',(-0.222212733669773,7.89687416013419,1.125));
#5558=CARTESIAN_POINT('',(-6.95,-1.01011400672983E-15,1.70795454545455));
#5559=CARTESIAN_POINT('Ctrl Pts',(-6.95,-1.16909848805225E-15,1.70795454545455));
#5560=CARTESIAN_POINT('Ctrl Pts',(-6.95,1.75785634298111,1.70795454545455));
#5561=CARTESIAN_POINT('Ctrl Pts',(-6.95,3.75599520766468,1.125));
#5562=CARTESIAN_POINT('',(-7.35,-9.00115397373305E-16,1.4625));
#5563=CARTESIAN_POINT('Ctrl Pts',(-6.95,-3.75599520766468,1.125));
#5564=CARTESIAN_POINT('Ctrl Pts',(-6.95,-1.75785634298111,1.70795454545455));
#5565=CARTESIAN_POINT('Ctrl Pts',(-6.95,-1.16909848805225E-15,1.70795454545455));
#5566=CARTESIAN_POINT('Ctrl Pts',(-0.222212733669781,-7.89687416013419,
1.125));
#5567=CARTESIAN_POINT('Ctrl Pts',(-3.475,-6.01887655630185,2.22080696202532));
#5568=CARTESIAN_POINT('Ctrl Pts',(-6.72778726633022,-4.14087895246951,1.125));
#5569=CARTESIAN_POINT('Ctrl Pts',(6.72778726633022,-4.14087895246951,1.125));
#5570=CARTESIAN_POINT('Ctrl Pts',(3.475,-6.01887655630185,2.22080696202532));
#5571=CARTESIAN_POINT('Ctrl Pts',(0.222212733669777,-7.89687416013419,1.125));
#5572=CARTESIAN_POINT('Ctrl Pts',(6.95,3.75599520766468,1.125));
#5573=CARTESIAN_POINT('Ctrl Pts',(6.95,-3.21074526199237E-15,2.22080696202532));
#5574=CARTESIAN_POINT('Ctrl Pts',(6.95,-3.75599520766468,1.125));
#5575=CARTESIAN_POINT('',(0.222212733669785,7.89687416013419,1.125));
#5576=CARTESIAN_POINT('Ctrl Pts',(0.222212733669783,7.89687416013419,1.125));
#5577=CARTESIAN_POINT('Ctrl Pts',(3.475,6.01887655630185,2.22080696202532));
#5578=CARTESIAN_POINT('Ctrl Pts',(6.72778726633022,4.1408789524695,1.125));
#5579=CARTESIAN_POINT('Origin',(0.,0.,1.125));
#5580=CARTESIAN_POINT('Origin',(0.,0.,0.8));
#5581=CARTESIAN_POINT('',(-0.222212733669778,7.89687416013419,0.8));
#5582=CARTESIAN_POINT('',(0.222212733669785,7.89687416013419,0.8));
#5583=CARTESIAN_POINT('Origin',(0.,0.,-0.2));
#5584=CARTESIAN_POINT('Origin',(0.,0.,-0.2));
#5585=CARTESIAN_POINT('Origin',(4.9960036108132E-15,8.0251687417358,-0.2));
#5586=CARTESIAN_POINT('Origin',(6.95,4.01258437086789,-0.2));
#5587=CARTESIAN_POINT('Origin',(6.95,-4.0125843708679,-0.2));
#5588=CARTESIAN_POINT('Origin',(-2.22044604925031E-15,-8.0251687417358,
-0.2));
#5589=CARTESIAN_POINT('Origin',(-6.95,-4.0125843708679,-0.2));
#5590=CARTESIAN_POINT('Origin',(-6.95,4.0125843708679,-0.2));
#5591=CARTESIAN_POINT('Origin',(0.,0.,-0.2));
#5592=CARTESIAN_POINT('Origin',(0.,0.,7.8));
#5593=CARTESIAN_POINT('',(-5.5,-6.73555739531044E-16,9.4));
#5594=CARTESIAN_POINT('Origin',(0.,0.,9.4));
#5595=CARTESIAN_POINT('',(-5.5,-6.73555739531044E-16,7.8));
#5596=CARTESIAN_POINT('',(-5.5,-6.73555739531044E-16,7.8));
#5597=CARTESIAN_POINT('Origin',(0.,0.,7.8));
#5598=CARTESIAN_POINT('Origin',(0.,0.,7.8));
#5599=CARTESIAN_POINT('',(-7.2,-8.81745695386094E-16,9.4));
#5600=CARTESIAN_POINT('Origin',(0.,0.,9.4));
#5601=CARTESIAN_POINT('',(-7.2,-8.81745695386094E-16,7.8));
#5602=CARTESIAN_POINT('',(-7.2,-8.81745695386094E-16,7.8));
#5603=CARTESIAN_POINT('Origin',(0.,0.,7.8));
#5604=CARTESIAN_POINT('Origin',(0.,0.,9.4));
#5605=CARTESIAN_POINT('Origin',(0.,0.,7.8));
#5606=CARTESIAN_POINT('Origin',(0.2,0.,-17.95));
#5607=CARTESIAN_POINT('',(-2.8,0.5,-17.95));
#5608=CARTESIAN_POINT('Origin',(-2.8,0.,-17.95));
#5609=CARTESIAN_POINT('',(-2.2,0.5,-17.95));
#5610=CARTESIAN_POINT('',(0.2,0.5,-17.95));
#5611=CARTESIAN_POINT('Origin',(-2.2,0.,-17.95));
#5612=CARTESIAN_POINT('Origin',(-1.4,2.35,-14.95));
#5613=CARTESIAN_POINT('',(-2.2,2.6,-14.95));
#5614=CARTESIAN_POINT('',(-2.2,2.35,-15.2));
#5615=CARTESIAN_POINT('Origin',(-2.2,2.35,-14.95));
#5616=CARTESIAN_POINT('',(-2.8,2.35,-15.2));
#5617=CARTESIAN_POINT('',(-1.4,2.35,-15.2));
#5618=CARTESIAN_POINT('',(-2.8,2.6,-14.95));
#5619=CARTESIAN_POINT('Origin',(-2.8,2.35,-14.95));
#5620=CARTESIAN_POINT('',(-1.4,2.6,-14.95));
#5621=CARTESIAN_POINT('Origin',(0.,0.,-15.2));
#5622=CARTESIAN_POINT('',(-2.2,1.5,-15.2));
#5623=CARTESIAN_POINT('',(-2.2,1.3,-15.2));
#5624=CARTESIAN_POINT('',(-2.8,1.5,-15.2));
#5625=CARTESIAN_POINT('',(-1.4,1.5,-15.2));
#5626=CARTESIAN_POINT('',(-2.8,-1.3,-15.2));
#5627=CARTESIAN_POINT('Origin',(-2.2,2.6,-14.7));
#5628=CARTESIAN_POINT('',(-2.2,2.6,-14.7));
#5629=CARTESIAN_POINT('',(-2.2,2.6,-14.7));
#5630=CARTESIAN_POINT('',(-2.2,-2.6,-14.7));
#5631=CARTESIAN_POINT('',(-2.2,1.3,-14.7));
#5632=CARTESIAN_POINT('',(-2.2,-2.6,-14.95));
#5633=CARTESIAN_POINT('',(-2.2,-2.6,-14.7));
#5634=CARTESIAN_POINT('',(-2.2,-2.35,-15.2));
#5635=CARTESIAN_POINT('Origin',(-2.2,-2.35,-14.95));
#5636=CARTESIAN_POINT('',(-2.2,-1.5,-15.2));
#5637=CARTESIAN_POINT('',(-2.2,1.3,-15.2));
#5638=CARTESIAN_POINT('',(-2.2,-1.5,-17.95));
#5639=CARTESIAN_POINT('',(-2.2,-1.5,-14.7));
#5640=CARTESIAN_POINT('',(-2.2,1.5,-17.95));
#5641=CARTESIAN_POINT('Origin',(-2.2,0.,-17.95));
#5642=CARTESIAN_POINT('',(-2.2,1.5,-14.7));
#5643=CARTESIAN_POINT('Origin',(-1.1,-2.35,-14.95));
#5644=CARTESIAN_POINT('',(-2.8,-2.6,-14.95));
#5645=CARTESIAN_POINT('',(-2.8,-2.35,-15.2));
#5646=CARTESIAN_POINT('Origin',(-2.8,-2.35,-14.95));
#5647=CARTESIAN_POINT('',(-1.1,-2.35,-15.2));
#5648=CARTESIAN_POINT('',(-1.1,-2.6,-14.95));
#5649=CARTESIAN_POINT('Origin',(0.,0.,-15.2));
#5650=CARTESIAN_POINT('',(-2.8,-1.5,-15.2));
#5651=CARTESIAN_POINT('',(-2.8,-1.3,-15.2));
#5652=CARTESIAN_POINT('',(-1.1,-1.5,-15.2));
#5653=CARTESIAN_POINT('Origin',(-2.8,-2.6,-14.7));
#5654=CARTESIAN_POINT('',(-2.8,1.5,-17.95));
#5655=CARTESIAN_POINT('',(-2.8,1.5,-14.7));
#5656=CARTESIAN_POINT('',(-2.8,-1.5,-17.95));
#5657=CARTESIAN_POINT('Origin',(-2.8,0.,-17.95));
#5658=CARTESIAN_POINT('',(-2.8,-1.5,-14.7));
#5659=CARTESIAN_POINT('',(-2.8,-2.6,-14.7));
#5660=CARTESIAN_POINT('',(-2.8,-2.6,-14.7));
#5661=CARTESIAN_POINT('',(-2.8,2.6,-14.7));
#5662=CARTESIAN_POINT('',(-2.8,-1.3,-14.7));
#5663=CARTESIAN_POINT('',(-2.8,2.6,-14.7));
#5664=CARTESIAN_POINT('Origin',(-1.4,0.,-17.95));
#5665=CARTESIAN_POINT('',(-1.1,-1.5,-17.95));
#5666=CARTESIAN_POINT('',(-1.4,1.5,-17.95));
#5667=CARTESIAN_POINT('Origin',(-2.2,-1.5,-14.7));
#5668=CARTESIAN_POINT('Origin',(-2.8,1.5,-14.7));
#5669=CARTESIAN_POINT('Origin',(0.,0.,-14.7));
#5670=CARTESIAN_POINT('',(-1.1,-2.6,-14.7));
#5671=CARTESIAN_POINT('',(-1.4,2.6,-14.7));
#5672=CARTESIAN_POINT('Origin',(-2.8,2.6,-14.7));
#5673=CARTESIAN_POINT('Origin',(-2.2,-2.6,-14.7));
#5674=CARTESIAN_POINT('Origin',(0.,0.,-15.2));
#5675=CARTESIAN_POINT('',(2.2,1.5,-15.2));
#5676=CARTESIAN_POINT('',(2.8,1.5,-15.2));
#5677=CARTESIAN_POINT('',(1.1,1.5,-15.2));
#5678=CARTESIAN_POINT('',(2.2,2.35,-15.2));
#5679=CARTESIAN_POINT('',(2.2,-1.3,-15.2));
#5680=CARTESIAN_POINT('',(2.8,2.35,-15.2));
#5681=CARTESIAN_POINT('',(1.1,2.35,-15.2));
#5682=CARTESIAN_POINT('',(2.8,1.3,-15.2));
#5683=CARTESIAN_POINT('Origin',(1.1,2.35,-14.95));
#5684=CARTESIAN_POINT('',(2.8,2.6,-14.95));
#5685=CARTESIAN_POINT('Origin',(2.8,2.35,-14.95));
#5686=CARTESIAN_POINT('',(2.2,2.6,-14.95));
#5687=CARTESIAN_POINT('Origin',(2.2,2.35,-14.95));
#5688=CARTESIAN_POINT('',(1.1,2.6,-14.95));
#5689=CARTESIAN_POINT('Origin',(0.,0.,-15.2));
#5690=CARTESIAN_POINT('',(2.8,-1.5,-15.2));
#5691=CARTESIAN_POINT('',(2.2,-1.5,-15.2));
#5692=CARTESIAN_POINT('',(1.4,-1.5,-15.2));
#5693=CARTESIAN_POINT('',(2.8,-2.35,-15.2));
#5694=CARTESIAN_POINT('',(2.8,1.3,-15.2));
#5695=CARTESIAN_POINT('',(2.2,-2.35,-15.2));
#5696=CARTESIAN_POINT('',(1.4,-2.35,-15.2));
#5697=CARTESIAN_POINT('',(2.2,-1.3,-15.2));
#5698=CARTESIAN_POINT('Origin',(1.4,-2.35,-14.95));
#5699=CARTESIAN_POINT('',(2.2,-2.6,-14.95));
#5700=CARTESIAN_POINT('Origin',(2.2,-2.35,-14.95));
#5701=CARTESIAN_POINT('',(2.8,-2.6,-14.95));
#5702=CARTESIAN_POINT('Origin',(2.8,-2.35,-14.95));
#5703=CARTESIAN_POINT('',(1.4,-2.6,-14.95));
#5704=CARTESIAN_POINT('Origin',(2.8,-2.6,-14.7));
#5705=CARTESIAN_POINT('',(2.8,-2.6,-14.7));
#5706=CARTESIAN_POINT('',(2.8,-2.6,-14.7));
#5707=CARTESIAN_POINT('',(2.2,-2.6,-14.7));
#5708=CARTESIAN_POINT('',(1.4,-2.6,-14.7));
#5709=CARTESIAN_POINT('',(2.2,-2.6,-14.7));
#5710=CARTESIAN_POINT('Origin',(2.2,2.6,-14.7));
#5711=CARTESIAN_POINT('',(2.2,2.6,-14.7));
#5712=CARTESIAN_POINT('',(2.2,2.6,-14.7));
#5713=CARTESIAN_POINT('',(2.8,2.6,-14.7));
#5714=CARTESIAN_POINT('',(1.1,2.6,-14.7));
#5715=CARTESIAN_POINT('',(2.8,2.6,-14.7));
#5716=CARTESIAN_POINT('Origin',(2.8,-1.5,-14.7));
#5717=CARTESIAN_POINT('',(2.2,-1.5,-17.95));
#5718=CARTESIAN_POINT('',(2.2,-1.5,-14.7));
#5719=CARTESIAN_POINT('',(2.8,-1.5,-17.95));
#5720=CARTESIAN_POINT('',(1.4,-1.5,-17.95));
#5721=CARTESIAN_POINT('',(2.8,-1.5,-14.7));
#5722=CARTESIAN_POINT('Origin',(2.2,-1.5,-14.7));
#5723=CARTESIAN_POINT('',(2.2,1.5,-17.95));
#5724=CARTESIAN_POINT('',(2.2,1.5,-14.7));
#5725=CARTESIAN_POINT('Origin',(2.2,0.,-17.95));
#5726=CARTESIAN_POINT('',(2.2,-0.75,-14.7));
#5727=CARTESIAN_POINT('',(2.2,0.5,-17.95));
#5728=CARTESIAN_POINT('Origin',(2.2,0.,-17.95));
#5729=CARTESIAN_POINT('Origin',(0.2,0.,-17.95));
#5730=CARTESIAN_POINT('',(2.8,0.5,-17.95));
#5731=CARTESIAN_POINT('',(0.2,0.5,-17.95));
#5732=CARTESIAN_POINT('Origin',(2.8,0.,-17.95));
#5733=CARTESIAN_POINT('Origin',(1.4,0.,-17.95));
#5734=CARTESIAN_POINT('',(2.8,1.5,-17.95));
#5735=CARTESIAN_POINT('',(1.1,1.5,-17.95));
#5736=CARTESIAN_POINT('Origin',(2.8,0.,-17.95));
#5737=CARTESIAN_POINT('Origin',(2.8,1.5,-14.7));
#5738=CARTESIAN_POINT('',(2.8,1.5,-14.7));
#5739=CARTESIAN_POINT('',(2.8,1.3,-14.7));
#5740=CARTESIAN_POINT('Origin',(2.2,1.5,-14.7));
#5741=CARTESIAN_POINT('Origin',(0.,0.,-14.7));
#5742=UNCERTAINTY_MEASURE_WITH_UNIT(LENGTH_MEASURE(0.01),#5746,
'DISTANCE_ACCURACY_VALUE',
'Maximum model space distance between geometric entities at asserted c
onnectivities');
#5743=UNCERTAINTY_MEASURE_WITH_UNIT(LENGTH_MEASURE(0.01),#5746,
'DISTANCE_ACCURACY_VALUE',
'Maximum model space distance between geometric entities at asserted c
onnectivities');
#5744=(
GEOMETRIC_REPRESENTATION_CONTEXT(3)
GLOBAL_UNCERTAINTY_ASSIGNED_CONTEXT((#5742))
GLOBAL_UNIT_ASSIGNED_CONTEXT((#5746,#5748,#5749))
REPRESENTATION_CONTEXT('','3D')
);
#5745=(
GEOMETRIC_REPRESENTATION_CONTEXT(3)
GLOBAL_UNCERTAINTY_ASSIGNED_CONTEXT((#5743))
GLOBAL_UNIT_ASSIGNED_CONTEXT((#5746,#5748,#5749))
REPRESENTATION_CONTEXT('','3D')
);
#5746=(
LENGTH_UNIT()
NAMED_UNIT(*)
SI_UNIT(.MILLI.,.METRE.)
);
#5747=(
LENGTH_UNIT()
NAMED_UNIT(*)
SI_UNIT($,.METRE.)
);
#5748=(
NAMED_UNIT(*)
PLANE_ANGLE_UNIT()
SI_UNIT($,.RADIAN.)
);
#5749=(
NAMED_UNIT(*)
SI_UNIT($,.STERADIAN.)
SOLID_ANGLE_UNIT()
);
#5750=SHAPE_DEFINITION_REPRESENTATION(#5751,#5752);
#5751=PRODUCT_DEFINITION_SHAPE('',$,#5754);
#5752=SHAPE_REPRESENTATION('',(#1809),#5744);
#5753=PRODUCT_DEFINITION_CONTEXT('part definition',#5758,'design');
#5754=PRODUCT_DEFINITION('PushButtonSwitch','PushButtonSwitch v3',#5755,
#5753);
#5755=PRODUCT_DEFINITION_FORMATION('',$,#5760);
#5756=PRODUCT_RELATED_PRODUCT_CATEGORY('PushButtonSwitch v3',
'PushButtonSwitch v3',(#5760));
#5757=APPLICATION_PROTOCOL_DEFINITION('international standard',
'automotive_design',2009,#5758);
#5758=APPLICATION_CONTEXT(
'Core Data for Automotive Mechanical Design Process');
#5759=PRODUCT_CONTEXT('part definition',#5758,'mechanical');
#5760=PRODUCT('PushButtonSwitch','PushButtonSwitch v3',$,(#5759));
#5761=PRESENTATION_STYLE_ASSIGNMENT((#5764));
#5762=PRESENTATION_STYLE_ASSIGNMENT((#5765));
#5763=PRESENTATION_STYLE_ASSIGNMENT((#5766));
#5764=SURFACE_STYLE_USAGE(.BOTH.,#5767);
#5765=SURFACE_STYLE_USAGE(.BOTH.,#5768);
#5766=SURFACE_STYLE_USAGE(.BOTH.,#5769);
#5767=SURFACE_SIDE_STYLE('',(#5770));
#5768=SURFACE_SIDE_STYLE('',(#5771));
#5769=SURFACE_SIDE_STYLE('',(#5772));
#5770=SURFACE_STYLE_FILL_AREA(#5773);
#5771=SURFACE_STYLE_FILL_AREA(#5774);
#5772=SURFACE_STYLE_FILL_AREA(#5775);
#5773=FILL_AREA_STYLE('Steel - Satin',(#5776));
#5774=FILL_AREA_STYLE('Powder Coat (Black)',(#5777));
#5775=FILL_AREA_STYLE('Powder Coat - Rough (Red)',(#5778));
#5776=FILL_AREA_STYLE_COLOUR('Steel - Satin',#5779);
#5777=FILL_AREA_STYLE_COLOUR('Powder Coat (Black)',#5780);
#5778=FILL_AREA_STYLE_COLOUR('Powder Coat - Rough (Red)',#5781);
#5779=COLOUR_RGB('Steel - Satin',0.627450980392157,0.627450980392157,0.627450980392157);
#5780=COLOUR_RGB('Powder Coat (Black)',0.0980392156862745,0.0980392156862745,
0.0980392156862745);
#5781=COLOUR_RGB('Powder Coat - Rough (Red)',0.768627450980392,0.207843137254902,
0.152941176470588);
ENDSEC;
END-ISO-10303-21;
